Build started 07/27/2026 00:59:17.
Environment at start of build:
MSBUILDFAILONDRIVEENUMERATINGWILDCARD = 1
MSBuildExtensionsPath = /home/melkov/.dotnet/sdk/10.0.302/
MSBuildLoadMicrosoftTargetsReadOnly = true
MSBUILDUSESERVER = 0
DOTNET_CLI_TELEMETRY_SESSIONID = 051353a4-b21f-4a39-8725-5391a0315841
DOTNET_HOST_PATH = /home/melkov/.dotnet/dotnet
MSBuildSDKsPath = /home/melkov/.dotnet/sdk/10.0.302/Sdks

Logging verbosity is set to: Diagnostic.00:59:17.947     0>Terminal Logger was not used because the output is being redirected to a file.
                   Process = "/home/melkov/.dotnet/dotnet"
                   MSBuild executable path = "/home/melkov/.dotnet/sdk/10.0.302/MSBuild"
                   Command line arguments = "/home/melkov/.dotnet/sdk/10.0.302/MSBuild -maxcpucount --verbosity:m -tlp:default=auto --property:Restore=false --target:Build Game/Game.csproj -flp:v=diag -distributedlogger:Microsoft.DotNet.Cli.Commands.MSBuild.MSBuildLogger,/home/melkov/.dotnet/sdk/10.0.302/dotnet.dll*Microsoft.DotNet.Cli.Commands.MSBuild.MSBuildForwardingLogger,/home/melkov/.dotnet/sdk/10.0.302/dotnet.dll"
                   Current directory = "/mnt/projects/mlkvs/vecxy.game"
                   MSBuild version = "18.6.11+35b593beb"
                   The SDK "Microsoft.NET.Sdk" was successfully resolved by the "DefaultSdkResolver" resolver to location "/home/melkov/.dotnet/sdk/10.0.302/Sdks/Microsoft.NET.Sdk/Sdk" and version "".
                   /home/melkov/.dotnet/sdk/10.0.302/Sdks/Microsoft.NET.Sdk/Sdk/Sdk.props(49,11): message : Property 'MSBuildExtensionsPath' with value '/home/melkov/.dotnet/sdk/10.0.302/' expanded from the environment.
                   /home/melkov/.dotnet/sdk/10.0.302/Current/Microsoft.Common.props(60,5): message : Property reassignment: $(MSBuildProjectExtensionsPath)="/mnt/projects/mlkvs/vecxy.game/Game/obj/" (previous value: "obj\") at /home/melkov/.dotnet/sdk/10.0.302/Current/Microsoft.Common.props (60,5)
                   Assembly loaded during Evaluation: System.Threading.Tasks.Parallel, Version=10.0.0.0, Culture=neutral, PublicKeyToken=b03f5f7f11d50a3a (location: /home/melkov/.dotnet/shared/Microsoft.NETCore.App/10.0.10/System.Threading.Tasks.Parallel.dll, MVID: 820db89a-3143-443e-a06f-d79279c8d402, AssemblyLoadContext: Default)
                   /home/melkov/.dotnet/sdk/10.0.302/Current/Microsoft.Common.props(84,119): message : Property 'MSBuildUserExtensionsPath' with value '/home/melkov/.local/share/Microsoft\MSBuild' expanded from the environment.
                   /home/melkov/.dotnet/sdk/10.0.302/Sdks/Microsoft.NET.Sdk/targets/Microsoft.NET.Sdk.props(90,5): message : Property reassignment: $(AssemblySearchPaths)="{CandidateAssemblyFiles};{HintPathFromItem}" (previous value: "{CandidateAssemblyFiles}") at /home/melkov/.dotnet/sdk/10.0.302/Sdks/Microsoft.NET.Sdk/targets/Microsoft.NET.Sdk.props (90,5)
                   /home/melkov/.dotnet/sdk/10.0.302/Sdks/Microsoft.NET.Sdk/targets/Microsoft.NET.Sdk.props(91,5): message : Property reassignment: $(AssemblySearchPaths)="{CandidateAssemblyFiles};{HintPathFromItem};{TargetFrameworkDirectory}" (previous value: "{CandidateAssemblyFiles};{HintPathFromItem}") at /home/melkov/.dotnet/sdk/10.0.302/Sdks/Microsoft.NET.Sdk/targets/Microsoft.NET.Sdk.props (91,5)
                   /home/melkov/.dotnet/sdk/10.0.302/Sdks/Microsoft.NET.Sdk/targets/Microsoft.NET.Sdk.props(92,5): message : Property reassignment: $(AssemblySearchPaths)="{CandidateAssemblyFiles};{HintPathFromItem};{TargetFrameworkDirectory};{RawFileName}" (previous value: "{CandidateAssemblyFiles};{HintPathFromItem};{TargetFrameworkDirectory}") at /home/melkov/.dotnet/sdk/10.0.302/Sdks/Microsoft.NET.Sdk/targets/Microsoft.NET.Sdk.props (92,5)
                   The "DefaultSdkResolver" resolver attempted to resolve the SDK "Microsoft.NET.SDK.WorkloadAutoImportPropsLocator".
                   Warnings: null
                   Errors: MSB4276: The default SDK resolver failed to resolve SDK "Microsoft.NET.SDK.WorkloadAutoImportPropsLocator" because directory "/home/melkov/.dotnet/sdk/10.0.302/Sdks/Microsoft.NET.SDK.WorkloadAutoImportPropsLocator/Sdk" did not exist.
                   Assembly loaded during Evaluation: Microsoft.NET.Sdk.WorkloadMSBuildSdkResolver, Version=10.0.302.0, Culture=neutral, PublicKeyToken=31bf3856ad364e35 (location: /home/melkov/.dotnet/sdk/10.0.302/Microsoft.NET.Sdk.WorkloadMSBuildSdkResolver.dll, MVID: f0a69896-c49e-4bff-8e8b-d8bfbc24174d, AssemblyLoadContext: MSBuild plugin /home/melkov/.dotnet/sdk/10.0.302/Microsoft.NET.Sdk.WorkloadMSBuildSdkResolver.dll)
                   Assembly loaded during Evaluation: Microsoft.Build.NuGetSdkResolver, Version=7.6.0.0, Culture=neutral, PublicKeyToken=31bf3856ad364e35 (location: /home/melkov/.dotnet/sdk/10.0.302/Microsoft.Build.NuGetSdkResolver.dll, MVID: e2ad06a8-dd82-4974-bd0f-dc318042e0e7, AssemblyLoadContext: MSBuild plugin /home/melkov/.dotnet/sdk/10.0.302/Microsoft.Build.NuGetSdkResolver.dll)
                   Assembly loaded during Evaluation: NuGet.Common, Version=7.6.0.0, Culture=neutral, PublicKeyToken=31bf3856ad364e35 (location: /home/melkov/.dotnet/sdk/10.0.302/NuGet.Common.dll, MVID: 1d533b2f-8c7a-42bf-b433-8787abc70d88, AssemblyLoadContext: MSBuild plugin /home/melkov/.dotnet/sdk/10.0.302/Microsoft.Build.NuGetSdkResolver.dll)
                   Assembly loaded during Evaluation: Microsoft.DotNet.Cli.CoreUtils, Version=10.0.302.0, Culture=neutral, PublicKeyToken=adb9793829ddae60 (location: /home/melkov/.dotnet/sdk/10.0.302/Microsoft.DotNet.Cli.CoreUtils.dll, MVID: 9a4baa48-a768-4c36-8cbf-37b02859f15c, AssemblyLoadContext: MSBuild plugin /home/melkov/.dotnet/sdk/10.0.302/Microsoft.NET.Sdk.WorkloadMSBuildSdkResolver.dll)
                   Assembly loaded during Evaluation: Microsoft.NET.Sdk.WorkloadManifestReader, Version=10.0.302.0, Culture=neutral, PublicKeyToken=adb9793829ddae60 (location: /home/melkov/.dotnet/sdk/10.0.302/Microsoft.NET.Sdk.WorkloadManifestReader.dll, MVID: 52041a43-5fb1-4fa4-ba77-106b09113342, AssemblyLoadContext: MSBuild plugin /home/melkov/.dotnet/sdk/10.0.302/Microsoft.NET.Sdk.WorkloadMSBuildSdkResolver.dll)
                   Assembly loaded during Evaluation: Microsoft.Deployment.DotNet.Releases, Version=2.0.0.0, Culture=neutral, PublicKeyToken=31bf3856ad364e35 (location: /home/melkov/.dotnet/sdk/10.0.302/Microsoft.Deployment.DotNet.Releases.dll, MVID: 2c0d9534-e211-4d4d-9419-0799af0445a8, AssemblyLoadContext: MSBuild plugin /home/melkov/.dotnet/sdk/10.0.302/Microsoft.NET.Sdk.WorkloadMSBuildSdkResolver.dll)
                   The SDK "Microsoft.NET.SDK.WorkloadAutoImportPropsLocator" was successfully resolved by the "Microsoft.DotNet.MSBuildWorkloadSdkResolver" resolver to location "null" and version "null".
                   /mnt/projects/mlkvs/vecxy.game/Game/Game.csproj(3,5): message : Property reassignment: $(OutputType)="Exe" (previous value: "Library") at /mnt/projects/mlkvs/vecxy.game/Game/Game.csproj (3,5)
                   /home/melkov/.dotnet/sdk/10.0.302/Sdks/Microsoft.NET.Sdk/targets/Microsoft.NET.Sdk.ImportPublishProfile.targets(28,5): message : Property reassignment: $(PublishProfileImported)="false" (previous value: "true") at /home/melkov/.dotnet/sdk/10.0.302/Sdks/Microsoft.NET.Sdk/targets/Microsoft.NET.Sdk.ImportPublishProfile.targets (28,5)
                   Assembly loaded during Evaluation: NuGet.Frameworks, Version=7.6.0.0, Culture=neutral, PublicKeyToken=31bf3856ad364e35 (location: /home/melkov/.dotnet/sdk/10.0.302/NuGet.Frameworks.dll, MVID: c4cafa43-d702-49ee-8363-9ecb2a53f304, AssemblyLoadContext: Assembly.LoadFile(/home/melkov/.dotnet/sdk/10.0.302/NuGet.Frameworks.dll))
                   /home/melkov/.dotnet/sdk/10.0.302/Sdks/Microsoft.NET.Sdk/targets/Microsoft.NET.TargetFrameworkInference.targets(81,5): message : Property reassignment: $(TargetPlatformVersion)="" (previous value: "0.0") at /home/melkov/.dotnet/sdk/10.0.302/Sdks/Microsoft.NET.Sdk/targets/Microsoft.NET.TargetFrameworkInference.targets (81,5)
                   /home/melkov/.dotnet/sdk/10.0.302/Sdks/Microsoft.NET.Sdk/targets/Microsoft.NET.DefaultOutputPaths.targets(127,5): message : Property reassignment: $(DefaultItemExcludes)=";bin\Debug//**;obj\Debug//**" (previous value: ";bin\Debug//**") at /home/melkov/.dotnet/sdk/10.0.302/Sdks/Microsoft.NET.Sdk/targets/Microsoft.NET.DefaultOutputPaths.targets (127,5)
                   /home/melkov/.dotnet/sdk/10.0.302/Sdks/Microsoft.NET.Sdk/targets/Microsoft.NET.DefaultOutputPaths.targets(142,5): message : Property reassignment: $(OutputPath)="bin\Debug/net10.0/" (previous value: "bin\Debug/") at /home/melkov/.dotnet/sdk/10.0.302/Sdks/Microsoft.NET.Sdk/targets/Microsoft.NET.DefaultOutputPaths.targets (142,5)
                   /home/melkov/.dotnet/sdk/10.0.302/Sdks/Microsoft.NET.Sdk/targets/Microsoft.NET.DefaultOutputPaths.targets(147,5): message : Property reassignment: $(IntermediateOutputPath)="obj\Debug/net10.0/" (previous value: "obj\Debug/") at /home/melkov/.dotnet/sdk/10.0.302/Sdks/Microsoft.NET.Sdk/targets/Microsoft.NET.DefaultOutputPaths.targets (147,5)
                   The "DefaultSdkResolver" resolver attempted to resolve the SDK "Microsoft.NET.SDK.WorkloadManifestTargetsLocator".
                   Warnings: null
                   Errors: MSB4276: The default SDK resolver failed to resolve SDK "Microsoft.NET.SDK.WorkloadManifestTargetsLocator" because directory "/home/melkov/.dotnet/sdk/10.0.302/Sdks/Microsoft.NET.SDK.WorkloadManifestTargetsLocator/Sdk" did not exist.
                   The SDK "Microsoft.NET.SDK.WorkloadManifestTargetsLocator" was successfully resolved by the "Microsoft.DotNet.MSBuildWorkloadSdkResolver" resolver to location "/home/melkov/.dotnet/sdk-manifests/10.0.100/microsoft.net.sdk.android/36.1.2" and version "null".
                   /home/melkov/.dotnet/sdk/10.0.302/Sdks/Microsoft.NET.Sdk/targets/Microsoft.NET.Sdk.BeforeCommon.targets(379,5): message : Property reassignment: $(RoslynTargetsPath)="/home/melkov/.dotnet/sdk/10.0.302/Sdks/Microsoft.NET.Sdk/targets/../../../Roslyn" (previous value: "/home/melkov/.dotnet/sdk/10.0.302/Roslyn") at /home/melkov/.dotnet/sdk/10.0.302/Sdks/Microsoft.NET.Sdk/targets/Microsoft.NET.Sdk.BeforeCommon.targets (379,5)
                   /home/melkov/.dotnet/sdk/10.0.302/Roslyn/Microsoft.Managed.Core.targets(6,5): message : Property reassignment: $(_BuildTasksDirectory)="/home/melkov/.dotnet/sdk/10.0.302/Sdks/Microsoft.NET.Sdk/targets/../../../Roslyn/" (previous value: "/home/melkov/.dotnet/sdk/10.0.302/Roslyn/") at /home/melkov/.dotnet/sdk/10.0.302/Roslyn/Microsoft.Managed.Core.targets (6,5)
                   /home/melkov/.dotnet/sdk/10.0.302/Roslyn/Microsoft.CSharp.Core.targets(213,5): message : Property reassignment: $(CommandLineArgsForDesignTimeEvaluation)="-langversion:14.0 -define:TRACE" (previous value: "-langversion:14.0") at /home/melkov/.dotnet/sdk/10.0.302/Roslyn/Microsoft.CSharp.Core.targets (213,5)
                   Assembly loaded during Evaluation: Microsoft.Build.Utilities.Core, Version=15.1.0.0, Culture=neutral, PublicKeyToken=b03f5f7f11d50a3a (location: /home/melkov/.dotnet/sdk/10.0.302/Microsoft.Build.Utilities.Core.dll, MVID: 4f29a201-c6be-4548-a506-8b63760d1865, AssemblyLoadContext: Default)
                   /home/melkov/.dotnet/sdk/10.0.302/Microsoft.Common.CurrentVersion.targets(175,5): message : Property reassignment: $(_DebugSymbolsProduced)="true" (previous value: "false") at /home/melkov/.dotnet/sdk/10.0.302/Microsoft.Common.CurrentVersion.targets (175,5)
                   /home/melkov/.dotnet/sdk/10.0.302/Microsoft.Common.CurrentVersion.targets(185,5): message : Property reassignment: $(_DocumentationFileProduced)="false" (previous value: "true") at /home/melkov/.dotnet/sdk/10.0.302/Microsoft.Common.CurrentVersion.targets (185,5)
                   /home/melkov/.dotnet/sdk/10.0.302/Microsoft.Common.CurrentVersion.targets(393,5): message : Property reassignment: $(MSBuildCopyMarkerName)="Game.csproj.Up2Date" (previous value: "Game.csproj") at /home/melkov/.dotnet/sdk/10.0.302/Microsoft.Common.CurrentVersion.targets (393,5)
                   /home/melkov/.dotnet/sdk/10.0.302/Microsoft.Common.CurrentVersion.targets(541,5): message : Property reassignment: $(ProcessorArchitecture)="msil" (previous value: "") at /home/melkov/.dotnet/sdk/10.0.302/Microsoft.Common.CurrentVersion.targets (541,5)
                   /home/melkov/.dotnet/sdk/10.0.302/Microsoft.Common.CurrentVersion.targets(580,5): message : Property reassignment: $(DelaySign)="" (previous value: "false") at /home/melkov/.dotnet/sdk/10.0.302/Microsoft.Common.CurrentVersion.targets (580,5)
                   /home/melkov/.dotnet/sdk/10.0.302/Microsoft.Common.CurrentVersion.targets(2622,5): message : Property 'LocalAppData' with value '/home/melkov/.local/share' expanded from the environment.
                   /home/melkov/.dotnet/sdk/10.0.302/Microsoft.Common.CurrentVersion.targets(3950,5): message : Property reassignment: $(_SGenGenerateSerializationAssembliesConfig)="Auto" (previous value: "") at /home/melkov/.dotnet/sdk/10.0.302/Microsoft.Common.CurrentVersion.targets (3950,5)
                   /home/melkov/.dotnet/sdk/10.0.302/Microsoft.Common.CurrentVersion.targets(3951,5): message : Property reassignment: $(_SGenGenerateSerializationAssembliesConfig)="Off" (previous value: "Auto") at /home/melkov/.dotnet/sdk/10.0.302/Microsoft.Common.CurrentVersion.targets (3951,5)
                   /home/melkov/.dotnet/sdk/10.0.302/Microsoft.Common.CurrentVersion.targets(5162,5): message : Property reassignment: $(_TargetsThatPrepareProjectReferences)="
                   /home/melkov/.dotnet/sdk/10.0.302/Microsoft.Common.CurrentVersion.targets(5162,5): message :       AssignProjectConfiguration;
                   /home/melkov/.dotnet/sdk/10.0.302/Microsoft.Common.CurrentVersion.targets(5162,5): message :       _SplitProjectReferencesByFileExistence
                   /home/melkov/.dotnet/sdk/10.0.302/Microsoft.Common.CurrentVersion.targets(5162,5): message :     " (previous value: "_SplitProjectReferencesByFileExistence") at /home/melkov/.dotnet/sdk/10.0.302/Microsoft.Common.CurrentVersion.targets (5162,5)
                   /home/melkov/.dotnet/sdk/10.0.302/Microsoft.Common.CurrentVersion.targets(6975,5): message : Property 'MSBuildExtensionsPath32' with value '/home/melkov/.dotnet/sdk/10.0.302' expanded from the environment.
                   /home/melkov/.dotnet/sdk/10.0.302/Sdks/Microsoft.NET.Sdk/targets/Microsoft.PackageDependencyResolution.targets(29,5): message : Property reassignment: $(ProjectAssetsCacheFile)="/mnt/projects/mlkvs/vecxy.game/Game/obj/Debug/net10.0/Game.assets.cache" (previous value: "obj\Debug/net10.0/Game.assets.cache") at /home/melkov/.dotnet/sdk/10.0.302/Sdks/Microsoft.NET.Sdk/targets/Microsoft.PackageDependencyResolution.targets (29,5)
                   /home/melkov/.dotnet/sdk/10.0.302/Sdks/Microsoft.NET.Sdk/targets/Microsoft.PackageDependencyResolution.targets(80,5): message : Property reassignment: $(ResolveAssemblyReferencesDependsOn)="
                   /home/melkov/.dotnet/sdk/10.0.302/Sdks/Microsoft.NET.Sdk/targets/Microsoft.PackageDependencyResolution.targets(80,5): message :       
                   /home/melkov/.dotnet/sdk/10.0.302/Sdks/Microsoft.NET.Sdk/targets/Microsoft.PackageDependencyResolution.targets(80,5): message :       ResolveProjectReferences;
                   /home/melkov/.dotnet/sdk/10.0.302/Sdks/Microsoft.NET.Sdk/targets/Microsoft.PackageDependencyResolution.targets(80,5): message :       FindInvalidProjectReferences;
                   /home/melkov/.dotnet/sdk/10.0.302/Sdks/Microsoft.NET.Sdk/targets/Microsoft.PackageDependencyResolution.targets(80,5): message :       GetFrameworkPaths;
                   /home/melkov/.dotnet/sdk/10.0.302/Sdks/Microsoft.NET.Sdk/targets/Microsoft.PackageDependencyResolution.targets(80,5): message :       GetReferenceAssemblyPaths;
                   /home/melkov/.dotnet/sdk/10.0.302/Sdks/Microsoft.NET.Sdk/targets/Microsoft.PackageDependencyResolution.targets(80,5): message :       PrepareForBuild;
                   /home/melkov/.dotnet/sdk/10.0.302/Sdks/Microsoft.NET.Sdk/targets/Microsoft.PackageDependencyResolution.targets(80,5): message :       ResolveSDKReferences;
                   /home/melkov/.dotnet/sdk/10.0.302/Sdks/Microsoft.NET.Sdk/targets/Microsoft.PackageDependencyResolution.targets(80,5): message :       ExpandSDKReferences;
                   /home/melkov/.dotnet/sdk/10.0.302/Sdks/Microsoft.NET.Sdk/targets/Microsoft.PackageDependencyResolution.targets(80,5): message :     ;
                   /home/melkov/.dotnet/sdk/10.0.302/Sdks/Microsoft.NET.Sdk/targets/Microsoft.PackageDependencyResolution.targets(80,5): message :       ResolvePackageDependenciesForBuild;
                   /home/melkov/.dotnet/sdk/10.0.302/Sdks/Microsoft.NET.Sdk/targets/Microsoft.PackageDependencyResolution.targets(80,5): message :       _HandlePackageFileConflicts;
                   /home/melkov/.dotnet/sdk/10.0.302/Sdks/Microsoft.NET.Sdk/targets/Microsoft.PackageDependencyResolution.targets(80,5): message :     " (previous value: "
                   /home/melkov/.dotnet/sdk/10.0.302/Sdks/Microsoft.NET.Sdk/targets/Microsoft.PackageDependencyResolution.targets(80,5): message :       ResolveProjectReferences;
                   /home/melkov/.dotnet/sdk/10.0.302/Sdks/Microsoft.NET.Sdk/targets/Microsoft.PackageDependencyResolution.targets(80,5): message :       FindInvalidProjectReferences;
                   /home/melkov/.dotnet/sdk/10.0.302/Sdks/Microsoft.NET.Sdk/targets/Microsoft.PackageDependencyResolution.targets(80,5): message :       GetFrameworkPaths;
                   /home/melkov/.dotnet/sdk/10.0.302/Sdks/Microsoft.NET.Sdk/targets/Microsoft.PackageDependencyResolution.targets(80,5): message :       GetReferenceAssemblyPaths;
                   /home/melkov/.dotnet/sdk/10.0.302/Sdks/Microsoft.NET.Sdk/targets/Microsoft.PackageDependencyResolution.targets(80,5): message :       PrepareForBuild;
                   /home/melkov/.dotnet/sdk/10.0.302/Sdks/Microsoft.NET.Sdk/targets/Microsoft.PackageDependencyResolution.targets(80,5): message :       ResolveSDKReferences;
                   /home/melkov/.dotnet/sdk/10.0.302/Sdks/Microsoft.NET.Sdk/targets/Microsoft.PackageDependencyResolution.targets(80,5): message :       ExpandSDKReferences;
                   /home/melkov/.dotnet/sdk/10.0.302/Sdks/Microsoft.NET.Sdk/targets/Microsoft.PackageDependencyResolution.targets(80,5): message :     ") at /home/melkov/.dotnet/sdk/10.0.302/Sdks/Microsoft.NET.Sdk/targets/Microsoft.PackageDependencyResolution.targets (80,5)
                   /home/melkov/.dotnet/sdk/10.0.302/Sdks/Microsoft.NET.Sdk/targets/Microsoft.PackageDependencyResolution.targets(86,5): message : Property reassignment: $(PrepareResourcesDependsOn)="
                   /home/melkov/.dotnet/sdk/10.0.302/Sdks/Microsoft.NET.Sdk/targets/Microsoft.PackageDependencyResolution.targets(86,5): message :       ResolvePackageDependenciesForBuild;
                   /home/melkov/.dotnet/sdk/10.0.302/Sdks/Microsoft.NET.Sdk/targets/Microsoft.PackageDependencyResolution.targets(86,5): message :       _HandlePackageFileConflicts;
                   /home/melkov/.dotnet/sdk/10.0.302/Sdks/Microsoft.NET.Sdk/targets/Microsoft.PackageDependencyResolution.targets(86,5): message :       
                   /home/melkov/.dotnet/sdk/10.0.302/Sdks/Microsoft.NET.Sdk/targets/Microsoft.PackageDependencyResolution.targets(86,5): message :       ;
                   /home/melkov/.dotnet/sdk/10.0.302/Sdks/Microsoft.NET.Sdk/targets/Microsoft.PackageDependencyResolution.targets(86,5): message :       PrepareResourceNames;
                   /home/melkov/.dotnet/sdk/10.0.302/Sdks/Microsoft.NET.Sdk/targets/Microsoft.PackageDependencyResolution.targets(86,5): message :       ResGen;
                   /home/melkov/.dotnet/sdk/10.0.302/Sdks/Microsoft.NET.Sdk/targets/Microsoft.PackageDependencyResolution.targets(86,5): message :       CompileLicxFiles
                   /home/melkov/.dotnet/sdk/10.0.302/Sdks/Microsoft.NET.Sdk/targets/Microsoft.PackageDependencyResolution.targets(86,5): message :     
                   /home/melkov/.dotnet/sdk/10.0.302/Sdks/Microsoft.NET.Sdk/targets/Microsoft.PackageDependencyResolution.targets(86,5): message :     " (previous value: "
                   /home/melkov/.dotnet/sdk/10.0.302/Sdks/Microsoft.NET.Sdk/targets/Microsoft.PackageDependencyResolution.targets(86,5): message :       ;
                   /home/melkov/.dotnet/sdk/10.0.302/Sdks/Microsoft.NET.Sdk/targets/Microsoft.PackageDependencyResolution.targets(86,5): message :       PrepareResourceNames;
                   /home/melkov/.dotnet/sdk/10.0.302/Sdks/Microsoft.NET.Sdk/targets/Microsoft.PackageDependencyResolution.targets(86,5): message :       ResGen;
                   /home/melkov/.dotnet/sdk/10.0.302/Sdks/Microsoft.NET.Sdk/targets/Microsoft.PackageDependencyResolution.targets(86,5): message :       CompileLicxFiles
                   /home/melkov/.dotnet/sdk/10.0.302/Sdks/Microsoft.NET.Sdk/targets/Microsoft.PackageDependencyResolution.targets(86,5): message :     ") at /home/melkov/.dotnet/sdk/10.0.302/Sdks/Microsoft.NET.Sdk/targets/Microsoft.PackageDependencyResolution.targets (86,5)
                   /home/melkov/.dotnet/sdk/10.0.302/Sdks/Microsoft.NET.Sdk/targets/Microsoft.NET.Sdk.DefaultItems.targets(35,5): message : Property reassignment: $(DefaultItemExcludes)=";bin\Debug//**;obj\Debug//**;bin\/**" (previous value: ";bin\Debug//**;obj\Debug//**") at /home/melkov/.dotnet/sdk/10.0.302/Sdks/Microsoft.NET.Sdk/targets/Microsoft.NET.Sdk.DefaultItems.targets (35,5)
                   /home/melkov/.dotnet/sdk/10.0.302/Sdks/Microsoft.NET.Sdk/targets/Microsoft.NET.Sdk.DefaultItems.targets(37,5): message : Property reassignment: $(DefaultItemExcludes)=";bin\Debug//**;obj\Debug//**;bin\/**;obj\/**" (previous value: ";bin\Debug//**;obj\Debug//**;bin\/**") at /home/melkov/.dotnet/sdk/10.0.302/Sdks/Microsoft.NET.Sdk/targets/Microsoft.NET.Sdk.DefaultItems.targets (37,5)
                   /home/melkov/.dotnet/sdk/10.0.302/Sdks/Microsoft.NET.Sdk/targets/Microsoft.NET.Sdk.DefaultItems.targets(41,5): message : Property reassignment: $(DefaultItemExcludes)=";bin\Debug//**;obj\Debug//**;bin\/**;obj\/**;bin\Debug/net10.0/publish//**" (previous value: ";bin\Debug//**;obj\Debug//**;bin\/**;obj\/**") at /home/melkov/.dotnet/sdk/10.0.302/Sdks/Microsoft.NET.Sdk/targets/Microsoft.NET.Sdk.DefaultItems.targets (41,5)
                   /home/melkov/.dotnet/sdk/10.0.302/Sdks/Microsoft.NET.Sdk/targets/Microsoft.NET.Sdk.DefaultItems.targets(44,5): message : Property reassignment: $(DefaultItemExcludes)=";bin\Debug//**;obj\Debug//**;bin\/**;obj\/**;bin\Debug/net10.0/publish//**;**/*.user" (previous value: ";bin\Debug//**;obj\Debug//**;bin\/**;obj\/**;bin\Debug/net10.0/publish//**") at /home/melkov/.dotnet/sdk/10.0.302/Sdks/Microsoft.NET.Sdk/targets/Microsoft.NET.Sdk.DefaultItems.targets (44,5)
                   /home/melkov/.dotnet/sdk/10.0.302/Sdks/Microsoft.NET.Sdk/targets/Microsoft.NET.Sdk.DefaultItems.targets(45,5): message : Property reassignment: $(DefaultItemExcludes)=";bin\Debug//**;obj\Debug//**;bin\/**;obj\/**;bin\Debug/net10.0/publish//**;**/*.user;**/*.*proj" (previous value: ";bin\Debug//**;obj\Debug//**;bin\/**;obj\/**;bin\Debug/net10.0/publish//**;**/*.user") at /home/melkov/.dotnet/sdk/10.0.302/Sdks/Microsoft.NET.Sdk/targets/Microsoft.NET.Sdk.DefaultItems.targets (45,5)
                   /home/melkov/.dotnet/sdk/10.0.302/Sdks/Microsoft.NET.Sdk/targets/Microsoft.NET.Sdk.DefaultItems.targets(46,5): message : Property reassignment: $(DefaultItemExcludes)=";bin\Debug//**;obj\Debug//**;bin\/**;obj\/**;bin\Debug/net10.0/publish//**;**/*.user;**/*.*proj;**/*.sln" (previous value: ";bin\Debug//**;obj\Debug//**;bin\/**;obj\/**;bin\Debug/net10.0/publish//**;**/*.user;**/*.*proj") at /home/melkov/.dotnet/sdk/10.0.302/Sdks/Microsoft.NET.Sdk/targets/Microsoft.NET.Sdk.DefaultItems.targets (46,5)
                   /home/melkov/.dotnet/sdk/10.0.302/Sdks/Microsoft.NET.Sdk/targets/Microsoft.NET.Sdk.DefaultItems.targets(47,5): message : Property reassignment: $(DefaultItemExcludes)=";bin\Debug//**;obj\Debug//**;bin\/**;obj\/**;bin\Debug/net10.0/publish//**;**/*.user;**/*.*proj;**/*.sln;**/*.slnx" (previous value: ";bin\Debug//**;obj\Debug//**;bin\/**;obj\/**;bin\Debug/net10.0/publish//**;**/*.user;**/*.*proj;**/*.sln") at /home/melkov/.dotnet/sdk/10.0.302/Sdks/Microsoft.NET.Sdk/targets/Microsoft.NET.Sdk.DefaultItems.targets (47,5)
                   /home/melkov/.dotnet/sdk/10.0.302/Sdks/Microsoft.NET.Sdk/targets/Microsoft.NET.Sdk.DefaultItems.targets(48,5): message : Property reassignment: $(DefaultItemExcludes)=";bin\Debug//**;obj\Debug//**;bin\/**;obj\/**;bin\Debug/net10.0/publish//**;**/*.user;**/*.*proj;**/*.sln;**/*.slnx;**/*.vssscc" (previous value: ";bin\Debug//**;obj\Debug//**;bin\/**;obj\/**;bin\Debug/net10.0/publish//**;**/*.user;**/*.*proj;**/*.sln;**/*.slnx") at /home/melkov/.dotnet/sdk/10.0.302/Sdks/Microsoft.NET.Sdk/targets/Microsoft.NET.Sdk.DefaultItems.targets (48,5)
                   /home/melkov/.dotnet/sdk/10.0.302/Sdks/Microsoft.NET.Sdk/targets/Microsoft.NET.Sdk.DefaultItems.targets(49,5): message : Property reassignment: $(DefaultItemExcludes)=";bin\Debug//**;obj\Debug//**;bin\/**;obj\/**;bin\Debug/net10.0/publish//**;**/*.user;**/*.*proj;**/*.sln;**/*.slnx;**/*.vssscc;**/.DS_Store" (previous value: ";bin\Debug//**;obj\Debug//**;bin\/**;obj\/**;bin\Debug/net10.0/publish//**;**/*.user;**/*.*proj;**/*.sln;**/*.slnx;**/*.vssscc") at /home/melkov/.dotnet/sdk/10.0.302/Sdks/Microsoft.NET.Sdk/targets/Microsoft.NET.Sdk.DefaultItems.targets (49,5)
                   /home/melkov/.dotnet/sdk/10.0.302/Sdks/Microsoft.NET.Sdk/targets/Microsoft.NET.Sdk.FrameworkReferenceResolution.targets(14,5): message : Property reassignment: $(ResolveAssemblyReferencesDependsOn)="
                   /home/melkov/.dotnet/sdk/10.0.302/Sdks/Microsoft.NET.Sdk/targets/Microsoft.NET.Sdk.FrameworkReferenceResolution.targets(14,5): message :       
                   /home/melkov/.dotnet/sdk/10.0.302/Sdks/Microsoft.NET.Sdk/targets/Microsoft.NET.Sdk.FrameworkReferenceResolution.targets(14,5): message :       
                   /home/melkov/.dotnet/sdk/10.0.302/Sdks/Microsoft.NET.Sdk/targets/Microsoft.NET.Sdk.FrameworkReferenceResolution.targets(14,5): message :       ResolveProjectReferences;
                   /home/melkov/.dotnet/sdk/10.0.302/Sdks/Microsoft.NET.Sdk/targets/Microsoft.NET.Sdk.FrameworkReferenceResolution.targets(14,5): message :       FindInvalidProjectReferences;
                   /home/melkov/.dotnet/sdk/10.0.302/Sdks/Microsoft.NET.Sdk/targets/Microsoft.NET.Sdk.FrameworkReferenceResolution.targets(14,5): message :       GetFrameworkPaths;
                   /home/melkov/.dotnet/sdk/10.0.302/Sdks/Microsoft.NET.Sdk/targets/Microsoft.NET.Sdk.FrameworkReferenceResolution.targets(14,5): message :       GetReferenceAssemblyPaths;
                   /home/melkov/.dotnet/sdk/10.0.302/Sdks/Microsoft.NET.Sdk/targets/Microsoft.NET.Sdk.FrameworkReferenceResolution.targets(14,5): message :       PrepareForBuild;
                   /home/melkov/.dotnet/sdk/10.0.302/Sdks/Microsoft.NET.Sdk/targets/Microsoft.NET.Sdk.FrameworkReferenceResolution.targets(14,5): message :       ResolveSDKReferences;
                   /home/melkov/.dotnet/sdk/10.0.302/Sdks/Microsoft.NET.Sdk/targets/Microsoft.NET.Sdk.FrameworkReferenceResolution.targets(14,5): message :       ExpandSDKReferences;
                   /home/melkov/.dotnet/sdk/10.0.302/Sdks/Microsoft.NET.Sdk/targets/Microsoft.NET.Sdk.FrameworkReferenceResolution.targets(14,5): message :     ;
                   /home/melkov/.dotnet/sdk/10.0.302/Sdks/Microsoft.NET.Sdk/targets/Microsoft.NET.Sdk.FrameworkReferenceResolution.targets(14,5): message :       ResolvePackageDependenciesForBuild;
                   /home/melkov/.dotnet/sdk/10.0.302/Sdks/Microsoft.NET.Sdk/targets/Microsoft.NET.Sdk.FrameworkReferenceResolution.targets(14,5): message :       _HandlePackageFileConflicts;
                   /home/melkov/.dotnet/sdk/10.0.302/Sdks/Microsoft.NET.Sdk/targets/Microsoft.NET.Sdk.FrameworkReferenceResolution.targets(14,5): message :     ;
                   /home/melkov/.dotnet/sdk/10.0.302/Sdks/Microsoft.NET.Sdk/targets/Microsoft.NET.Sdk.FrameworkReferenceResolution.targets(14,5): message :       ResolveTargetingPackAssets;
                   /home/melkov/.dotnet/sdk/10.0.302/Sdks/Microsoft.NET.Sdk/targets/Microsoft.NET.Sdk.FrameworkReferenceResolution.targets(14,5): message :     " (previous value: "
                   /home/melkov/.dotnet/sdk/10.0.302/Sdks/Microsoft.NET.Sdk/targets/Microsoft.NET.Sdk.FrameworkReferenceResolution.targets(14,5): message :       
                   /home/melkov/.dotnet/sdk/10.0.302/Sdks/Microsoft.NET.Sdk/targets/Microsoft.NET.Sdk.FrameworkReferenceResolution.targets(14,5): message :       ResolveProjectReferences;
                   /home/melkov/.dotnet/sdk/10.0.302/Sdks/Microsoft.NET.Sdk/targets/Microsoft.NET.Sdk.FrameworkReferenceResolution.targets(14,5): message :       FindInvalidProjectReferences;
                   /home/melkov/.dotnet/sdk/10.0.302/Sdks/Microsoft.NET.Sdk/targets/Microsoft.NET.Sdk.FrameworkReferenceResolution.targets(14,5): message :       GetFrameworkPaths;
                   /home/melkov/.dotnet/sdk/10.0.302/Sdks/Microsoft.NET.Sdk/targets/Microsoft.NET.Sdk.FrameworkReferenceResolution.targets(14,5): message :       GetReferenceAssemblyPaths;
                   /home/melkov/.dotnet/sdk/10.0.302/Sdks/Microsoft.NET.Sdk/targets/Microsoft.NET.Sdk.FrameworkReferenceResolution.targets(14,5): message :       PrepareForBuild;
                   /home/melkov/.dotnet/sdk/10.0.302/Sdks/Microsoft.NET.Sdk/targets/Microsoft.NET.Sdk.FrameworkReferenceResolution.targets(14,5): message :       ResolveSDKReferences;
                   /home/melkov/.dotnet/sdk/10.0.302/Sdks/Microsoft.NET.Sdk/targets/Microsoft.NET.Sdk.FrameworkReferenceResolution.targets(14,5): message :       ExpandSDKReferences;
                   /home/melkov/.dotnet/sdk/10.0.302/Sdks/Microsoft.NET.Sdk/targets/Microsoft.NET.Sdk.FrameworkReferenceResolution.targets(14,5): message :     ;
                   /home/melkov/.dotnet/sdk/10.0.302/Sdks/Microsoft.NET.Sdk/targets/Microsoft.NET.Sdk.FrameworkReferenceResolution.targets(14,5): message :       ResolvePackageDependenciesForBuild;
                   /home/melkov/.dotnet/sdk/10.0.302/Sdks/Microsoft.NET.Sdk/targets/Microsoft.NET.Sdk.FrameworkReferenceResolution.targets(14,5): message :       _HandlePackageFileConflicts;
                   /home/melkov/.dotnet/sdk/10.0.302/Sdks/Microsoft.NET.Sdk/targets/Microsoft.NET.Sdk.FrameworkReferenceResolution.targets(14,5): message :     ") at /home/melkov/.dotnet/sdk/10.0.302/Sdks/Microsoft.NET.Sdk/targets/Microsoft.NET.Sdk.FrameworkReferenceResolution.targets (14,5)
                   /home/melkov/.dotnet/sdk/10.0.302/Sdks/Microsoft.NET.Sdk/targets/Microsoft.NET.Sdk.targets(44,5): message : Property reassignment: $(_GenerateRuntimeConfigurationPropertyInputsCache)="/mnt/projects/mlkvs/vecxy.game/Game/obj/Debug/net10.0/Game.genruntimeconfig.cache" (previous value: "obj\Debug/net10.0/Game.genruntimeconfig.cache") at /home/melkov/.dotnet/sdk/10.0.302/Sdks/Microsoft.NET.Sdk/targets/Microsoft.NET.Sdk.targets (44,5)
                   /home/melkov/.dotnet/sdk/10.0.302/Sdks/Microsoft.NET.Sdk/targets/Microsoft.NET.Sdk.targets(46,5): message : Property reassignment: $(_GeneratePublishDependencyFilePropertyInputsCache)="/mnt/projects/mlkvs/vecxy.game/Game/obj/Debug/net10.0/Game.genpublishdeps.cache" (previous value: "obj\Debug/net10.0/Game.genpublishdeps.cache") at /home/melkov/.dotnet/sdk/10.0.302/Sdks/Microsoft.NET.Sdk/targets/Microsoft.NET.Sdk.targets (46,5)
                   /home/melkov/.dotnet/sdk/10.0.302/Sdks/Microsoft.NET.Sdk/targets/Microsoft.NET.Sdk.targets(48,5): message : Property reassignment: $(_GenerateSingleFileBundlePropertyInputsCache)="/mnt/projects/mlkvs/vecxy.game/Game/obj/Debug/net10.0/Game.genbundle.cache" (previous value: "obj\Debug/net10.0/Game.genbundle.cache") at /home/melkov/.dotnet/sdk/10.0.302/Sdks/Microsoft.NET.Sdk/targets/Microsoft.NET.Sdk.targets (48,5)
                   /home/melkov/.dotnet/sdk/10.0.302/Sdks/Microsoft.NET.Sdk/targets/Microsoft.NET.Sdk.targets(81,5): message : Property reassignment: $(GenerateRuntimeConfigDevFile)="false" (previous value: "true") at /home/melkov/.dotnet/sdk/10.0.302/Sdks/Microsoft.NET.Sdk/targets/Microsoft.NET.Sdk.targets (81,5)
                   /home/melkov/.dotnet/sdk/10.0.302/Sdks/Microsoft.NET.Sdk/targets/Microsoft.NET.Sdk.targets(97,5): message : Property 'HOME' with value '/home/melkov' expanded from the environment.
                   /home/melkov/.dotnet/sdk/10.0.302/Sdks/Microsoft.NET.Sdk/targets/Microsoft.NET.Sdk.targets(99,5): message : Property reassignment: $(_DefaultUserProfileRuntimeStorePath)="/home/melkov/.dotnet/store" (previous value: "/home/melkov") at /home/melkov/.dotnet/sdk/10.0.302/Sdks/Microsoft.NET.Sdk/targets/Microsoft.NET.Sdk.targets (99,5)
                   /home/melkov/.dotnet/sdk/10.0.302/Sdks/Microsoft.NET.Sdk/targets/Microsoft.NET.Sdk.targets(144,5): message : Property reassignment: $(AvailablePlatforms)="Any CPU,x86,x64,ARM32" (previous value: "Any CPU,x86,x64") at /home/melkov/.dotnet/sdk/10.0.302/Sdks/Microsoft.NET.Sdk/targets/Microsoft.NET.Sdk.targets (144,5)
                   /home/melkov/.dotnet/sdk/10.0.302/Sdks/Microsoft.NET.Sdk/targets/Microsoft.NET.Sdk.targets(148,5): message : Property reassignment: $(AvailablePlatforms)="Any CPU,x86,x64,ARM32,ARM64" (previous value: "Any CPU,x86,x64,ARM32") at /home/melkov/.dotnet/sdk/10.0.302/Sdks/Microsoft.NET.Sdk/targets/Microsoft.NET.Sdk.targets (148,5)
                   /home/melkov/.dotnet/sdk/10.0.302/Sdks/Microsoft.NET.Sdk/targets/Microsoft.NET.Sdk.targets(204,5): message : Property reassignment: $(CoreBuildDependsOn)="
                   /home/melkov/.dotnet/sdk/10.0.302/Sdks/Microsoft.NET.Sdk/targets/Microsoft.NET.Sdk.targets(204,5): message :       _CheckForBuildWithNoBuild;
                   /home/melkov/.dotnet/sdk/10.0.302/Sdks/Microsoft.NET.Sdk/targets/Microsoft.NET.Sdk.targets(204,5): message :       
                   /home/melkov/.dotnet/sdk/10.0.302/Sdks/Microsoft.NET.Sdk/targets/Microsoft.NET.Sdk.targets(204,5): message :       BuildOnlySettings;
                   /home/melkov/.dotnet/sdk/10.0.302/Sdks/Microsoft.NET.Sdk/targets/Microsoft.NET.Sdk.targets(204,5): message :       PrepareForBuild;
                   /home/melkov/.dotnet/sdk/10.0.302/Sdks/Microsoft.NET.Sdk/targets/Microsoft.NET.Sdk.targets(204,5): message :       PreBuildEvent;
                   /home/melkov/.dotnet/sdk/10.0.302/Sdks/Microsoft.NET.Sdk/targets/Microsoft.NET.Sdk.targets(204,5): message :       ResolveReferences;
                   /home/melkov/.dotnet/sdk/10.0.302/Sdks/Microsoft.NET.Sdk/targets/Microsoft.NET.Sdk.targets(204,5): message :       PrepareResources;
                   /home/melkov/.dotnet/sdk/10.0.302/Sdks/Microsoft.NET.Sdk/targets/Microsoft.NET.Sdk.targets(204,5): message :       ResolveKeySource;
                   /home/melkov/.dotnet/sdk/10.0.302/Sdks/Microsoft.NET.Sdk/targets/Microsoft.NET.Sdk.targets(204,5): message :       Compile;
                   /home/melkov/.dotnet/sdk/10.0.302/Sdks/Microsoft.NET.Sdk/targets/Microsoft.NET.Sdk.targets(204,5): message :       ExportWindowsMDFile;
                   /home/melkov/.dotnet/sdk/10.0.302/Sdks/Microsoft.NET.Sdk/targets/Microsoft.NET.Sdk.targets(204,5): message :       UnmanagedUnregistration;
                   /home/melkov/.dotnet/sdk/10.0.302/Sdks/Microsoft.NET.Sdk/targets/Microsoft.NET.Sdk.targets(204,5): message :       GenerateSerializationAssemblies;
                   /home/melkov/.dotnet/sdk/10.0.302/Sdks/Microsoft.NET.Sdk/targets/Microsoft.NET.Sdk.targets(204,5): message :       CreateSatelliteAssemblies;
                   /home/melkov/.dotnet/sdk/10.0.302/Sdks/Microsoft.NET.Sdk/targets/Microsoft.NET.Sdk.targets(204,5): message :       GenerateManifests;
                   /home/melkov/.dotnet/sdk/10.0.302/Sdks/Microsoft.NET.Sdk/targets/Microsoft.NET.Sdk.targets(204,5): message :       GetTargetPath;
                   /home/melkov/.dotnet/sdk/10.0.302/Sdks/Microsoft.NET.Sdk/targets/Microsoft.NET.Sdk.targets(204,5): message :       PrepareForRun;
                   /home/melkov/.dotnet/sdk/10.0.302/Sdks/Microsoft.NET.Sdk/targets/Microsoft.NET.Sdk.targets(204,5): message :       UnmanagedRegistration;
                   /home/melkov/.dotnet/sdk/10.0.302/Sdks/Microsoft.NET.Sdk/targets/Microsoft.NET.Sdk.targets(204,5): message :       IncrementalClean;
                   /home/melkov/.dotnet/sdk/10.0.302/Sdks/Microsoft.NET.Sdk/targets/Microsoft.NET.Sdk.targets(204,5): message :       PostBuildEvent
                   /home/melkov/.dotnet/sdk/10.0.302/Sdks/Microsoft.NET.Sdk/targets/Microsoft.NET.Sdk.targets(204,5): message :     ;
                   /home/melkov/.dotnet/sdk/10.0.302/Sdks/Microsoft.NET.Sdk/targets/Microsoft.NET.Sdk.targets(204,5): message :       GenerateBuildDependencyFile;
                   /home/melkov/.dotnet/sdk/10.0.302/Sdks/Microsoft.NET.Sdk/targets/Microsoft.NET.Sdk.targets(204,5): message :       GenerateBuildRuntimeConfigurationFiles
                   /home/melkov/.dotnet/sdk/10.0.302/Sdks/Microsoft.NET.Sdk/targets/Microsoft.NET.Sdk.targets(204,5): message :     " (previous value: "
                   /home/melkov/.dotnet/sdk/10.0.302/Sdks/Microsoft.NET.Sdk/targets/Microsoft.NET.Sdk.targets(204,5): message :       BuildOnlySettings;
                   /home/melkov/.dotnet/sdk/10.0.302/Sdks/Microsoft.NET.Sdk/targets/Microsoft.NET.Sdk.targets(204,5): message :       PrepareForBuild;
                   /home/melkov/.dotnet/sdk/10.0.302/Sdks/Microsoft.NET.Sdk/targets/Microsoft.NET.Sdk.targets(204,5): message :       PreBuildEvent;
                   /home/melkov/.dotnet/sdk/10.0.302/Sdks/Microsoft.NET.Sdk/targets/Microsoft.NET.Sdk.targets(204,5): message :       ResolveReferences;
                   /home/melkov/.dotnet/sdk/10.0.302/Sdks/Microsoft.NET.Sdk/targets/Microsoft.NET.Sdk.targets(204,5): message :       PrepareResources;
                   /home/melkov/.dotnet/sdk/10.0.302/Sdks/Microsoft.NET.Sdk/targets/Microsoft.NET.Sdk.targets(204,5): message :       ResolveKeySource;
                   /home/melkov/.dotnet/sdk/10.0.302/Sdks/Microsoft.NET.Sdk/targets/Microsoft.NET.Sdk.targets(204,5): message :       Compile;
                   /home/melkov/.dotnet/sdk/10.0.302/Sdks/Microsoft.NET.Sdk/targets/Microsoft.NET.Sdk.targets(204,5): message :       ExportWindowsMDFile;
                   /home/melkov/.dotnet/sdk/10.0.302/Sdks/Microsoft.NET.Sdk/targets/Microsoft.NET.Sdk.targets(204,5): message :       UnmanagedUnregistration;
                   /home/melkov/.dotnet/sdk/10.0.302/Sdks/Microsoft.NET.Sdk/targets/Microsoft.NET.Sdk.targets(204,5): message :       GenerateSerializationAssemblies;
                   /home/melkov/.dotnet/sdk/10.0.302/Sdks/Microsoft.NET.Sdk/targets/Microsoft.NET.Sdk.targets(204,5): message :       CreateSatelliteAssemblies;
                   /home/melkov/.dotnet/sdk/10.0.302/Sdks/Microsoft.NET.Sdk/targets/Microsoft.NET.Sdk.targets(204,5): message :       GenerateManifests;
                   /home/melkov/.dotnet/sdk/10.0.302/Sdks/Microsoft.NET.Sdk/targets/Microsoft.NET.Sdk.targets(204,5): message :       GetTargetPath;
                   /home/melkov/.dotnet/sdk/10.0.302/Sdks/Microsoft.NET.Sdk/targets/Microsoft.NET.Sdk.targets(204,5): message :       PrepareForRun;
                   /home/melkov/.dotnet/sdk/10.0.302/Sdks/Microsoft.NET.Sdk/targets/Microsoft.NET.Sdk.targets(204,5): message :       UnmanagedRegistration;
                   /home/melkov/.dotnet/sdk/10.0.302/Sdks/Microsoft.NET.Sdk/targets/Microsoft.NET.Sdk.targets(204,5): message :       IncrementalClean;
                   /home/melkov/.dotnet/sdk/10.0.302/Sdks/Microsoft.NET.Sdk/targets/Microsoft.NET.Sdk.targets(204,5): message :       PostBuildEvent
                   /home/melkov/.dotnet/sdk/10.0.302/Sdks/Microsoft.NET.Sdk/targets/Microsoft.NET.Sdk.targets(204,5): message :     ") at /home/melkov/.dotnet/sdk/10.0.302/Sdks/Microsoft.NET.Sdk/targets/Microsoft.NET.Sdk.targets (204,5)
                   /home/melkov/.dotnet/sdk/10.0.302/Sdks/Microsoft.NET.Sdk/targets/Microsoft.NET.Sdk.targets(213,5): message : Property reassignment: $(CoreCleanDependsOn)="
                   /home/melkov/.dotnet/sdk/10.0.302/Sdks/Microsoft.NET.Sdk/targets/Microsoft.NET.Sdk.targets(213,5): message :       _SdkBeforeClean;
                   /home/melkov/.dotnet/sdk/10.0.302/Sdks/Microsoft.NET.Sdk/targets/Microsoft.NET.Sdk.targets(213,5): message :       
                   /home/melkov/.dotnet/sdk/10.0.302/Sdks/Microsoft.NET.Sdk/targets/Microsoft.NET.Sdk.targets(213,5): message :     " (previous value: "") at /home/melkov/.dotnet/sdk/10.0.302/Sdks/Microsoft.NET.Sdk/targets/Microsoft.NET.Sdk.targets (213,5)
                   /home/melkov/.dotnet/sdk/10.0.302/Sdks/Microsoft.NET.Sdk/targets/Microsoft.NET.Sdk.targets(220,5): message : Property reassignment: $(RebuildDependsOn)="
                   /home/melkov/.dotnet/sdk/10.0.302/Sdks/Microsoft.NET.Sdk/targets/Microsoft.NET.Sdk.targets(220,5): message :       _SdkBeforeRebuild;
                   /home/melkov/.dotnet/sdk/10.0.302/Sdks/Microsoft.NET.Sdk/targets/Microsoft.NET.Sdk.targets(220,5): message :       
                   /home/melkov/.dotnet/sdk/10.0.302/Sdks/Microsoft.NET.Sdk/targets/Microsoft.NET.Sdk.targets(220,5): message :       BeforeRebuild;
                   /home/melkov/.dotnet/sdk/10.0.302/Sdks/Microsoft.NET.Sdk/targets/Microsoft.NET.Sdk.targets(220,5): message :       Clean;
                   /home/melkov/.dotnet/sdk/10.0.302/Sdks/Microsoft.NET.Sdk/targets/Microsoft.NET.Sdk.targets(220,5): message :       Build;
                   /home/melkov/.dotnet/sdk/10.0.302/Sdks/Microsoft.NET.Sdk/targets/Microsoft.NET.Sdk.targets(220,5): message :       AfterRebuild;
                   /home/melkov/.dotnet/sdk/10.0.302/Sdks/Microsoft.NET.Sdk/targets/Microsoft.NET.Sdk.targets(220,5): message :     
                   /home/melkov/.dotnet/sdk/10.0.302/Sdks/Microsoft.NET.Sdk/targets/Microsoft.NET.Sdk.targets(220,5): message :     " (previous value: "
                   /home/melkov/.dotnet/sdk/10.0.302/Sdks/Microsoft.NET.Sdk/targets/Microsoft.NET.Sdk.targets(220,5): message :       BeforeRebuild;
                   /home/melkov/.dotnet/sdk/10.0.302/Sdks/Microsoft.NET.Sdk/targets/Microsoft.NET.Sdk.targets(220,5): message :       Clean;
                   /home/melkov/.dotnet/sdk/10.0.302/Sdks/Microsoft.NET.Sdk/targets/Microsoft.NET.Sdk.targets(220,5): message :       Build;
                   /home/melkov/.dotnet/sdk/10.0.302/Sdks/Microsoft.NET.Sdk/targets/Microsoft.NET.Sdk.targets(220,5): message :       AfterRebuild;
                   /home/melkov/.dotnet/sdk/10.0.302/Sdks/Microsoft.NET.Sdk/targets/Microsoft.NET.Sdk.targets(220,5): message :     ") at /home/melkov/.dotnet/sdk/10.0.302/Sdks/Microsoft.NET.Sdk/targets/Microsoft.NET.Sdk.targets (220,5)
                   /home/melkov/.dotnet/sdk/10.0.302/Sdks/Microsoft.NET.Sdk/targets/Microsoft.NET.Sdk.targets(799,5): message : Property reassignment: $(CompileDependsOn)="
                   /home/melkov/.dotnet/sdk/10.0.302/Sdks/Microsoft.NET.Sdk/targets/Microsoft.NET.Sdk.targets(799,5): message :       
                   /home/melkov/.dotnet/sdk/10.0.302/Sdks/Microsoft.NET.Sdk/targets/Microsoft.NET.Sdk.targets(799,5): message :       ResolveReferences;
                   /home/melkov/.dotnet/sdk/10.0.302/Sdks/Microsoft.NET.Sdk/targets/Microsoft.NET.Sdk.targets(799,5): message :       ResolveKeySource;
                   /home/melkov/.dotnet/sdk/10.0.302/Sdks/Microsoft.NET.Sdk/targets/Microsoft.NET.Sdk.targets(799,5): message :       SetWin32ManifestProperties;
                   /home/melkov/.dotnet/sdk/10.0.302/Sdks/Microsoft.NET.Sdk/targets/Microsoft.NET.Sdk.targets(799,5): message :       _SetPreferNativeArm64Win32ManifestProperties;
                   /home/melkov/.dotnet/sdk/10.0.302/Sdks/Microsoft.NET.Sdk/targets/Microsoft.NET.Sdk.targets(799,5): message :       FindReferenceAssembliesForReferences;
                   /home/melkov/.dotnet/sdk/10.0.302/Sdks/Microsoft.NET.Sdk/targets/Microsoft.NET.Sdk.targets(799,5): message :       _GenerateCompileInputs;
                   /home/melkov/.dotnet/sdk/10.0.302/Sdks/Microsoft.NET.Sdk/targets/Microsoft.NET.Sdk.targets(799,5): message :       BeforeCompile;
                   /home/melkov/.dotnet/sdk/10.0.302/Sdks/Microsoft.NET.Sdk/targets/Microsoft.NET.Sdk.targets(799,5): message :       _TimeStampBeforeCompile;
                   /home/melkov/.dotnet/sdk/10.0.302/Sdks/Microsoft.NET.Sdk/targets/Microsoft.NET.Sdk.targets(799,5): message :       _GenerateCompileDependencyCache;
                   /home/melkov/.dotnet/sdk/10.0.302/Sdks/Microsoft.NET.Sdk/targets/Microsoft.NET.Sdk.targets(799,5): message :       CoreCompile;
                   /home/melkov/.dotnet/sdk/10.0.302/Sdks/Microsoft.NET.Sdk/targets/Microsoft.NET.Sdk.targets(799,5): message :       _TimeStampAfterCompile;
                   /home/melkov/.dotnet/sdk/10.0.302/Sdks/Microsoft.NET.Sdk/targets/Microsoft.NET.Sdk.targets(799,5): message :       AfterCompile;
                   /home/melkov/.dotnet/sdk/10.0.302/Sdks/Microsoft.NET.Sdk/targets/Microsoft.NET.Sdk.targets(799,5): message :     ;
                   /home/melkov/.dotnet/sdk/10.0.302/Sdks/Microsoft.NET.Sdk/targets/Microsoft.NET.Sdk.targets(799,5): message :       _CreateAppHost;
                   /home/melkov/.dotnet/sdk/10.0.302/Sdks/Microsoft.NET.Sdk/targets/Microsoft.NET.Sdk.targets(799,5): message :       _CreateComHost;
                   /home/melkov/.dotnet/sdk/10.0.302/Sdks/Microsoft.NET.Sdk/targets/Microsoft.NET.Sdk.targets(799,5): message :       _GetIjwHostPaths;
                   /home/melkov/.dotnet/sdk/10.0.302/Sdks/Microsoft.NET.Sdk/targets/Microsoft.NET.Sdk.targets(799,5): message :     " (previous value: "
                   /home/melkov/.dotnet/sdk/10.0.302/Sdks/Microsoft.NET.Sdk/targets/Microsoft.NET.Sdk.targets(799,5): message :       ResolveReferences;
                   /home/melkov/.dotnet/sdk/10.0.302/Sdks/Microsoft.NET.Sdk/targets/Microsoft.NET.Sdk.targets(799,5): message :       ResolveKeySource;
                   /home/melkov/.dotnet/sdk/10.0.302/Sdks/Microsoft.NET.Sdk/targets/Microsoft.NET.Sdk.targets(799,5): message :       SetWin32ManifestProperties;
                   /home/melkov/.dotnet/sdk/10.0.302/Sdks/Microsoft.NET.Sdk/targets/Microsoft.NET.Sdk.targets(799,5): message :       _SetPreferNativeArm64Win32ManifestProperties;
                   /home/melkov/.dotnet/sdk/10.0.302/Sdks/Microsoft.NET.Sdk/targets/Microsoft.NET.Sdk.targets(799,5): message :       FindReferenceAssembliesForReferences;
                   /home/melkov/.dotnet/sdk/10.0.302/Sdks/Microsoft.NET.Sdk/targets/Microsoft.NET.Sdk.targets(799,5): message :       _GenerateCompileInputs;
                   /home/melkov/.dotnet/sdk/10.0.302/Sdks/Microsoft.NET.Sdk/targets/Microsoft.NET.Sdk.targets(799,5): message :       BeforeCompile;
                   /home/melkov/.dotnet/sdk/10.0.302/Sdks/Microsoft.NET.Sdk/targets/Microsoft.NET.Sdk.targets(799,5): message :       _TimeStampBeforeCompile;
                   /home/melkov/.dotnet/sdk/10.0.302/Sdks/Microsoft.NET.Sdk/targets/Microsoft.NET.Sdk.targets(799,5): message :       _GenerateCompileDependencyCache;
                   /home/melkov/.dotnet/sdk/10.0.302/Sdks/Microsoft.NET.Sdk/targets/Microsoft.NET.Sdk.targets(799,5): message :       CoreCompile;
                   /home/melkov/.dotnet/sdk/10.0.302/Sdks/Microsoft.NET.Sdk/targets/Microsoft.NET.Sdk.targets(799,5): message :       _TimeStampAfterCompile;
                   /home/melkov/.dotnet/sdk/10.0.302/Sdks/Microsoft.NET.Sdk/targets/Microsoft.NET.Sdk.targets(799,5): message :       AfterCompile;
                   /home/melkov/.dotnet/sdk/10.0.302/Sdks/Microsoft.NET.Sdk/targets/Microsoft.NET.Sdk.targets(799,5): message :     ") at /home/melkov/.dotnet/sdk/10.0.302/Sdks/Microsoft.NET.Sdk/targets/Microsoft.NET.Sdk.targets (799,5)
                   /home/melkov/.dotnet/sdk/10.0.302/Sdks/Microsoft.NET.Sdk/targets/Microsoft.NET.Sdk.targets(1131,5): message : Property reassignment: $(CreateSatelliteAssembliesDependsOn)="
                   /home/melkov/.dotnet/sdk/10.0.302/Sdks/Microsoft.NET.Sdk/targets/Microsoft.NET.Sdk.targets(1131,5): message :       
                   /home/melkov/.dotnet/sdk/10.0.302/Sdks/Microsoft.NET.Sdk/targets/Microsoft.NET.Sdk.targets(1131,5): message :       ;
                   /home/melkov/.dotnet/sdk/10.0.302/Sdks/Microsoft.NET.Sdk/targets/Microsoft.NET.Sdk.targets(1131,5): message :       _GenerateSatelliteAssemblyInputs;
                   /home/melkov/.dotnet/sdk/10.0.302/Sdks/Microsoft.NET.Sdk/targets/Microsoft.NET.Sdk.targets(1131,5): message :       ComputeIntermediateSatelliteAssemblies;
                   /home/melkov/.dotnet/sdk/10.0.302/Sdks/Microsoft.NET.Sdk/targets/Microsoft.NET.Sdk.targets(1131,5): message :       GenerateSatelliteAssemblies
                   /home/melkov/.dotnet/sdk/10.0.302/Sdks/Microsoft.NET.Sdk/targets/Microsoft.NET.Sdk.targets(1131,5): message :     ;
                   /home/melkov/.dotnet/sdk/10.0.302/Sdks/Microsoft.NET.Sdk/targets/Microsoft.NET.Sdk.targets(1131,5): message :       CoreGenerateSatelliteAssemblies
                   /home/melkov/.dotnet/sdk/10.0.302/Sdks/Microsoft.NET.Sdk/targets/Microsoft.NET.Sdk.targets(1131,5): message :     " (previous value: "
                   /home/melkov/.dotnet/sdk/10.0.302/Sdks/Microsoft.NET.Sdk/targets/Microsoft.NET.Sdk.targets(1131,5): message :       ;
                   /home/melkov/.dotnet/sdk/10.0.302/Sdks/Microsoft.NET.Sdk/targets/Microsoft.NET.Sdk.targets(1131,5): message :       _GenerateSatelliteAssemblyInputs;
                   /home/melkov/.dotnet/sdk/10.0.302/Sdks/Microsoft.NET.Sdk/targets/Microsoft.NET.Sdk.targets(1131,5): message :       ComputeIntermediateSatelliteAssemblies;
                   /home/melkov/.dotnet/sdk/10.0.302/Sdks/Microsoft.NET.Sdk/targets/Microsoft.NET.Sdk.targets(1131,5): message :       GenerateSatelliteAssemblies
                   /home/melkov/.dotnet/sdk/10.0.302/Sdks/Microsoft.NET.Sdk/targets/Microsoft.NET.Sdk.targets(1131,5): message :     ") at /home/melkov/.dotnet/sdk/10.0.302/Sdks/Microsoft.NET.Sdk/targets/Microsoft.NET.Sdk.targets (1131,5)
                   /home/melkov/.dotnet/sdk/10.0.302/Sdks/Microsoft.SourceLink.GitLab/build/Microsoft.SourceLink.GitLab.targets(12,5): message : Property reassignment: $(SourceLinkUrlInitializerTargets)=";_InitializeGitHubSourceLinkUrl;_InitializeGitLabSourceLinkUrl" (previous value: ";_InitializeGitHubSourceLinkUrl") at /home/melkov/.dotnet/sdk/10.0.302/Sdks/Microsoft.SourceLink.GitLab/build/Microsoft.SourceLink.GitLab.targets (12,5)
                   /home/melkov/.dotnet/sdk/10.0.302/Sdks/Microsoft.SourceLink.GitLab/build/Microsoft.SourceLink.GitLab.targets(13,5): message : Property reassignment: $(SourceControlManagerUrlTranslationTargets)=";TranslateGitHubUrlsInSourceControlInformation;TranslateGitLabUrlsInSourceControlInformation" (previous value: ";TranslateGitHubUrlsInSourceControlInformation") at /home/melkov/.dotnet/sdk/10.0.302/Sdks/Microsoft.SourceLink.GitLab/build/Microsoft.SourceLink.GitLab.targets (13,5)
                   /home/melkov/.dotnet/sdk/10.0.302/Sdks/Microsoft.SourceLink.AzureRepos.Git/build/Microsoft.SourceLink.AzureRepos.Git.targets(12,5): message : Property reassignment: $(SourceLinkUrlInitializerTargets)=";_InitializeGitHubSourceLinkUrl;_InitializeGitLabSourceLinkUrl;_InitializeAzureReposGitSourceLinkUrl" (previous value: ";_InitializeGitHubSourceLinkUrl;_InitializeGitLabSourceLinkUrl") at /home/melkov/.dotnet/sdk/10.0.302/Sdks/Microsoft.SourceLink.AzureRepos.Git/build/Microsoft.SourceLink.AzureRepos.Git.targets (12,5)
                   /home/melkov/.dotnet/sdk/10.0.302/Sdks/Microsoft.SourceLink.AzureRepos.Git/build/Microsoft.SourceLink.AzureRepos.Git.targets(13,5): message : Property reassignment: $(SourceControlManagerUrlTranslationTargets)=";TranslateGitHubUrlsInSourceControlInformation;TranslateGitLabUrlsInSourceControlInformation;TranslateAzureReposGitUrlsInSourceControlInformation" (previous value: ";TranslateGitHubUrlsInSourceControlInformation;TranslateGitLabUrlsInSourceControlInformation") at /home/melkov/.dotnet/sdk/10.0.302/Sdks/Microsoft.SourceLink.AzureRepos.Git/build/Microsoft.SourceLink.AzureRepos.Git.targets (13,5)
                   /home/melkov/.dotnet/sdk/10.0.302/Sdks/Microsoft.SourceLink.Bitbucket.Git/build/Microsoft.SourceLink.Bitbucket.Git.targets(12,5): message : Property reassignment: $(SourceLinkUrlInitializerTargets)=";_InitializeGitHubSourceLinkUrl;_InitializeGitLabSourceLinkUrl;_InitializeAzureReposGitSourceLinkUrl;_InitializeBitbucketGitSourceLinkUrl" (previous value: ";_InitializeGitHubSourceLinkUrl;_InitializeGitLabSourceLinkUrl;_InitializeAzureReposGitSourceLinkUrl") at /home/melkov/.dotnet/sdk/10.0.302/Sdks/Microsoft.SourceLink.Bitbucket.Git/build/Microsoft.SourceLink.Bitbucket.Git.targets (12,5)
                   /home/melkov/.dotnet/sdk/10.0.302/Sdks/Microsoft.SourceLink.Bitbucket.Git/build/Microsoft.SourceLink.Bitbucket.Git.targets(13,5): message : Property reassignment: $(SourceControlManagerUrlTranslationTargets)=";TranslateGitHubUrlsInSourceControlInformation;TranslateGitLabUrlsInSourceControlInformation;TranslateAzureReposGitUrlsInSourceControlInformation;TranslateBitbucketGitUrlsInSourceControlInformation" (previous value: ";TranslateGitHubUrlsInSourceControlInformation;TranslateGitLabUrlsInSourceControlInformation;TranslateAzureReposGitUrlsInSourceControlInformation") at /home/melkov/.dotnet/sdk/10.0.302/Sdks/Microsoft.SourceLink.Bitbucket.Git/build/Microsoft.SourceLink.Bitbucket.Git.targets (13,5)
                   /home/melkov/.dotnet/sdk/10.0.302/Sdks/Microsoft.NET.Sdk/targets/Microsoft.NET.DesignerSupport.targets(21,5): message : Property reassignment: $(DesignerRuntimeImplementationProjectOutputGroupDependsOn)="
                   /home/melkov/.dotnet/sdk/10.0.302/Sdks/Microsoft.NET.Sdk/targets/Microsoft.NET.DesignerSupport.targets(21,5): message :       
                   /home/melkov/.dotnet/sdk/10.0.302/Sdks/Microsoft.NET.Sdk/targets/Microsoft.NET.DesignerSupport.targets(21,5): message :       ;
                   /home/melkov/.dotnet/sdk/10.0.302/Sdks/Microsoft.NET.Sdk/targets/Microsoft.NET.DesignerSupport.targets(21,5): message :       
                   /home/melkov/.dotnet/sdk/10.0.302/Sdks/Microsoft.NET.Sdk/targets/Microsoft.NET.DesignerSupport.targets(21,5): message :       ;
                   /home/melkov/.dotnet/sdk/10.0.302/Sdks/Microsoft.NET.Sdk/targets/Microsoft.NET.DesignerSupport.targets(21,5): message :       BuildOnlySettings;
                   /home/melkov/.dotnet/sdk/10.0.302/Sdks/Microsoft.NET.Sdk/targets/Microsoft.NET.DesignerSupport.targets(21,5): message :       PrepareForBuild;
                   /home/melkov/.dotnet/sdk/10.0.302/Sdks/Microsoft.NET.Sdk/targets/Microsoft.NET.DesignerSupport.targets(21,5): message :       AssignTargetPaths;
                   /home/melkov/.dotnet/sdk/10.0.302/Sdks/Microsoft.NET.Sdk/targets/Microsoft.NET.DesignerSupport.targets(21,5): message :       ResolveReferences
                   /home/melkov/.dotnet/sdk/10.0.302/Sdks/Microsoft.NET.Sdk/targets/Microsoft.NET.DesignerSupport.targets(21,5): message :     
                   /home/melkov/.dotnet/sdk/10.0.302/Sdks/Microsoft.NET.Sdk/targets/Microsoft.NET.DesignerSupport.targets(21,5): message :     ;
                   /home/melkov/.dotnet/sdk/10.0.302/Sdks/Microsoft.NET.Sdk/targets/Microsoft.NET.DesignerSupport.targets(21,5): message :       _GenerateDesignerDepsFile;
                   /home/melkov/.dotnet/sdk/10.0.302/Sdks/Microsoft.NET.Sdk/targets/Microsoft.NET.DesignerSupport.targets(21,5): message :       _GenerateDesignerRuntimeConfigFile;
                   /home/melkov/.dotnet/sdk/10.0.302/Sdks/Microsoft.NET.Sdk/targets/Microsoft.NET.DesignerSupport.targets(21,5): message :       GetCopyToOutputDirectoryItems;
                   /home/melkov/.dotnet/sdk/10.0.302/Sdks/Microsoft.NET.Sdk/targets/Microsoft.NET.DesignerSupport.targets(21,5): message :       _GatherDesignerShadowCopyFiles;
                   /home/melkov/.dotnet/sdk/10.0.302/Sdks/Microsoft.NET.Sdk/targets/Microsoft.NET.DesignerSupport.targets(21,5): message :     " (previous value: "
                   /home/melkov/.dotnet/sdk/10.0.302/Sdks/Microsoft.NET.Sdk/targets/Microsoft.NET.DesignerSupport.targets(21,5): message :       ;
                   /home/melkov/.dotnet/sdk/10.0.302/Sdks/Microsoft.NET.Sdk/targets/Microsoft.NET.DesignerSupport.targets(21,5): message :       
                   /home/melkov/.dotnet/sdk/10.0.302/Sdks/Microsoft.NET.Sdk/targets/Microsoft.NET.DesignerSupport.targets(21,5): message :       ;
                   /home/melkov/.dotnet/sdk/10.0.302/Sdks/Microsoft.NET.Sdk/targets/Microsoft.NET.DesignerSupport.targets(21,5): message :       BuildOnlySettings;
                   /home/melkov/.dotnet/sdk/10.0.302/Sdks/Microsoft.NET.Sdk/targets/Microsoft.NET.DesignerSupport.targets(21,5): message :       PrepareForBuild;
                   /home/melkov/.dotnet/sdk/10.0.302/Sdks/Microsoft.NET.Sdk/targets/Microsoft.NET.DesignerSupport.targets(21,5): message :       AssignTargetPaths;
                   /home/melkov/.dotnet/sdk/10.0.302/Sdks/Microsoft.NET.Sdk/targets/Microsoft.NET.DesignerSupport.targets(21,5): message :       ResolveReferences
                   /home/melkov/.dotnet/sdk/10.0.302/Sdks/Microsoft.NET.Sdk/targets/Microsoft.NET.DesignerSupport.targets(21,5): message :     
                   /home/melkov/.dotnet/sdk/10.0.302/Sdks/Microsoft.NET.Sdk/targets/Microsoft.NET.DesignerSupport.targets(21,5): message :     ") at /home/melkov/.dotnet/sdk/10.0.302/Sdks/Microsoft.NET.Sdk/targets/Microsoft.NET.DesignerSupport.targets (21,5)
                   /home/melkov/.dotnet/sdk/10.0.302/Sdks/Microsoft.NET.Sdk/targets/Microsoft.NET.Sdk.CSharp.targets(31,5): message : Property reassignment: $(DefineConstants)="TRACE;DEBUG" (previous value: "TRACE") at /home/melkov/.dotnet/sdk/10.0.302/Sdks/Microsoft.NET.Sdk/targets/Microsoft.NET.Sdk.CSharp.targets (31,5)
                   /home/melkov/.dotnet/sdk/10.0.302/Sdks/Microsoft.NET.Sdk/targets/Microsoft.NET.Sdk.CSharp.targets(45,5): message : Property reassignment: $(WarningsAsErrors)=";NU1605;SYSLIB0011" (previous value: ";NU1605") at /home/melkov/.dotnet/sdk/10.0.302/Sdks/Microsoft.NET.Sdk/targets/Microsoft.NET.Sdk.CSharp.targets (45,5)
                   /home/melkov/.dotnet/sdk/10.0.302/NuGet.Build.Tasks.Pack.targets(34,5): message : Property reassignment: $(PackageDescription)="Package Description" (previous value: "") at /home/melkov/.dotnet/sdk/10.0.302/NuGet.Build.Tasks.Pack.targets (34,5)
                   /home/melkov/.dotnet/sdk/10.0.302/NuGet.Build.Tasks.Pack.targets(59,5): message : Property reassignment: $(GenerateNuspecDependsOn)="Build;_LoadPackInputItems; _GetTargetFrameworksOutput; _WalkEachTargetPerFramework; _GetPackageFiles; " (previous value: "_LoadPackInputItems; _GetTargetFrameworksOutput; _WalkEachTargetPerFramework; _GetPackageFiles; ") at /home/melkov/.dotnet/sdk/10.0.302/NuGet.Build.Tasks.Pack.targets (59,5)
                   /home/melkov/.dotnet/sdk/10.0.302/Sdks/Microsoft.NET.Sdk/Sdk/Sdk.targets(59,5): message : Property reassignment: $(_IsNotSetContainersTargetsDir)="true" (previous value: "false") at /home/melkov/.dotnet/sdk/10.0.302/Sdks/Microsoft.NET.Sdk/Sdk/Sdk.targets (59,5)
                   /home/melkov/.dotnet/sdk/10.0.302/Containers/build/Microsoft.NET.Build.Containers.targets(5,5): message : Property reassignment: $(_IsSDKContainerAllowedVersion)="true" (previous value: "false") at /home/melkov/.dotnet/sdk/10.0.302/Containers/build/Microsoft.NET.Build.Containers.targets (5,5)
                   /home/melkov/.dotnet/sdk/10.0.302/Containers/build/Microsoft.NET.Build.Containers.targets(15,5): message : Property reassignment: $(_ContainerIsTargetingNet8TFM)="true" (previous value: "false") at /home/melkov/.dotnet/sdk/10.0.302/Containers/build/Microsoft.NET.Build.Containers.targets (15,5)
                   Overriding target "ResolveFrameworkReferences" in project "/home/melkov/.dotnet/sdk/10.0.302/Microsoft.Common.CurrentVersion.targets" with target "ResolveFrameworkReferences" from project "/home/melkov/.dotnet/sdk/10.0.302/Sdks/Microsoft.NET.Sdk/targets/Microsoft.NET.Sdk.FrameworkReferenceResolution.targets".
                   Overriding target "GenerateSupportedTargetFrameworkAlias" in project "/home/melkov/.dotnet/sdk/10.0.302/Microsoft.Common.CurrentVersion.targets" with target "GenerateSupportedTargetFrameworkAlias" from project "/home/melkov/.dotnet/sdk/10.0.302/Sdks/Microsoft.NET.Sdk/targets/Microsoft.NET.Sdk.targets".
                   Overriding target "GetReferenceAssemblyPaths" in project "/home/melkov/.dotnet/sdk/10.0.302/Microsoft.Common.CurrentVersion.targets" with target "GetReferenceAssemblyPaths" from project "/home/melkov/.dotnet/sdk/10.0.302/Sdks/Microsoft.NET.Sdk/targets/Microsoft.NET.DisableStandardFrameworkResolution.targets".
                   Overriding target "GetFrameworkPaths" in project "/home/melkov/.dotnet/sdk/10.0.302/Microsoft.Common.CurrentVersion.targets" with target "GetFrameworkPaths" from project "/home/melkov/.dotnet/sdk/10.0.302/Sdks/Microsoft.NET.Sdk/targets/Microsoft.NET.DisableStandardFrameworkResolution.targets".
                   Overriding target "DesignerRuntimeImplementationProjectOutputGroup" in project "/home/melkov/.dotnet/sdk/10.0.302/Microsoft.Common.CurrentVersion.targets" with target "DesignerRuntimeImplementationProjectOutputGroup" from project "/home/melkov/.dotnet/sdk/10.0.302/Sdks/Microsoft.NET.Sdk/targets/Microsoft.NET.DesignerSupport.targets".
                   Overriding target "Publish" in project "/home/melkov/.dotnet/sdk/10.0.302/Microsoft.Common.CurrentVersion.targets" with target "Publish" from project "/home/melkov/.dotnet/sdk/10.0.302/Sdks/Microsoft.NET.Sdk/targets/Microsoft.NET.Publish.targets".
                   Overriding target "ResolveReadyToRunCompilers" in project "/home/melkov/.dotnet/sdk/10.0.302/Sdks/Microsoft.NET.Sdk/targets/Microsoft.NET.CrossGen.targets" with target "ResolveReadyToRunCompilers" from project "/home/melkov/.dotnet/sdk/10.0.302/Sdks/Microsoft.NET.Sdk/targets/Microsoft.NET.Publish.targets".
                   Overriding target "GetCopyToPublishDirectoryItems" in project "/home/melkov/.dotnet/sdk/10.0.302/Microsoft.Common.CurrentVersion.targets" with target "GetCopyToPublishDirectoryItems" from project "/home/melkov/.dotnet/sdk/10.0.302/Sdks/Microsoft.NET.Sdk/targets/Microsoft.NET.Publish.targets".
                   Overriding target "Run" in project "/home/melkov/.dotnet/sdk/10.0.302/Microsoft.Common.CurrentVersion.targets" with target "Run" from project "/home/melkov/.dotnet/sdk/10.0.302/Sdks/Microsoft.NET.Sdk/targets/Microsoft.NET.Sdk.targets".
00:59:18.215     0>Initial Properties:
                   __DisableWorkloadResolverSentinelPath = /home/melkov/.dotnet/sdk/10.0.302/DisableWorkloadResolver.sentinel
                   __WindowsAppSdkDefaultImageIncludes = **/*.png;**/*.bmp;**/*.jpg;**/*.dds;**/*.tif;**/*.tga;**/*.gif
                   _AfterSdkPublishDependsOn = Publish
                   _ApiCompatValidatePackageSemaphoreFile = obj\Debug/net10.0/Microsoft.NET.ApiCompat.ValidatePackage.semaphore
                   _BeforePublishNoBuildTargets = 
                         BuildOnlySettings;
                         _PreventProjectReferencesFromBuilding;
                         ResolveReferences;
                         PrepareResourceNames;
                         ComputeIntermediateSatelliteAssemblies;
                         ComputeEmbeddedApphostPaths;
                       
                   _BinaryFormatterObsoleteAsError = true
                   _BuildTasksAssemblyName = Microsoft.Build.Tasks.CodeAnalysis
                   _BuildTasksDirectory = /home/melkov/.dotnet/sdk/10.0.302/Sdks/Microsoft.NET.Sdk/targets/../../../Roslyn/
                   _ContainerIsSelfContained = false
                   _ContainerIsTargetingNet8TFM = true
                   _ContainersTargetsDir = /home/melkov/.dotnet/sdk/10.0.302/Sdks/Microsoft.NET.Sdk/Sdk/../../../Containers/build/
                   _CorePublishTargets = 
                         PrepareForPublish;
                         ComputeAndCopyFilesToPublishDirectory;
                         ;
                         PublishItemsOutputGroup;
                       
                   _DebugSymbolsProduced = true
                   _DefaultArtifactsPathPropsImported = true
                   _DefaultUserProfileRuntimeStorePath = /home/melkov/.dotnet/store
                   _DeploymentApplicationManifestIdentity = Game.exe
                   _DeploymentBuiltUpdateInterval = 0
                   _DeploymentBuiltUpdateIntervalUnits = Days
                   _DeploymentDeployManifestIdentity = Game.application
                   _DeploymentFileMappingExtension = 
                   _DeploymentLauncherBased = true
                   _DeploymentPublishableProjectDefault = true
                   _DeploymentTargetApplicationManifestFileName = Game.dll.manifest
                   _DeploymentUrl = 
                   _DesignerDepsFileName = Game.designer.deps.json
                   _DesignerDepsFilePath = obj\Debug/net10.0/Game.designer.deps.json
                   _DesignerRuntimeConfigFileName = Game.designer.runtimeconfig.json
                   _DesignerRuntimeConfigFilePath = obj\Debug/net10.0/Game.designer.runtimeconfig.json
                   _DirectoryBuildPropsBasePath = /mnt/projects/mlkvs/vecxy.game
                   _DirectoryBuildPropsFile = Directory.Build.props
                   _DirectoryBuildTargetsBasePath = 
                   _DirectoryBuildTargetsFile = Directory.Build.targets
                   _DirectoryPackagesPropsBasePath = 
                   _DirectoryPackagesPropsFile = Directory.Packages.props
                   _DocumentationFileProduced = false
                   _DotNetAppHostExecutableName = apphost
                   _DotNetAppHostExecutableNameWithoutExtension = apphost
                   _DotNetComHostLibraryName = comhost
                   _DotNetComHostLibraryNameWithoutExtension = comhost
                   _DotNetHostExecutableName = dotnet
                   _DotNetHostFxrLibraryName = libhostfxr.so
                   _DotNetHostPolicyLibraryName = libhostpolicy.so
                   _DotNetIjwHostLibraryName = Ijwhost
                   _DotNetIjwHostLibraryNameWithoutExtension = Ijwhost
                   _DotNetSingleFileHostExecutableNameWithoutExtension = singlefilehost
                   _EnableDefaultWindowsPlatform = false
                   _FirstTargetFrameworkToSupportAot = net7.0
                   _FirstTargetFrameworkToSupportSingleFile = net6.0
                   _FirstTargetFrameworkToSupportTrimming = net6.0
                   _FirstTargetFrameworkVersionToSupportAotAnalyzer = 7.0
                   _FirstTargetFrameworkVersionToSupportSingleFileAnalyzer = 6.0
                   _FirstTargetFrameworkVersionToSupportTrimAnalyzer = 6.0
                   _GenerateBindingRedirectsIntermediateAppConfig = obj\Debug/net10.0/Game.dll.config
                   _GeneratePublishDependencyFilePropertyInputsCache = /mnt/projects/mlkvs/vecxy.game/Game/obj/Debug/net10.0/Game.genpublishdeps.cache
                   _GenerateRestoreGraphProjectEntryInputProperties = ExcludeRestorePackageImports=true
                   _GenerateRuntimeConfigurationPropertyInputsCache = /mnt/projects/mlkvs/vecxy.game/Game/obj/Debug/net10.0/Game.genruntimeconfig.cache
                   _GenerateSingleFileBundlePropertyInputsCache = /mnt/projects/mlkvs/vecxy.game/Game/obj/Debug/net10.0/Game.genbundle.cache
                   _GenerateSourceLinkFileBeforeTargets = CoreCompile
                   _GenerateSourceLinkFileDependsOnTargets = 
                   _GenerateSupportedRuntimeIntermediateAppConfig = obj\Debug/net10.0/Game.dll.withSupportedRuntime.config
                   _GetChildProjectCopyToOutputDirectoryItems = true
                   _GetChildProjectCopyToPublishDirectoryItems = true
                   _InitialBaseIntermediateOutputPath = obj\
                   _InitialMSBuildProjectExtensionsPath = /mnt/projects/mlkvs/vecxy.game/Game/obj/
                   _IsDisjointMSBuildVersion = False
                   _IsExecutable = true
                   _IsNETCoreOrNETStandard = true
                   _IsNotSetContainersTargetsDir = true
                   _IsSDKContainerAllowedVersion = true
                   _LatestAnalysisLevel = 10.0
                   _MaxAvailableLangVersion = 14.0
                   _MaxSupportedLangVersion = 14.0
                   _MicrosoftSourceLinkCommonAssemblyFile = /home/melkov/.dotnet/sdk/10.0.302/Sdks/Microsoft.SourceLink.Common/build/../tools/net/Microsoft.SourceLink.Common.dll
                   _MinimumNonEolSupportedNetCoreTargetFramework = net8.0
                   _MSBuildVersionMajorMinor = 18.6
                   _NativeLibraryExtension = .so
                   _NativeLibraryPrefix = lib
                   _NETAnalyzersSDKAssemblyVersion = 10.0.302
                   _NETCoreSdkIsPreview = false
                   _NetFrameworkHostedCompilersVersion = 5.6.0-2.26329.109
                   _NoneAnalysisLevel = 4.0
                   _NugetFallbackFolder = /home/melkov/.dotnet/sdk/10.0.302/Sdks/Microsoft.NET.Sdk/targets/../../../../NuGetFallbackFolder
                   _NugetTargetMonikerAndRID = .NETCoreApp,Version=v10.0
                   _OriginalConfiguration = Debug
                   _OriginalPlatform = AnyCPU
                   _PlatformWithoutConfigurationInference = AnyCPU
                   _PreviewAnalysisLevel = 11.0
                   _ProjectDefaultTargets = Build
                   _PublishNoBuildAlternativeDependsOn = 
                         BuildOnlySettings;
                         _PreventProjectReferencesFromBuilding;
                         ResolveReferences;
                         PrepareResourceNames;
                         ComputeIntermediateSatelliteAssemblies;
                         ComputeEmbeddedApphostPaths;
                       ;
                         PrepareForPublish;
                         ComputeAndCopyFilesToPublishDirectory;
                         ;
                         PublishItemsOutputGroup;
                       
                   _PublishProfileDesignerFolder = Properties
                   _PublishProfileRootFolder = /mnt/projects/mlkvs/vecxy.game/Game/Properties/PublishProfiles/
                   _RecursiveTargetForContentCopying = GetCopyToOutputDirectoryItems
                   _ResolveReferenceDependencies = false
                   _RuntimeIdentifierUsesAppHost = true
                   _RuntimePackInWorkloadVersion6 = 6.0.36
                   _RuntimePackInWorkloadVersion7 = 7.0.20
                   _RuntimePackInWorkloadVersion8 = 8.0.29
                   _RuntimePackInWorkloadVersion9 = 9.0.18
                   _RuntimePackInWorkloadVersionCurrent = 10.0.10
                   _SGenDllCreated = false
                   _SGenDllName = Game.XmlSerializers.dll
                   _SGenGenerateSerializationAssembliesConfig = Off
                   _SourceLinkAzureReposGitAssemblyFile = /home/melkov/.dotnet/sdk/10.0.302/Sdks/Microsoft.SourceLink.AzureRepos.Git/build/../tools/net/Microsoft.SourceLink.AzureRepos.Git.dll
                   _SourceLinkBitbucketAssemblyFile = /home/melkov/.dotnet/sdk/10.0.302/Sdks/Microsoft.SourceLink.Bitbucket.Git/build/../tools/net/Microsoft.SourceLink.Bitbucket.Git.dll
                   _SourceLinkGitHubAssemblyFile = /home/melkov/.dotnet/sdk/10.0.302/Sdks/Microsoft.SourceLink.GitHub/build/../tools/net/Microsoft.SourceLink.GitHub.dll
                   _SourceLinkGitLabAssemblyFile = /home/melkov/.dotnet/sdk/10.0.302/Sdks/Microsoft.SourceLink.GitLab/build/../tools/net/Microsoft.SourceLink.GitLab.dll
                   _SourceLinkPropsImported = true
                   _SourceLinkSdkSubDir = build
                   _SupportedArchitectures = amd64 arm64
                   _SupportedPlatformList = @(SupportedPlatform, ',')
                   _TargetFrameworkDirectories = 
                   _TargetFrameworkVersionValue = 0.0
                   _TargetFrameworkVersionWithoutV = 10.0
                   _TargetLatestRuntimePatchIsDefault = true
                   _TargetPlatformVersionUsesCsWinRT3 = false
                   _TargetsThatPrepareProjectReferences = 
                         AssignProjectConfiguration;
                         _SplitProjectReferencesByFileExistence
                       
                   _UseAttributeForTargetFrameworkInfoPropertyNames = true
                   _UsingDefaultForHasRuntimeOutput = true
                   _UsingDefaultPlatformTarget = true
                   _WindowsDesktopSdkTargetFrameworkVersionFloor = 3.0
                   _WorkloadLibraryPacksFolder = /home/melkov/.dotnet/library-packs
                   AddAdditionalExplicitAssemblyReferences = false
                   AddAppConfigToBuildOutputs = true
                   AllowedOutputExtensionsInPackageBuildOutputFolder = .dll; .exe; .winmd; .json; .pri; .xml ;
                   AllowedOutputExtensionsInSymbolsPackageBuildOutputFolder = .pdb; .mdb; .dll; .exe; .winmd; .json; .pri; .xml ;; 
                   AllowedReferenceAssemblyFileExtensions = 
                         .winmd;
                         .dll;
                         .exe
                       
                   AllowedReferenceRelatedFileExtensions = 
                         .pdb;
                         .xml;
                         .pri;
                         .dll.config;
                         .exe.config
                       
                   AllowUnsafeBlocks = true
                   AlwaysIncludeCoreFrameworkInRuntimeConfig = true
                   AlwaysUseNumericalSuffixInItemNames = true
                   AnalysisLevel = latest
                   AppDesignerFolder = Properties
                   AppendPlatformToOutputPath = false
                   AppendRuntimeIdentifierToOutputPath = true
                   AppendTargetFrameworkToOutputPath = true
                   AssemblyFoldersConfigFile = /home/melkov/.dotnet/sdk/10.0.302/AssemblyFolders.config
                   AssemblyFoldersSuffix = AssemblyFoldersEx
                   AssemblyName = Game
                   AssemblySearchPaths = {CandidateAssemblyFiles};{HintPathFromItem};{TargetFrameworkDirectory};{RawFileName}
                   AssemblyTitle = Game
                   AssetTargetFallback = ;net461;net462;net47;net471;net472;net48;net481
                   AssignTargetPathsDependsOn = 
                   Authors = Game
                   AutomaticallyUseReferenceAssemblyPackages = true
                   AutoUnifyAssemblyReferences = true
                   AvailablePlatforms = Any CPU,x86,x64,ARM32,ARM64
                   BaseIntermediateOutputPath = obj\
                   BaseOutputPath = bin\
                   BaseOutputPathWasSpecified = true
                   BuildCompileAction = Build
                   BuildDependsOn = 
                         BeforeBuild;
                         CoreBuild;
                         AfterBuild
                       
                   BuildGenerateSourcesAction = Build
                   BuildingProject = false
                   BuildInParallel = true
                   BuildLinkAction = Build
                   BuildOutputTargetFolder = lib
                   BuildProjectReferences = true
                   BuiltProjectOutputGroupDependenciesDependsOn = 
                         ;
                         
                         ;
                         BuildOnlySettings;
                         PrepareForBuild;
                         AssignTargetPaths;
                         ResolveReferences
                       
                       
                   BuiltProjectOutputGroupDependsOn = PrepareForBuild
                   BundledMSBuildVersion = 18.6.11
                   BundledNETCoreAppPackageVersion = 10.0.10
                   BundledNETCoreAppTargetFrameworkVersion = 10.0
                   BundledNETCorePlatformsPackageVersion = 10.0.10-servicing.26326.116
                   BundledNETStandardPackageVersion = 2.1.0
                   BundledNETStandardTargetFrameworkVersion = 2.1
                   BundledRuntimeIdentifierGraphFile = /home/melkov/.dotnet/sdk/10.0.302/RuntimeIdentifierGraph.json
                   CheckEolTargetFramework = true
                   CheckEolWorkloads = true
                   CheckForOverflowUnderflow = false
                   CleanDependsOn = 
                         BeforeClean;
                         UnmanagedUnregistration;
                         CoreClean;
                         CleanReferencedProjects;
                         CleanPublishFolder;
                         AfterClean
                       
                   CleanFile = Game.csproj.FileListAbsolute.txt
                   ClickOncePublishDir = bin\Debug/net10.0/publish/
                   CodeAnalysisRuleIds = CA1000;CA1001;CA1002;CA1003;CA1005;CA1008;CA1010;CA1012;CA1014;CA1016;CA1017;CA1018;CA1019;CA1021;CA1024;CA1027;CA1028;CA1030;CA1031;CA1032;CA1033;CA1034;CA1036;CA1040;CA1041;CA1043;CA1044;CA1045;CA1046;CA1047;CA1050;CA1051;CA1052;CA1054;CA1055;CA1056;CA1058;CA1060;CA1061;CA1062;CA1063;CA1064;CA1065;CA1066;CA1067;CA1068;CA1069;CA1070;CA1200;CA1303;CA1304;CA1305;CA1307;CA1308;CA1309;CA1310;CA1311;CA1401;CA1416;CA1417;CA1418;CA1419;CA1420;CA1421;CA1422;CA1501;CA1502;CA1505;CA1506;CA1507;CA1508;CA1509;CA1510;CA1511;CA1512;CA1513;CA1514;CA1515;CA1516;CA1700;CA1707;CA1708;CA1710;CA1711;CA1712;CA1713;CA1715;CA1716;CA1720;CA1721;CA1724;CA1725;CA1727;CA1802;CA1805;CA1806;CA1810;CA1812;CA1813;CA1814;CA1815;CA1816;CA1819;CA1820;CA1821;CA1822;CA1823;CA1824;CA1825;CA1826;CA1827;CA1828;CA1829;CA1830;CA1831;CA1832;CA1833;CA1834;CA1835;CA1836;CA1837;CA1838;CA1839;CA1840;CA1841;CA1842;CA1843;CA1844;CA1845;CA1846;CA1847;CA1848;CA1849;CA1850;CA1851;CA1852;CA1853;CA1854;CA1855;CA1856;CA1857;CA1858;CA1859;CA1860;CA1861;CA1862;CA1863;CA1864;CA1865;CA1866;CA1867;CA1868;CA1869;CA1870;CA1871;CA1872;CA1873;CA1874;CA1875;CA2000;CA2002;CA2007;CA2008;CA2009;CA2011;CA2012;CA2013;CA2014;CA2015;CA2016;CA2017;CA2018;CA2019;CA2020;CA2021;CA2022;CA2023;CA2024;CA2025;CA2100;CA2101;CA2119;CA2153;CA2200;CA2201;CA2207;CA2208;CA2211;CA2213;CA2214;CA2215;CA2216;CA2217;CA2218;CA2219;CA2224;CA2225;CA2226;CA2227;CA2231;CA2234;CA2235;CA2237;CA2241;CA2242;CA2243;CA2244;CA2245;CA2246;CA2247;CA2248;CA2249;CA2250;CA2251;CA2252;CA2253;CA2254;CA2255;CA2256;CA2257;CA2258;CA2259;CA2260;CA2261;CA2262;CA2263;CA2264;CA2265;CA2266;CA2300;CA2301;CA2302;CA2305;CA2310;CA2311;CA2312;CA2315;CA2321;CA2322;CA2326;CA2327;CA2328;CA2329;CA2330;CA2350;CA2351;CA2352;CA2353;CA2354;CA2355;CA2356;CA2361;CA2362;CA3001;CA3002;CA3003;CA3004;CA3005;CA3006;CA3007;CA3008;CA3009;CA3010;CA3011;CA3012;CA3061;CA3075;CA3076;CA3077;CA3147;CA5350;CA5351;CA5358;CA5359;CA5360;CA5361;CA5362;CA5363;CA5364;CA5365;CA5366;CA5367;CA5368;CA5369;CA5370;CA5371;CA5372;CA5373;CA5374;CA5375;CA5376;CA5377;CA5378;CA5379;CA5380;CA5381;CA5382;CA5383;CA5384;CA5385;CA5386;CA5387;CA5388;CA5389;CA5390;CA5391;CA5392;CA5393;CA5394;CA5395;CA5396;CA5397;CA5398;CA5399;CA5400;CA5401;CA5402;CA5403;CA5404;CA5405
                   CodeAnalysisTargets = /home/melkov/.dotnet/sdk/10.0.302/Microsoft/VisualStudio/v18.0/CodeAnalysis/Microsoft.CodeAnalysis.targets
                   CommandLineArgsForDesignTimeEvaluation = -langversion:14.0 -define:TRACE
                   CommonOutputGroupsDependsOn = 
                         ;
                         BuildOnlySettings;
                         PrepareForBuild;
                         AssignTargetPaths;
                         ResolveReferences
                       
                   CommonTargetsPath = /home/melkov/.dotnet/sdk/10.0.302/Microsoft.Common.CurrentVersion.targets
                   CommonXamlResourcesDirectory = /home/melkov/.dotnet/sdk/10.0.302//
                   Company = Game
                   CompileDependsOn = 
                         
                         ResolveReferences;
                         ResolveKeySource;
                         SetWin32ManifestProperties;
                         _SetPreferNativeArm64Win32ManifestProperties;
                         FindReferenceAssembliesForReferences;
                         _GenerateCompileInputs;
                         BeforeCompile;
                         _TimeStampBeforeCompile;
                         _GenerateCompileDependencyCache;
                         CoreCompile;
                         _TimeStampAfterCompile;
                         AfterCompile;
                       ;
                         _CreateAppHost;
                         _CreateComHost;
                         _GetIjwHostPaths;
                       
                   CompileLicxFilesDependsOn = 
                   CompilerApiVersion = roslyn5.6
                   CompilerGeneratedFilesOutputPath = 
                   ComputeIntermediateSatelliteAssembliesDependsOn = 
                         CreateManifestResourceNames
                       
                   ComputeNETCoreBuildOutputFiles = true
                   ComReferenceExecuteAsTool = false
                   ComReferenceNoClassMembers = false
                   Configuration = Debug
                   ConfigurationName = Debug
                   Configurations = Debug;Release
                   ConsiderPlatformAsProcessorArchitecture = true
                   ContainerCustomTasksAssembly = /home/melkov/.dotnet/sdk/10.0.302/Containers/build/../tasks/net10.0/Microsoft.NET.Build.Containers.dll
                   ContainerCustomTasksFolder = /home/melkov/.dotnet/sdk/10.0.302/Containers/build/../tasks/net10.0/
                   ContainerizeFolder = /home/melkov/.dotnet/sdk/10.0.302/Containers/build/../containerize/
                   ContainerizeFolderName = containerize
                   ContainerTaskFolderName = tasks
                   ContainerTaskFramework = net10.0
                   ContentFilesProjectOutputGroupDependsOn = PrepareForBuild;AssignTargetPaths
                   ContentPreprocessorOutputDirectory = obj\Debug/net10.0/NuGet\
                   ContentTargetFolders = content;contentFiles
                   ContinueOnError = false
                   CopyBuildOutputToPublishDirectory = true
                   CopyConflictingTransitiveContent = false
                   CopyLocalLockFileAssemblies = true
                   CopyOutputSymbolsToPublishDirectory = true
                   CoreBuildDependsOn = 
                         _CheckForBuildWithNoBuild;
                         
                         BuildOnlySettings;
                         PrepareForBuild;
                         PreBuildEvent;
                         ResolveReferences;
                         PrepareResources;
                         ResolveKeySource;
                         Compile;
                         ExportWindowsMDFile;
                         UnmanagedUnregistration;
                         GenerateSerializationAssemblies;
                         CreateSatelliteAssemblies;
                         GenerateManifests;
                         GetTargetPath;
                         PrepareForRun;
                         UnmanagedRegistration;
                         IncrementalClean;
                         PostBuildEvent
                       ;
                         GenerateBuildDependencyFile;
                         GenerateBuildRuntimeConfigurationFiles
                       
                   CoreCleanDependsOn = 
                         _SdkBeforeClean;
                         
                       
                   CoreCompileDependsOn = ;_ComputeNonExistentFileProperty;ResolveCodeAnalysisRuleSet
                   CoreResGenDependsOn = FindReferenceAssembliesForReferences
                   CreateCustomManifestResourceNamesDependsOn = 
                   CreateHardLinksForCopyAdditionalFilesIfPossible = false
                   CreateManifestResourceNamesDependsOn = 
                   CreateSatelliteAssembliesDependsOn = 
                         
                         ;
                         _GenerateSatelliteAssemblyInputs;
                         ComputeIntermediateSatelliteAssemblies;
                         GenerateSatelliteAssemblies
                       ;
                         CoreGenerateSatelliteAssemblies
                       
                   CreateSymbolicLinksForCopyAdditionalFilesIfPossible = false
                   CSharpCoreTargetsPath = /home/melkov/.dotnet/sdk/10.0.302/Sdks/Microsoft.NET.Sdk/targets/../../../Roslyn/Microsoft.CSharp.Core.targets
                   CSharpDesignTimeTargetsPath = /home/melkov/.dotnet/sdk/10.0.302/Microsoft/VisualStudio/Managed/Microsoft.CSharp.DesignTime.targets
                   CSharpTargetsPath = /home/melkov/.dotnet/sdk/10.0.302/Microsoft.CSharp.CurrentVersion.targets
                   CustomAfterDirectoryBuildProps = ;/home/melkov/.dotnet/sdk/10.0.302/Sdks/Microsoft.NET.Sdk/Sdk/UseArtifactsOutputPath.props
                   CustomAfterMicrosoftCommonProps = /home/melkov/.dotnet/sdk/10.0.302/vCurrent/Custom.After.Microsoft.Common.props
                   CustomAfterMicrosoftCommonTargets = /home/melkov/.dotnet/sdk/10.0.302/vCurrent/Custom.After.Microsoft.Common.targets
                   CustomAfterMicrosoftCSharpTargets = /home/melkov/.dotnet/sdk/10.0.302/vCurrent/Custom.After.Microsoft.CSharp.targets
                   CustomBeforeMicrosoftCommonProps = /home/melkov/.dotnet/sdk/10.0.302/vCurrent/Custom.Before.Microsoft.Common.props
                   CustomBeforeMicrosoftCommonTargets = /home/melkov/.dotnet/sdk/10.0.302/vCurrent/Custom.Before.Microsoft.Common.targets
                   CustomBeforeMicrosoftCSharpTargets = /home/melkov/.dotnet/sdk/10.0.302/vCurrent/Custom.Before.Microsoft.CSharp.targets
                   DebugSymbols = true
                   DebugSymbolsProjectOutputGroupDependenciesDependsOn = 
                         ;
                         
                         ;
                         BuildOnlySettings;
                         PrepareForBuild;
                         AssignTargetPaths;
                         ResolveReferences
                       
                       
                   DebugSymbolsProjectOutputGroupDependsOn = 
                   DebugType = portable
                   DefaultAllowedOutputExtensionsInPackageBuildOutputFolder = .dll; .exe; .winmd; .json; .pri; .xml
                   DefaultAppHostRuntimeIdentifier = linux-x64
                   DefaultCopyToPublishDirectoryMetadata = true
                   DefaultExcludesInProjectFolder = ;;**/.*/**
                   DefaultImplicitPackages = Microsoft.NETCore.App;NETStandard.Library
                   DefaultItemExcludes = ;bin\Debug//**;obj\Debug//**;bin\/**;obj\/**;bin\Debug/net10.0/publish//**;**/*.user;**/*.*proj;**/*.sln;**/*.slnx;**/*.vssscc;**/.DS_Store
                   DefaultLanguageSourceExtension = .cs
                   DefaultProjectTypeGuid = {FAE04EC0-301F-11D3-BF4B-00C04F79EFBC}
                   DefineCommonCapabilities = true
                   DefineCommonItemSchemas = true
                   DefineCommonReferenceSchemas = true
                   DefineConstants = TRACE;DEBUG
                   DelaySign = 
                   DeploymentComputeClickOnceManifestInfoDependsOn = 
                         CleanPublishFolder;
                         GetCopyToOutputDirectoryItems;
                         _DeploymentGenerateTrustInfo;
                         
                       
                   DesignerRuntimeImplementationProjectOutputGroupDependsOn = 
                         
                         ;
                         
                         ;
                         BuildOnlySettings;
                         PrepareForBuild;
                         AssignTargetPaths;
                         ResolveReferences
                       
                       ;
                         _GenerateDesignerDepsFile;
                         _GenerateDesignerRuntimeConfigFile;
                         GetCopyToOutputDirectoryItems;
                         _GatherDesignerShadowCopyFiles;
                       
                   DesignTimeAssemblySearchPaths = {CandidateAssemblyFiles};{HintPathFromItem};{TargetFrameworkDirectory};{RawFileName}
                   DesignTimeAutoUnify = true
                   DesignTimeResolveAssemblyReferencesDependsOn = 
                         GetFrameworkPaths;
                         GetReferenceAssemblyPaths;
                         ResolveReferences
                       
                   Deterministic = true
                   DevEnvDir = *Undefined*
                   DirectoryBuildPropsPath = /mnt/projects/mlkvs/vecxy.game/Directory.Build.props
                   DisableHandlePackageFileConflicts = true
                   DisableLogTaskParameter_ConvertToAbsolutePath_Path = true
                   DisableLogTaskParameter_FindUnderPath_OutOfPath = true
                   DisableLogTaskParameter_RemoveDuplicates_Inputs = true
                   DisableLogTaskParameterItemMetadata_ConvertToAbsolutePath_AbsolutePaths = true
                   DisableLogTaskParameterItemMetadata_Copy_CopiedFiles = true
                   DisableLogTaskParameterItemMetadata_Copy_DestinationFiles = true
                   DisableLogTaskParameterItemMetadata_Copy_SourceFiles = true
                   DisableLogTaskParameterItemMetadata_FindUnderPath_Files = true
                   DisableLogTaskParameterItemMetadata_FindUnderPath_InPath = true
                   DisableLogTaskParameterItemMetadata_GenerateResource_FilesWritten = true
                   DisableLogTaskParameterItemMetadata_Hash_ItemsToHash = true
                   DisableLogTaskParameterItemMetadata_RemoveDuplicates_Filtered = true
                   DisableLogTaskParameterItemMetadata_WriteLinesToFile_Lines = true
                   DisableStandardFrameworkResolution = true
                   DocumentationFile = 
                   DocumentationProjectOutputGroupDependenciesDependsOn = 
                         ;
                         
                         ;
                         BuildOnlySettings;
                         PrepareForBuild;
                         AssignTargetPaths;
                         ResolveReferences
                       
                       
                   DocumentationProjectOutputGroupDependsOn = 
                   DOTNET_CLI_TELEMETRY_SESSIONID = 051353a4-b21f-4a39-8725-5391a0315841
                   DOTNET_HOST_PATH = /home/melkov/.dotnet/dotnet
                   DotNetApiCompatTaskAssembly = /home/melkov/.dotnet/sdk/10.0.302/Sdks/Microsoft.NET.Sdk/targets/../tools/net10.0/Microsoft.DotNet.ApiCompat.Task.dll
                   DotnetCliToolTargetFramework = netcoreapp2.2
                   DotNetSdkSupportsVSHostObjectRemoting = true
                   EffectiveAnalysisLevel = 10.0
                   EffectiveCodeAnalysisTreatWarningsAsErrors = 
                   EffectiveTargetPlatformVersion = 
                   EmbeddedResourceUseDependentUponConvention = true
                   EmbeddedWin32Manifest = 
                   EmbedUntrackedSources = true
                   EmitAssetsLogMessages = true
                   EmitCompilerGeneratedFiles = false
                   EmitLegacyAssetsFileItems = false
                   EnableAppxPackageTargetsForUwpClassLibraries = true
                   EnableDefaultCompileItems = true
                   EnableDefaultEmbeddedResourceItems = true
                   EnableDefaultItems = true
                   EnableDefaultNoneItems = true
                   EnableFrameworkPathOverride = false
                   EnableNETAnalyzers = true
                   EnableSdkContainerSupport = true
                   EnableSourceControlManagerQueries = true
                   EnableSourceLink = true
                   EnableUnsafeBinaryFormatterSerialization = false
                   EnableWebSdkImplicitPackageVersions = false
                   EnforceCodeStyleInBuild = false
                   ErrorReport = prompt
                   ExpandSDKAllowedReferenceExtensions = 
                         .winmd;
                         .dll
                       
                   ExpandSDKReferencesDependsOn = 
                         ResolveSDKReferences
                       
                   FileAlignment = 512
                   FindInvalidProjectReferencesDependsOn = 
                         GetReferenceTargetPlatformMonikers
                       
                   Framework20Dir = @(_TargetFramework20DirectoryItem)
                   Framework30Dir = @(_TargetFramework30DirectoryItem)
                   Framework35Dir = @(_TargetFramework35DirectoryItem)
                   Framework40Dir = @(_TargetFramework40DirectoryItem)
                   FrameworkDir = @(_TargetFramework40DirectoryItem)
                   FrameworkPathOverride = 
                   FrameworkRegistryBase = Software\Microsoft\.NETCoreApp
                   FrameworkSDKDir = @(_TargetFrameworkSDKDirectoryItem)
                   FullReferenceAssemblyNames = Full
                   GenerateAssemblyCompanyAttribute = true
                   GenerateAssemblyConfigurationAttribute = true
                   GenerateAssemblyCopyrightAttribute = true
                   GenerateAssemblyDescriptionAttribute = true
                   GenerateAssemblyFileVersionAttribute = true
                   GenerateAssemblyInfo = true
                   GenerateAssemblyInformationalVersionAttribute = true
                   GenerateAssemblyMetadataAttributes = true
                   GenerateAssemblyProductAttribute = true
                   GenerateAssemblyTitleAttribute = true
                   GenerateAssemblyTrademarkAttribute = true
                   GenerateAssemblyVersionAttribute = true
                   GenerateBindingRedirectsOutputType = true
                   GenerateClickOnceManifests = 
                   GeneratedAssemblyInfoFile = obj\Debug/net10.0/Game.AssemblyInfo.cs
                   GenerateDependencyFile = true
                   GeneratedGlobalUsingsFile = obj\Debug/net10.0/Game.GlobalUsings.g.cs
                   GenerateDisableRuntimeMarshallingAttribute = true
                   GenerateDocumentationFile = false
                   GenerateFullPaths = true
                   GenerateInternalsVisibleToAttributes = true
                   GenerateManifestsDependsOn = 
                         SetWin32ManifestProperties;
                         GenerateApplicationManifest;
                         GenerateDeploymentManifest
                       
                   GenerateNeutralResourcesLanguageAttribute = true
                   GenerateNuspecDependsOn = Build;_LoadPackInputItems; _GetTargetFrameworksOutput; _WalkEachTargetPerFramework; _GetPackageFiles; 
                   GeneratePackageOnBuild = false
                   GenerateRepositoryUrlAttribute = true
                   GenerateRequiresPreviewFeaturesAttribute = true
                   GenerateResourceMSBuildArchitecture = CurrentArchitecture
                   GenerateResourceMSBuildRuntime = CurrentRuntime
                   GenerateResourceUsePreserializedResources = true
                   GenerateRuntimeConfigDevFile = false
                   GenerateRuntimeConfigurationFiles = true
                   GenerateSatelliteAssembliesForCore = true
                   GenerateSupportedOSPlatformAttribute = true
                   GenerateTargetFrameworkAttribute = true
                   GenerateTargetPlatformAttribute = true
                   GetCopyToOutputDirectoryItemsDependsOn = 
                         AssignTargetPaths;
                         
                         AssignProjectConfiguration;
                         _SplitProjectReferencesByFileExistence
                       ;
                         _GetProjectReferenceTargetFrameworkProperties;
                         _PopulateCommonStateForGetCopyToOutputDirectoryItems
                       
                   GetFrameworkPathsDependsOn = 
                   GetReferenceNearestTargetFrameworkTaskSupportsTargetFrameworkPropertyParameter = true
                   GetReferenceNearestTargetFrameworkTaskSupportsTargetPlatformParameter = true
                   GetTargetPathWithTargetPlatformMonikerDependsOn = 
                   HasRuntimeOutput = true
                   HideWarningsAndErrors = false
                   HighEntropyVA = true
                   ImplicitConfigurationDefine = DEBUG
                   ImplicitUsings = enable
                   ImportByWildcardAfterMicrosoftCommonProps = true
                   ImportByWildcardAfterMicrosoftCommonTargets = true
                   ImportByWildcardAfterMicrosoftCSharpTargets = true
                   ImportByWildcardBeforeMicrosoftCommonProps = true
                   ImportByWildcardBeforeMicrosoftCommonTargets = true
                   ImportByWildcardBeforeMicrosoftCSharpTargets = true
                   ImportDirectoryBuildProps = true
                   ImportDirectoryBuildTargets = true
                   ImportDirectoryPackagesProps = true
                   ImportFrameworkWinFXTargets = false
                   ImportNuGetBuildTasksPackTargetsFromSdk = true
                   ImportProjectExtensionProps = true
                   ImportProjectExtensionTargets = true
                   ImportUserLocationsByWildcardAfterMicrosoftCommonProps = true
                   ImportUserLocationsByWildcardAfterMicrosoftCommonTargets = true
                   ImportUserLocationsByWildcardAfterMicrosoftCSharpTargets = true
                   ImportUserLocationsByWildcardBeforeMicrosoftCommonProps = true
                   ImportUserLocationsByWildcardBeforeMicrosoftCommonTargets = true
                   ImportUserLocationsByWildcardBeforeMicrosoftCSharpTargets = true
                   IncludeBuildOutput = true
                   IncludeContentInPack = true
                   IncludeFileVersionsInDependencyFile = true
                   IncludeMainProjectInDepsFile = true
                   IncludeProjectsNotInAssetsFileInDepsFile = true
                   IncludeSourceRevisionInInformationalVersion = true
                   IncludeSymbolsInSingleFile = false
                   InnerBuildProperty = TargetFramework
                   InnerBuildPropertyValues = TargetFrameworks
                   InterceptorsPreviewNamespaces = ;Microsoft.Extensions.Validation.Generated
                   IntermediateOutputPath = obj\Debug/net10.0/
                   IsNetCoreAppTargetingLatestTFM = true
                   IsPackable = true
                   IsPublishable = true
                   IsRestoreTargetsFileLoaded = true
                   IsRidAgnostic = false
                   Language = C#
                   LanguageTargets = /home/melkov/.dotnet/sdk/10.0.302/Microsoft.CSharp.targets
                   LangVersion = 14.0
                   MarkPackageReferencesAsExternallyResolved = true
                   MaxSupportedLangVersion = 14.0
                   MaxTargetPath = 100
                   MicrosoftBuildTasksGitAssemblyFile = /home/melkov/.dotnet/sdk/10.0.302/Sdks/Microsoft.Build.Tasks.Git/build/../tools/net/Microsoft.Build.Tasks.Git.dll
                   MicrosoftCommonPropsHasBeenImported = true
                   MicrosoftNETBuildExtensionsTargets = /home/melkov/.dotnet/sdk/10.0.302/Microsoft/Microsoft.NET.Build.Extensions/Microsoft.NET.Build.Extensions.targets
                   MicrosoftNETBuildExtensionsTasksAssembly = /home/melkov/.dotnet/sdk/10.0.302/Microsoft/Microsoft.NET.Build.Extensions/tools/net10.0/Microsoft.NET.Build.Extensions.Tasks.dll
                   MicrosoftNETBuildTasksAssembly = /home/melkov/.dotnet/sdk/10.0.302/Sdks/Microsoft.NET.Sdk/targets/../tools/net10.0/Microsoft.NET.Build.Tasks.dll
                   MicrosoftNETBuildTasksDirectory = /home/melkov/.dotnet/sdk/10.0.302/Sdks/Microsoft.NET.Sdk/targets/../tools/net10.0/
                   MicrosoftNETBuildTasksDirectoryRoot = /home/melkov/.dotnet/sdk/10.0.302/Sdks/Microsoft.NET.Sdk/targets/../tools/
                   MicrosoftNETBuildTasksTFM = net10.0
                   MicrosoftNETFrameworkReferenceAssembliesLatestPackageVersion = 1.0.3
                   MicrosoftNETWindowsWorkloadInstalled = true
                   MinimumMSBuildVersion = 18.0.0
                   MsAppxPackageTargets = /home/melkov/.dotnet/sdk/10.0.302/Microsoft/VisualStudio/v18.0/AppxPackage/Microsoft.AppXPackage.Targets
                   MSBuildAllProjects = /mnt/projects/mlkvs/vecxy.game/Game/Game.csproj;;/home/melkov/.dotnet/sdk/10.0.302/Current/Microsoft.Common.targets/ImportAfter/Microsoft.TestPlatform.ImportAfter.targets
                   MSBuildAssemblyVersion = 18.0
                   MSBuildBinPath = /home/melkov/.dotnet/sdk/10.0.302
                   MSBuildCopyContentTransitively = true
                   MSBuildCopyMarkerName = Game.csproj.Up2Date
                   MSBuildDisableFeaturesFromVersion = 999.999
                   MSBuildEnableWorkloadResolver = true
                   MSBuildExtensionsPath = /home/melkov/.dotnet/sdk/10.0.302/
                   MSBuildExtensionsPath32 = /home/melkov/.dotnet/sdk/10.0.302
                   MSBuildExtensionsPath64 = /home/melkov/.dotnet/sdk/10.0.302
                   MSBUILDFAILONDRIVEENUMERATINGWILDCARD = 1
                   MSBuildFileVersion = 18.6.11.33009
                   MSBuildFrameworkToolsRoot = /home/melkov/.dotnet/shared/Microsoft.NETCore.App
                   MSBuildLoadMicrosoftTargetsReadOnly = true
                   MSBuildNodeCount = 12
                   MSBuildProgramFiles32 = 
                   MSBuildProjectDefaultTargets = Build
                   MSBuildProjectDirectory = /mnt/projects/mlkvs/vecxy.game/Game
                   MSBuildProjectDirectoryNoRoot = mnt/projects/mlkvs/vecxy.game/Game
                   MSBuildProjectExtension = .csproj
                   MSBuildProjectExtensionsPath = /mnt/projects/mlkvs/vecxy.game/Game/obj/
                   MSBuildProjectFile = Game.csproj
                   MSBuildProjectFullPath = /mnt/projects/mlkvs/vecxy.game/Game/Game.csproj
                   MSBuildProjectName = Game
                   MSBuildRuntimeType = Core
                   MSBuildSDKsPath = /home/melkov/.dotnet/sdk/10.0.302/Sdks
                   MSBuildSemanticVersion = 18.6.11+35b593beb
                   MSBuildStartupDirectory = /mnt/projects/mlkvs/vecxy.game
                   MSBuildToolsPath = /home/melkov/.dotnet/sdk/10.0.302
                   MSBuildToolsVersion = Current
                   MSBuildUserExtensionsPath = /home/melkov/.local/share/Microsoft\MSBuild
                   MSBUILDUSESERVER = 0
                   MSBuildUseVisualStudioDirectoryLayout = False
                   MSBuildVersion = 18.6.11
                   MSBuildWarningsAsErrors = ;NU1605
                   MSBuildWarningsAsMessages = ;1701;1702
                   MSBuildWarningsNotAsErrors = 
                   MsTestToolsTargets = /home/melkov/.dotnet/sdk/10.0.302/Microsoft/VisualStudio/v18.0/TeamTest/Microsoft.TeamTest.targets
                   NETCoreAppMaximumVersion = 10.0
                   NetCoreRoot = /home/melkov/.dotnet/
                   NETCoreSdkBundledCliToolsProps = /home/melkov/.dotnet/sdk/10.0.302/Sdks/Microsoft.NET.Sdk/targets/../../../Microsoft.NETCoreSdk.BundledCliTools.props
                   NETCoreSdkBundledMSBuildInformationProps = /home/melkov/.dotnet/sdk/10.0.302/Sdks/Microsoft.NET.Sdk/targets/../../../Microsoft.NETCoreSdk.BundledMSBuildInformation.props
                   NETCoreSdkBundledVersionsProps = /home/melkov/.dotnet/sdk/10.0.302/Sdks/Microsoft.NET.Sdk/targets/../../../Microsoft.NETCoreSdk.BundledVersions.props
                   NETCoreSdkPortableRuntimeIdentifier = linux-x64
                   NETCoreSdkRuntimeIdentifier = linux-x64
                   NETCoreSdkVersion = 10.0.302
                   NetCoreTargetingPackRoot = /home/melkov/.dotnet/packs
                   NoCompilerStandardLib = true
                   NoStdLib = true
                   NoWarn = 1701;1702
                   NuGetAudit = true
                   NuGetAuditLevel = low
                   NuGetAuditMode = all
                   NuGetBuildTasksPackTargets = /home/melkov/.dotnet/sdk/10.0.302/Sdks/Microsoft.NET.Sdk/Sdk/../../../NuGet.Build.Tasks.Pack.targets
                   NuGetInteractive = 
                   NuGetPackageFolders = /home/melkov/.nuget/packages/
                   NuGetPackageRoot = /home/melkov/.nuget/packages/
                   NuGetPackTaskAssemblyFile = NuGet.Build.Tasks.Pack.dll
                   NuGetProjectStyle = PackageReference
                   NuGetPropsFile = /home/melkov/.dotnet/sdk/10.0.302/NuGet.props
                   NuGetRestoreTargets = /home/melkov/.dotnet/sdk/10.0.302/NuGet.targets
                   NuGetTargetMoniker = .NETCoreApp,Version=v10.0
                   NuGetToolVersion = 7.0.0
                   Nullable = enable
                   NuspecOutputPath = obj\Debug/
                   Optimize = false
                   OS = Unix
                   OutDir = bin\Debug/net10.0/
                   OutputPath = bin\Debug/net10.0/
                   OutputType = Exe
                   OverwriteReadOnlyFiles = false
                   PackageDescription = Package Description
                   PackageDownloadSupported = true
                   PackageId = Game
                   PackageOutputPath = bin\Debug/
                   PackageRequireLicenseAcceptance = false
                   PackageVersion = 1.0.0
                   PackDependsOn = ; _GetRestoreProjectStyle; _IntermediatePack; GenerateNuspec; 
                   PackRelease = true
                   Platform = AnyCPU
                   PlatformName = AnyCPU
                   Platforms = AnyCPU
                   PostBuildEventDependsOn = 
                   PreBuildEventDependsOn = 
                   Prefer32Bit = false
                   PreferNativeArm64 = false
                   PrepareForBuildDependsOn = ;GetFrameworkPaths;GetReferenceAssemblyPaths;AssignLinkMetadata
                   PrepareForRunDependsOn = 
                         CopyFilesToOutputDirectory
                       
                   PrepareProjectReferencesDependsOn = 
                         AssignProjectConfiguration;
                         _SplitProjectReferencesByFileExistence;
                         _GetProjectReferenceTargetFrameworkProperties;
                         _GetProjectReferencePlatformProperties
                       
                   PrepareResourceNamesDependsOn = 
                         AssignTargetPaths;
                         SplitResourcesByCulture;
                         CreateManifestResourceNames;
                         CreateCustomManifestResourceNames
                       
                   PrepareResourcesDependsOn = 
                         ResolvePackageDependenciesForBuild;
                         _HandlePackageFileConflicts;
                         
                         ;
                         PrepareResourceNames;
                         ResGen;
                         CompileLicxFiles
                       
                       
                   PreserveCompilationReferences = 
                   ProcessorArchitecture = msil
                   ProcessorArchitectureAsPlatform = AnyCPU
                   ProduceReferenceAssembly = true
                   Product = Game
                   ProjectAssetsCacheFile = /mnt/projects/mlkvs/vecxy.game/Game/obj/Debug/net10.0/Game.assets.cache
                   ProjectAssetsFile = /mnt/projects/mlkvs/vecxy.game/Game/obj/project.assets.json
                   ProjectDepsFileName = Game.deps.json
                   ProjectDepsFilePath = /mnt/projects/mlkvs/vecxy.game/Game/bin/Debug/net10.0/Game.deps.json
                   ProjectDesignTimeAssemblyResolutionSearchPaths = 
                         {CandidateAssemblyFiles};
                         ;
                         {HintPathFromItem};
                         {TargetFrameworkDirectory};
                         {Registry:Software\Microsoft\.NETCoreApp,v10.0,AssemblyFoldersEx};
                         {RawFileName};
                         /mnt/projects/mlkvs/vecxy.game/Game/bin/Debug/net10.0/
                       
                   ProjectDir = /mnt/projects/mlkvs/vecxy.game/Game/
                   ProjectExt = .csproj
                   ProjectFileName = Game.csproj
                   ProjectFlavor = Client
                   ProjectName = Game
                   ProjectPath = /mnt/projects/mlkvs/vecxy.game/Game/Game.csproj
                   ProjectRuntimeConfigFileName = Game.runtimeconfig.json
                   ProjectRuntimeConfigFilePath = /mnt/projects/mlkvs/vecxy.game/Game/bin/Debug/net10.0/Game.runtimeconfig.json
                   PrunePackageDataRoot = /home/melkov/.dotnet/sdk/10.0.302/PrunePackageData
                   PublishableProject = true
                   PublishBuildDependsOn = 
                         BuildOnlySettings;
                         PrepareForBuild;
                         ResolveReferences;
                         PrepareResources;
                         ResolveKeySource;
                         GenerateSerializationAssemblies;
                         CreateSatelliteAssemblies;
                       
                   PublishContainerDependsOn = 
                         _ContainerVerifySDKVersion;
                         ComputeContainerConfig;
                         _CheckContainersPackage;
                       
                   PublishDependsOn = 
                         SetGenerateManifests;
                         Build;
                         PublishOnly
                       
                   PublishDir = bin\Debug/net10.0/publish/
                   PublishDirName = publish
                   PublishDocumentationFile = true
                   PublishDocumentationFiles = true
                   PublishItemsOutputGroupDependsOn = 
                         ;
                         ResolveReferences;
                         ComputeResolvedFilesToPublishList;
                         _ComputeFilesToBundle;
                       
                   PublishOnlyDependsOn = 
                         SetGenerateManifests;
                         PublishBuild;
                         BeforePublish;
                         GenerateManifests;
                         CopyFilesToOutputDirectory;
                         _CopyFilesToPublishFolder;
                         _DeploymentGenerateBootstrapper;
                         ResolveKeySource;
                         _DeploymentSignClickOnceDeployment;
                         AfterPublish
                       
                   PublishProfileImported = false
                   PublishReadyToRunComposite = false
                   PublishReadyToRunPerfmapFormatVersion = 1
                   PublishReadyToRunUseCrossgen2 = true
                   PublishReadyToRunUseRuntimePackOptimizationData = true
                   PublishReferencesDocumentationFiles = true
                   PublishRelease = true
                   RebuildDependsOn = 
                         _SdkBeforeRebuild;
                         
                         BeforeRebuild;
                         Clean;
                         Build;
                         AfterRebuild;
                       
                       
                   RefAssembliesFolderName = refs
                   ReferenceCopyLocalPathsOutputGroupDependsOn = 
                         ;
                         
                         ;
                         BuildOnlySettings;
                         PrepareForBuild;
                         AssignTargetPaths;
                         ResolveReferences
                       
                       
                   ReportingServicesTargets = /home/melkov/.dotnet/sdk/10.0.302/Microsoft/VisualStudio/v18.0/ReportingServices/Microsoft.ReportingServices.targets
                   ResGenDependsOn = ResolveAssemblyReferences;SplitResourcesByCulture;BeforeResGen;CoreResGen;AfterResGen
                   ResGenExecuteAsTool = false
                   ResolveAssemblyReferenceOutputUnresolvedAssemblyConflicts = true
                   ResolveAssemblyReferencesDependsOn = 
                         
                         
                         ResolveProjectReferences;
                         FindInvalidProjectReferences;
                         GetFrameworkPaths;
                         GetReferenceAssemblyPaths;
                         PrepareForBuild;
                         ResolveSDKReferences;
                         ExpandSDKReferences;
                       ;
                         ResolvePackageDependenciesForBuild;
                         _HandlePackageFileConflicts;
                       ;
                         ResolveTargetingPackAssets;
                       
                   ResolveNuGetPackages = false
                   ResolvePackageDependenciesForBuildDependsOn = 
                         ResolveLockFileReferences;
                         ResolveLockFileAnalyzers;
                         ResolveLockFileCopyLocalFiles;
                         ResolveRuntimePackAssets;
                         RunProduceContentAssets;
                         IncludeTransitiveProjectReferences
                       
                   ResolveReferencesDependsOn = 
                         BeforeResolveReferences;
                         AssignProjectConfiguration;
                         ResolveProjectReferences;
                         FindInvalidProjectReferences;
                         ResolveNativeReferences;
                         ResolveAssemblyReferences;
                         GenerateBindingRedirects;
                         GenerateBindingRedirectsUpdateAppConfig;
                         ResolveComReferences;
                         AfterResolveReferences
                       
                   ResolveSDKReferencesDependsOn = 
                         GetInstalledSDKLocations
                       
                   RespectAlreadyAssignedItemCulture = true
                   Restore = false
                   RestoreBuildInParallel = true
                   RestoreContinueOnError = WarnAndContinue
                   RestoreEnablePackagePruning = true
                   RestoreOutputPath = /mnt/projects/mlkvs/vecxy.game/Game/obj/
                   RestorePackagePruningDefault = true
                   RestoreProjectStyle = PackageReference
                   RestoreRecursive = true
                   RestoreSuccess = True
                   RestoreTaskAssemblyFile = NuGet.Build.Tasks.dll
                   RestoreTool = NuGet
                   RestoreUseSkipNonexistentTargets = true
                   RootNamespace = Game
                   RoslynAssembliesPath = /home/melkov/.dotnet/sdk/10.0.302/Sdks/Microsoft.NET.Sdk/targets/../../../Roslyn/bincore
                   RoslynCompilerType = Core
                   RoslynCoreAssembliesPath = /home/melkov/.dotnet/sdk/10.0.302/Sdks/Microsoft.NET.Sdk/targets/../../../Roslyn/bincore
                   RoslynTargetsPath = /home/melkov/.dotnet/sdk/10.0.302/Sdks/Microsoft.NET.Sdk/targets/../../../Roslyn
                   RoslynTasksAssembly = /home/melkov/.dotnet/sdk/10.0.302/Sdks/Microsoft.NET.Sdk/targets/../../../Roslyn/Microsoft.Build.Tasks.CodeAnalysis.dll
                   RunArguments = 
                   RunCommand = /mnt/projects/mlkvs/vecxy.game/Game/bin/Debug/net10.0/Game
                   RunDependsOn = 
                   RunPackageValidationDependsOn = CollectApiCompatInputs;_GetReferencePathFromInnerProjects;
                   RuntimeIdentifierGraphPath = /home/melkov/.dotnet/sdk/10.0.302/PortableRuntimeIdentifierGraph.json
                   RunWorkingDirectory = 
                   SatelliteDllsProjectOutputGroupDependenciesDependsOn = 
                         ;
                         
                         ;
                         BuildOnlySettings;
                         PrepareForBuild;
                         AssignTargetPaths;
                         ResolveReferences
                       
                       
                   SatelliteDllsProjectOutputGroupDependsOn = ;PrepareForBuild;PrepareResourceNames
                   SdkAnalysisLevel = 10.0.300
                   SDKContainerSupportEnabled = true
                   SDKRedistOutputGroupDependsOn = ResolveSDKReferences;ExpandSDKReferences
                   SDKReferenceDirectoryRoot = /home/melkov/.local/share/Microsoft SDKs;/Microsoft SDKs
                   SDKReferenceRegistryRoot = Software\Microsoft\Microsoft SDKs
                   SelfContained = false
                   SGenFilesOutputGroupDependenciesDependsOn = 
                         ;
                         
                         ;
                         BuildOnlySettings;
                         PrepareForBuild;
                         AssignTargetPaths;
                         ResolveReferences
                       
                       
                   SGenFilesOutputGroupDependsOn = 
                   SGenShouldGenerateSerializer = true
                   SGenUseKeep = false
                   SGenUseProxyTypes = true
                   ShouldMarkCertainSDKReferencesAsRuntimeOnly = true
                   SignAssembly = false
                   SkipCopyUnchangedFiles = true
                   SkipImportNuGetBuildTargets = true
                   SkipImportNuGetProps = true
                   SolutionDir = *Undefined*
                   SolutionExt = *Undefined*
                   SolutionFileName = *Undefined*
                   SolutionName = *Undefined*
                   SolutionPath = *Undefined*
                   SourceControlInformationFeatureSupported = true
                   SourceControlManagerUrlTranslationTargets = ;TranslateGitHubUrlsInSourceControlInformation;TranslateGitLabUrlsInSourceControlInformation;TranslateAzureReposGitUrlsInSourceControlInformation;TranslateBitbucketGitUrlsInSourceControlInformation
                   SourceFilesProjectOutputGroupDependsOn = PrepareForBuild;AssignTargetPaths
                   SourceLinkUrlInitializerTargets = ;_InitializeGitHubSourceLinkUrl;_InitializeGitLabSourceLinkUrl;_InitializeAzureReposGitSourceLinkUrl;_InitializeBitbucketGitSourceLinkUrl
                   SourceRootMappedPathsFeatureSupported = true
                   SupportedOSPlatformVersion = 
                   SupportsRoslynComponentVersioning = true
                   SuppressDependenciesWhenPacking = false
                   SymbolPackageFormat = symbols.nupkg
                   TargetCulture = *
                   TargetDeployManifestFileName = Game.application
                   TargetDir = /mnt/projects/mlkvs/vecxy.game/Game/bin/Debug/net10.0/
                   TargetedFrameworkDir = @(_TargetedFrameworkDirectoryItem)
                   TargetedSDKArchitecture = msil
                   TargetedSDKConfiguration = Debug
                   TargetExt = .dll
                   TargetFileName = Game.dll
                   TargetFramework = net10.0
                   TargetFrameworkDirectory = 
                   TargetFrameworkIdentifier = .NETCoreApp
                   TargetFrameworkMoniker = .NETCoreApp,Version=v10.0
                   TargetFrameworkMonikerAssemblyAttributesPath = obj/Debug/net10.0/.NETCoreApp,Version=v10.0.AssemblyAttributes.cs
                   TargetFrameworkMonikerDisplayName = .NET 10.0
                   TargetFrameworkSDKToolsDirectory = 
                   TargetFrameworkVersion = v10.0
                   TargetLatestRuntimePatch = false
                   TargetName = Game
                   TargetPath = /mnt/projects/mlkvs/vecxy.game/Game/bin/Debug/net10.0/Game.dll
                   TargetPlatformDisplayName =  
                   TargetPlatformIdentifier = 
                   TargetPlatformRegistryBase = Software\Microsoft\Microsoft SDKs\
                   TargetPlatformSdkPath = 
                   TargetPlatformVersion = 
                   TargetRefPath = /mnt/projects/mlkvs/vecxy.game/Game/obj/Debug/net10.0/ref/Game.dll
                   TargetRuntime = Managed
                   TargetsCurrent = true
                   TargetsForTfmSpecificContentInPackage = ;_PackProjectToolValidation
                   ToolDepsJsonGeneratorProject = /home/melkov/.dotnet/sdk/10.0.302/Sdks/Microsoft.NET.Sdk/targets/GenerateDeps/GenerateDeps.proj
                   TreatWarningsAsErrors = false
                   TrimDepsJsonLibrariesWithoutAssets = true
                   UnmanagedRegistrationDependsOn = 
                   UnmanagedUnregistrationDependsOn = 
                   UnsupportedTargetFrameworkVersion = 11.0
                   UseAppHost = true
                   UseCommonOutputDirectory = false
                   UseDefaultPlatformLookupTables = true
                   UseHostCompilerIfAvailable = true
                   UseMSBuildTestInfrastructure = false
                   UseOSWinMdReferences = false
                   UseRidGraph = false
                   UserProfileRuntimeStorePath = /home/melkov/.dotnet/store
                   UserRuntimeConfig = /mnt/projects/mlkvs/vecxy.game/Game/runtimeconfig.template.json
                   UseSourcePath = true
                   UsingMicrosoftNETSdk = true
                   UsingNETSdkDefaults = true
                   Utf8Output = true
                   ValidateRuntimeIdentifierCompatibility = false
                   VerifyMatchingImplicitPackageVersion = true
                   Version = 1.0.0
                   VersionPrefix = 1.0.0
                   VisualBasicCoreTargetsPath = /home/melkov/.dotnet/sdk/10.0.302/Sdks/Microsoft.NET.Sdk/targets/../../../Roslyn/Microsoft.VisualBasic.Core.targets
                   VisualStudioVersion = 18.0
                   VSTestConsolePath = /home/melkov/.dotnet/sdk/10.0.302/vstest.console.dll
                   VSTestNoBuild = False
                   VSTestTargets = /home/melkov/.dotnet/sdk/10.0.302/Microsoft.TestPlatform.targets
                   VSTestTaskAssemblyFile = Microsoft.TestPlatform.Build.dll
                   VsTestUseMSBuildOutput = False
                   WarningLevel = 10
                   WarningsAsErrors = ;NU1605;SYSLIB0011
                   WarnOnPackingNonPackableProject = false
                   WebReference_EnableLegacyEventingModel = false
                   WebReference_EnableProperties = true
                   WebReference_EnableSQLTypes = true
                   WMSJSProject = WJProject
                   WMSJSProjectDirectory = JavaScript
                   YieldDuringToolExecution = true

00:59:18.215     0>Initial Items:
                   _AllDirectoriesAbove
                       /
                       /mnt
                       /mnt/projects
                       /mnt/projects/mlkvs
                       /mnt/projects/mlkvs/vecxy.game
                       /mnt/projects/mlkvs/vecxy.game/Game
                   _ApplicationManifestFinal
                       bin/Debug/net10.0/Game.dll.manifest
                           TargetPath = Game.dll.manifest
                   _DebugSymbolsIntermediatePath
                       obj/Debug/net10.0/Game.pdb
                   _DebugSymbolsOutputPath
                       bin/Debug/net10.0/Game.pdb
                   _DeploymentManifestEntryPoint
                       obj/Debug/net10.0/Game.dll
                           TargetPath = Game.dll
                   _EolNetCoreTargetFrameworkVersions
                       1.0
                       1.1
                       2.0
                       2.1
                       2.2
                       3.0
                       3.1
                       5.0
                       6.0
                       7.0
                   _ExcludedKnownRuntimeIdentiferPlatforms
                       rhel.6
                       rhel.6
                       rhel.6
                       rhel.6
                       rhel.6
                       rhel.6
                       rhel.6
                       rhel.6
                       rhel.6
                       rhel.6
                       rhel.6
                       rhel.6
                       rhel.6
                       rhel.6
                       rhel.6
                       rhel.6
                       rhel.6
                       tizen.4.0.0
                       tizen.4.0.0
                       tizen.4.0.0
                       tizen.4.0.0
                       tizen.4.0.0
                       tizen.4.0.0
                       tizen.4.0.0
                       tizen.4.0.0
                       tizen.4.0.0
                       tizen.4.0.0
                       tizen.4.0.0
                       tizen.4.0.0
                       tizen.4.0.0
                       tizen.4.0.0
                       tizen.4.0.0
                       tizen.4.0.0
                       tizen.4.0.0
                       tizen.4.0.0
                       tizen.4.0.0
                       tizen.4.0.0
                       tizen.4.0.0
                       tizen.4.0.0
                       tizen.4.0.0
                       tizen.4.0.0
                       tizen.4.0.0
                       tizen.4.0.0
                       tizen.4.0.0
                       tizen.4.0.0
                       tizen.4.0.0
                       tizen.4.0.0
                       tizen.4.0.0
                       tizen.4.0.0
                       tizen.4.0.0
                       tizen.4.0.0
                       tizen.4.0.0
                       tizen.4.0.0
                       tizen.4.0.0
                       tizen.4.0.0
                       tizen.4.0.0
                       tizen.4.0.0
                       tizen.4.0.0
                       tizen.4.0.0
                       tizen.5.0.0
                       tizen.5.0.0
                       tizen.5.0.0
                       tizen.5.0.0
                       tizen.5.0.0
                       tizen.5.0.0
                       tizen.5.0.0
                       tizen.5.0.0
                       tizen.5.0.0
                       tizen.5.0.0
                       tizen.5.0.0
                       tizen.5.0.0
                       tizen.5.0.0
                       tizen.5.0.0
                       tizen.5.0.0
                       tizen.5.0.0
                       tizen.5.0.0
                       tizen.5.0.0
                       tizen.5.0.0
                       tizen.5.0.0
                       tizen.5.0.0
                       tizen.5.0.0
                       tizen.5.0.0
                       tizen.5.0.0
                       tizen.5.0.0
                       tizen.5.0.0
                       tizen.5.0.0
                       tizen.5.0.0
                       tizen.5.0.0
                       tizen.5.0.0
                       tizen.5.0.0
                       tizen.5.0.0
                       tizen.5.0.0
                       tizen.5.0.0
                       tizen.5.0.0
                       tizen.5.0.0
                       tizen.5.0.0
                       tizen.5.0.0
                       tizen.5.0.0
                       tizen.5.0.0
                       tizen.5.0.0
                       tizen.5.0.0
                   _KnownRuntimeIdentiferPlatforms
                       any
                       any
                       any
                       any
                       any
                       any
                       any
                       any
                       any
                       any
                       any
                       any
                       any
                       any
                       any
                       any
                       any
                       any
                       any
                       any
                       any
                       any
                       any
                       any
                       any
                       any
                       any
                       any
                       any
                       any
                       any
                       any
                       any
                       any
                       any
                       any
                       any
                       any
                       any
                       any
                       any
                       aot
                       aot
                       aot
                       aot
                       aot
                       aot
                       aot
                       aot
                       aot
                       aot
                       aot
                       aot
                       aot
                       aot
                       aot
                       aot
                       aot
                       aot
                       aot
                       aot
                       aot
                       aot
                       aot
                       aot
                       aot
                       aot
                       aot
                       aot
                       aot
                       aot
                       aot
                       aot
                       aot
                       aot
                       aot
                       aot
                       aot
                       aot
                       aot
                       aot
                       aot
                       freebsd
                       freebsd
                       freebsd
                       freebsd
                       freebsd
                       freebsd
                       freebsd
                       freebsd
                       freebsd
                       freebsd
                       freebsd
                       freebsd
                       freebsd
                       freebsd
                       freebsd
                       freebsd
                       freebsd
                       freebsd
                       freebsd
                       freebsd
                       freebsd
                       freebsd
                       freebsd
                       freebsd
                       freebsd
                       freebsd
                       freebsd
                       freebsd
                       freebsd
                       freebsd
                       freebsd
                       freebsd
                       freebsd
                       freebsd
                       freebsd
                       freebsd
                       freebsd
                       freebsd
                       freebsd
                       freebsd
                       freebsd
                       illumos
                       illumos
                       illumos
                       illumos
                       illumos
                       illumos
                       illumos
                       illumos
                       illumos
                       illumos
                       illumos
                       illumos
                       illumos
                       illumos
                       illumos
                       illumos
                       illumos
                       illumos
                       illumos
                       illumos
                       illumos
                       illumos
                       illumos
                       illumos
                       illumos
                       illumos
                       illumos
                       illumos
                       illumos
                       illumos
                       illumos
                       illumos
                       illumos
                       illumos
                       illumos
                       illumos
                       illumos
                       illumos
                       illumos
                       illumos
                       illumos
                       solaris
                       solaris
                       solaris
                       solaris
                       solaris
                       solaris
                       solaris
                       solaris
                       solaris
                       solaris
                       solaris
                       solaris
                       solaris
                       solaris
                       solaris
                       solaris
                       solaris
                       solaris
                       solaris
                       solaris
                       solaris
                       solaris
                       solaris
                       solaris
                       solaris
                       solaris
                       solaris
                       solaris
                       solaris
                       solaris
                       solaris
                       solaris
                       solaris
                       solaris
                       solaris
                       solaris
                       solaris
                       solaris
                       solaris
                       solaris
                       solaris
                       unix
                       unix
                       unix
                       unix
                       unix
                       unix
                       unix
                       unix
                       unix
                       unix
                       unix
                       unix
                       unix
                       unix
                       unix
                       unix
                       unix
                       unix
                       unix
                       unix
                       unix
                       unix
                       unix
                       unix
                       unix
                       unix
                       unix
                       unix
                       unix
                       unix
                       unix
                       unix
                       unix
                       unix
                       unix
                       unix
                       unix
                       unix
                       unix
                       unix
                       unix
                   _OutputPathItem
                       bin/Debug/net10.0/
                   _ResolveComReferenceCache
                       obj/Debug/net10.0/Game.csproj.ResolveComReference.cache
                   _UnmanagedRegistrationCache
                       obj/Game.csproj.UnmanagedRegistration.cache
                   AdditionalProbingPath
                       /home/melkov/.dotnet/store/|arch|/|tfm|
                   AdditionalTargetFrameworkInfoProperty
                       _IsExecutable
                       _SelfContainedWasSpecified
                       IsRidAgnostic
                       SelfContained
                       ShouldBeValidatedAsExecutableReference
                   Analyzer
                       /home/melkov/.dotnet/sdk/10.0.302/Sdks/Microsoft.NET.Sdk/targets/../analyzers/Microsoft.CodeAnalysis.CSharp.NetAnalyzers.dll
                           IsImplicitlyDefined = true
                       /home/melkov/.dotnet/sdk/10.0.302/Sdks/Microsoft.NET.Sdk/targets/../analyzers/Microsoft.CodeAnalysis.NetAnalyzers.dll
                           IsImplicitlyDefined = true
                   AppConfigFileDestination
                       bin/Debug/net10.0/Game.dll.config
                   ApplicationManifest
                       obj/Debug/net10.0/Game.dll.manifest
                           TargetPath = Game.dll.manifest
                   BuiltProjectOutputGroupKeyOutput
                       /mnt/projects/mlkvs/vecxy.game/Game/obj/Debug/net10.0/Game.dll
                           IsKeyOutput = true
                           FinalOutputPath = /mnt/projects/mlkvs/vecxy.game/Game/bin/Debug/net10.0/Game.dll
                           TargetPath = Game.dll
                   ClsidMap
                       obj/Debug/net10.0/Game.clsidmap
                   Compile
                       FlyCamera.cs
                       FogSettingsConfig.cs
                       GameLayer.cs
                       Player.cs
                       Program.cs
                       SkyboxSettingsConfig.cs
                   CompilerVisibleProperty
                       _SupportedPlatformList
                       EnableComHosting
                       EnableGeneratedComInterfaceComImportInterop
                       EnforceExtendedAnalyzerRules
                       EntryPointFilePath
                       InvariantGlobalization
                       PlatformNeutralAssembly
                       ProjectDir
                       ProjectTypeGuids
                       RootNamespace
                       TargetFramework
                       TargetFrameworkIdentifier
                       TargetFrameworkVersion
                       TargetPlatformMinVersion
                       UsingMicrosoftNETSdkWeb
                   Content
                       Assets/Configs/Fog.yaml
                           CopyToOutputDirectory = PreserveNewest
                           TargetPath = Assets/Configs/Fog.yaml
                       Assets/Configs/Skybox.yaml
                           CopyToOutputDirectory = PreserveNewest
                           TargetPath = Assets/Configs/Skybox.yaml
                       Assets/Controls.input
                           CopyToOutputDirectory = PreserveNewest
                           TargetPath = Assets/Controls.input
                       Assets/Materials/Default.material
                           CopyToOutputDirectory = PreserveNewest
                           TargetPath = Assets/Materials/Default.material
                       Assets/Materials/Test.material
                           CopyToOutputDirectory = PreserveNewest
                           TargetPath = Assets/Materials/Test.material
                       Assets/Models/Plane.glb
                           CopyToOutputDirectory = PreserveNewest
                           TargetPath = Assets/Models/Plane.glb
                       Assets/Models/Robot.glb
                           CopyToOutputDirectory = PreserveNewest
                           TargetPath = Assets/Models/Robot.glb
                       Assets/Models/Room_Test_01.glb
                           CopyToOutputDirectory = PreserveNewest
                           TargetPath = Assets/Models/Room_Test_01.glb
                       Assets/Models/Scene.glb
                           CopyToOutputDirectory = PreserveNewest
                           TargetPath = Assets/Models/Scene.glb
                       Assets/Models/Suzanne.glb
                           CopyToOutputDirectory = PreserveNewest
                           TargetPath = Assets/Models/Suzanne.glb
                       Assets/PostProcessing/Retro.postfx
                           CopyToOutputDirectory = PreserveNewest
                           TargetPath = Assets/PostProcessing/Retro.postfx
                       Assets/PostProcessing/Vignette.postfx
                           CopyToOutputDirectory = PreserveNewest
                           TargetPath = Assets/PostProcessing/Vignette.postfx
                       Assets/Shaders/Lit.glsl
                           CopyToOutputDirectory = PreserveNewest
                           TargetPath = Assets/Shaders/Lit.glsl
                       Assets/Shaders/PostProcessing/Copy.glsl
                           CopyToOutputDirectory = PreserveNewest
                           TargetPath = Assets/Shaders/PostProcessing/Copy.glsl
                       Assets/Shaders/PostProcessing/Retro.glsl
                           CopyToOutputDirectory = PreserveNewest
                           TargetPath = Assets/Shaders/PostProcessing/Retro.glsl
                       Assets/Shaders/PostProcessing/Vignette.glsl
                           CopyToOutputDirectory = PreserveNewest
                           TargetPath = Assets/Shaders/PostProcessing/Vignette.glsl
                       Assets/Shaders/Skybox.glsl
                           CopyToOutputDirectory = PreserveNewest
                           TargetPath = Assets/Shaders/Skybox.glsl
                       Assets/SkyBox/cubemap/cubemap_layout.png
                           CopyToOutputDirectory = PreserveNewest
                           TargetPath = Assets/SkyBox/cubemap/cubemap_layout.png
                       Assets/SkyBox/cubemap/nx.png
                           CopyToOutputDirectory = PreserveNewest
                           TargetPath = Assets/SkyBox/cubemap/nx.png
                       Assets/SkyBox/cubemap/ny.png
                           CopyToOutputDirectory = PreserveNewest
                           TargetPath = Assets/SkyBox/cubemap/ny.png
                       Assets/SkyBox/cubemap/nz.png
                           CopyToOutputDirectory = PreserveNewest
                           TargetPath = Assets/SkyBox/cubemap/nz.png
                       Assets/SkyBox/cubemap/px.png
                           CopyToOutputDirectory = PreserveNewest
                           TargetPath = Assets/SkyBox/cubemap/px.png
                       Assets/SkyBox/cubemap/py.png
                           CopyToOutputDirectory = PreserveNewest
                           TargetPath = Assets/SkyBox/cubemap/py.png
                       Assets/SkyBox/cubemap/pz.png
                           CopyToOutputDirectory = PreserveNewest
                           TargetPath = Assets/SkyBox/cubemap/pz.png
                       Assets/SkyBox/sky.png
                           CopyToOutputDirectory = PreserveNewest
                           TargetPath = Assets/SkyBox/sky.png
                       Assets/Textures/Scene.png
                           CopyToOutputDirectory = PreserveNewest
                           TargetPath = Assets/Textures/Scene.png
                       Assets/Textures/T_Quad_White_64.png
                           CopyToOutputDirectory = PreserveNewest
                           TargetPath = Assets/Textures/T_Quad_White_64.png
                       Assets/Textures/T_Vecxy_Logo.png
                           CopyToOutputDirectory = PreserveNewest
                           TargetPath = Assets/Textures/T_Vecxy_Logo.png
                   CopyUpToDateMarker
                       /mnt/projects/mlkvs/vecxy.game/Game/obj/Debug/net10.0/Game.csproj.Up2Date
                   CreateDirectory
                       /mnt/projects/mlkvs/vecxy.game/Game/obj/Debug/net10.0/refint/
                       obj/Debug/net10.0/ref
                   DebugSymbolsProjectOutputGroupOutput
                       /mnt/projects/mlkvs/vecxy.game/Game/obj/Debug/net10.0/Game.pdb
                           FinalOutputPath = /mnt/projects/mlkvs/vecxy.game/Game/bin/Debug/net10.0/Game.pdb
                           TargetPath = Game.pdb
                   DeployManifest
                       obj/Debug/net10.0/Game.application
                           TargetPath = Game.application
                   EmbedInBinlog
                       /mnt/projects/mlkvs/vecxy.game/Game/obj/project.assets.json
                   Folder
                       Assets/Models/
                   FrameworkReference
                       Microsoft.NETCore.App
                           IsImplicitlyDefined = true
                           PrivateAssets = All
                           Pack = false
                   GenerateRuntimeConfigurationFilesInputs
                       /mnt/projects/mlkvs/vecxy.game/Game/obj/Debug/net10.0/Game.assets.cache
                       /mnt/projects/mlkvs/vecxy.game/Game/obj/project.assets.json
                   GlobalAnalyzerConfigFiles
                       /.globalconfig
                       /mnt/.globalconfig
                       /mnt/projects/.globalconfig
                       /mnt/projects/mlkvs/.globalconfig
                       /mnt/projects/mlkvs/vecxy.game/.globalconfig
                       /mnt/projects/mlkvs/vecxy.game/Game/.globalconfig
                   ImplicitPackageReferenceVersion
                       Microsoft.AspNetCore.All
                           LatestVersion = 2.1.30
                           DefaultVersion = 2.1.1
                           TargetFrameworkVersion = 2.1
                       Microsoft.AspNetCore.All
                           LatestVersion = 2.2.8
                           DefaultVersion = 2.2.0
                           TargetFrameworkVersion = 2.2
                       Microsoft.AspNetCore.App
                           LatestVersion = 2.1.30
                           DefaultVersion = 2.1.1
                           TargetFrameworkVersion = 2.1
                       Microsoft.AspNetCore.App
                           LatestVersion = 2.2.8
                           DefaultVersion = 2.2.0
                           TargetFrameworkVersion = 2.2
                       Microsoft.NETCore.App
                           LatestVersion = 1.0.16
                           DefaultVersion = 1.0.5
                           TargetFrameworkVersion = 1.0
                       Microsoft.NETCore.App
                           LatestVersion = 1.1.13
                           DefaultVersion = 1.1.2
                           TargetFrameworkVersion = 1.1
                       Microsoft.NETCore.App
                           LatestVersion = 2.0.9
                           DefaultVersion = 2.0.0
                           TargetFrameworkVersion = 2.0
                       Microsoft.NETCore.App
                           LatestVersion = 2.1.30
                           DefaultVersion = 2.1.0
                           TargetFrameworkVersion = 2.1
                       Microsoft.NETCore.App
                           LatestVersion = 2.2.8
                           DefaultVersion = 2.2.0
                           TargetFrameworkVersion = 2.2
                   IntermediateAssembly
                       obj/Debug/net10.0/Game.dll
                   IntermediateRefAssembly
                       obj/Debug/net10.0/refint/Game.dll
                   KnownAppHostPack
                       Microsoft.NETCore.App
                           ExcludedRuntimeIdentifiers = android
                           AppHostRuntimeIdentifiers = linux-arm;linux-arm64;linux-musl-arm64;linux-musl-x64;linux-x64;osx-x64;tizen.4.0.0-armel;tizen.5.0.0-armel;win-arm64;win-x64;win-x86;linux-musl-arm;osx-arm64;linux-s390x;linux-loongarch64;linux-bionic-arm;linux-bionic-arm64;linux-bionic-x64;linux-bionic-x86;linux-ppc64le;freebsd-x64;freebsd-arm64;linux-riscv64;linux-musl-riscv64;linux-musl-loongarch64
                           TargetFramework = net10.0
                           AppHostPackNamePattern = Microsoft.NETCore.App.Host.**RID**
                           AppHostPackVersion = 10.0.10
                       Microsoft.NETCore.App
                           ExcludedRuntimeIdentifiers = android
                           AppHostRuntimeIdentifiers = linux-arm;linux-arm64;linux-musl-arm64;linux-musl-x64;linux-x64;osx-x64;tizen.4.0.0-armel;tizen.5.0.0-armel;win-arm64;win-x64;win-x86;linux-musl-arm;osx-arm64;linux-s390x;linux-loongarch64;linux-bionic-arm;linux-bionic-arm64;linux-bionic-x64;linux-bionic-x86;linux-ppc64le;freebsd-x64;freebsd-arm64;linux-riscv64;linux-musl-riscv64;linux-musl-loongarch64
                           TargetFramework = net9.0
                           AppHostPackNamePattern = Microsoft.NETCore.App.Host.**RID**
                           AppHostPackVersion = 9.0.18
                       Microsoft.NETCore.App
                           ExcludedRuntimeIdentifiers = android
                           AppHostRuntimeIdentifiers = linux-arm;linux-arm64;linux-musl-arm64;linux-musl-x64;linux-x64;osx-x64;tizen.4.0.0-armel;tizen.5.0.0-armel;win-arm64;win-x64;win-x86;linux-musl-arm;osx-arm64;linux-s390x;linux-loongarch64;linux-bionic-arm;linux-bionic-arm64;linux-bionic-x64;linux-bionic-x86;linux-ppc64le;freebsd-x64;freebsd-arm64
                           TargetFramework = net8.0
                           AppHostPackNamePattern = Microsoft.NETCore.App.Host.**RID**
                           AppHostPackVersion = 8.0.29
                       Microsoft.NETCore.App
                           ExcludedRuntimeIdentifiers = android
                           AppHostRuntimeIdentifiers = linux-arm;linux-arm64;linux-musl-arm64;linux-musl-x64;linux-x64;osx-x64;tizen.4.0.0-armel;tizen.5.0.0-armel;win-arm;win-arm64;win-x64;win-x86;linux-musl-arm;osx-arm64;linux-s390x;linux-loongarch64;linux-bionic-arm;linux-bionic-arm64;linux-bionic-x64;linux-bionic-x86;linux-ppc64le
                           TargetFramework = net7.0
                           AppHostPackNamePattern = Microsoft.NETCore.App.Host.**RID**
                           AppHostPackVersion = 7.0.20
                       Microsoft.NETCore.App
                           ExcludedRuntimeIdentifiers = android
                           AppHostRuntimeIdentifiers = linux-arm;linux-arm64;linux-musl-arm64;linux-musl-x64;linux-x64;osx-x64;tizen.4.0.0-armel;tizen.5.0.0-armel;win-arm;win-arm64;win-x64;win-x86;linux-musl-arm;osx-arm64;linux-s390x;linux-loongarch64
                           TargetFramework = net6.0
                           AppHostPackNamePattern = Microsoft.NETCore.App.Host.**RID**
                           AppHostPackVersion = 6.0.36
                       Microsoft.NETCore.App
                           AppHostRuntimeIdentifiers = linux-arm;linux-arm64;linux-musl-arm64;linux-musl-x64;linux-x64;osx-x64;tizen.4.0.0-armel;tizen.5.0.0-armel;win-arm;win-arm64;win-x64;win-x86;linux-musl-arm
                           TargetFramework = net5.0
                           AppHostPackNamePattern = Microsoft.NETCore.App.Host.**RID**
                           AppHostPackVersion = 5.0.17
                       Microsoft.NETCore.App
                           AppHostRuntimeIdentifiers = linux-arm;linux-arm64;linux-musl-arm64;linux-musl-x64;linux-x64;osx-x64;tizen.4.0.0-armel;tizen.5.0.0-armel;win-arm;win-arm64;win-x64;win-x86
                           TargetFramework = netcoreapp3.1
                           AppHostPackNamePattern = Microsoft.NETCore.App.Host.**RID**
                           AppHostPackVersion = 3.1.32
                       Microsoft.NETCore.App
                           AppHostRuntimeIdentifiers = linux-arm;linux-arm64;linux-musl-arm64;linux-musl-x64;linux-x64;osx-x64;tizen.4.0.0-armel;tizen.5.0.0-armel;win-arm;win-arm64;win-x64;win-x86
                           TargetFramework = netcoreapp3.0
                           AppHostPackNamePattern = Microsoft.NETCore.App.Host.**RID**
                           AppHostPackVersion = 3.0.3
                   KnownAspNetCorePack
                       Microsoft.AspNetCore.App.Internal.Assets
                           TargetFramework = net10.0
                           AspNetCorePackVersion = 10.0.10
                   KnownCrossgen2Pack
                       Microsoft.NETCore.App.Crossgen2
                           Crossgen2RuntimeIdentifiers = linux-musl-x64;linux-x64;win-x64;linux-arm;linux-arm64;linux-musl-arm;linux-musl-arm64;osx-arm64;osx-x64;win-arm64;win-x86;freebsd-x64;freebsd-arm64;linux-riscv64;linux-musl-riscv64;linux-loongarch64;linux-musl-loongarch64
                           TargetFramework = net10.0
                           Crossgen2PackNamePattern = Microsoft.NETCore.App.Crossgen2.**RID**
                           Crossgen2PackVersion = 10.0.10
                           Crossgen2PortableRuntimeIdentifiers = linux-musl-x64;linux-x64;win-x64;linux-arm;linux-arm64;linux-musl-arm;linux-musl-arm64;osx-arm64;osx-x64;win-arm64;win-x86;freebsd-x64;freebsd-arm64;linux-riscv64;linux-musl-riscv64;linux-loongarch64;linux-musl-loongarch64
                       Microsoft.NETCore.App.Crossgen2
                           Crossgen2RuntimeIdentifiers = linux-musl-x64;linux-x64;win-x64;linux-arm;linux-arm64;linux-musl-arm;linux-musl-arm64;osx-arm64;osx-x64;win-arm64;win-x86;freebsd-x64;freebsd-arm64;linux-riscv64;linux-musl-riscv64;linux-loongarch64;linux-musl-loongarch64
                           TargetFramework = net9.0
                           Crossgen2PackNamePattern = Microsoft.NETCore.App.Crossgen2.**RID**
                           Crossgen2PackVersion = 9.0.18
                       Microsoft.NETCore.App.Crossgen2
                           Crossgen2RuntimeIdentifiers = linux-musl-x64;linux-x64;win-x64;linux-arm;linux-arm64;linux-musl-arm;linux-musl-arm64;osx-arm64;osx-x64;win-arm64;win-x86;freebsd-x64;freebsd-arm64
                           TargetFramework = net8.0
                           Crossgen2PackNamePattern = Microsoft.NETCore.App.Crossgen2.**RID**
                           Crossgen2PackVersion = 8.0.29
                       Microsoft.NETCore.App.Crossgen2
                           Crossgen2RuntimeIdentifiers = linux-musl-x64;linux-x64;win-x64;linux-arm;linux-arm64;linux-musl-arm;linux-musl-arm64;osx-arm64;osx-x64;win-arm;win-arm64;win-x86
                           TargetFramework = net7.0
                           Crossgen2PackNamePattern = Microsoft.NETCore.App.Crossgen2.**RID**
                           Crossgen2PackVersion = 7.0.20
                       Microsoft.NETCore.App.Crossgen2
                           Crossgen2RuntimeIdentifiers = linux-musl-x64;linux-x64;win-x64;linux-arm;linux-arm64;linux-musl-arm;linux-musl-arm64;osx-arm64;osx-x64;win-arm;win-arm64;win-x86
                           TargetFramework = net6.0
                           Crossgen2PackNamePattern = Microsoft.NETCore.App.Crossgen2.**RID**
                           Crossgen2PackVersion = 6.0.36
                       Microsoft.NETCore.App.Crossgen2
                           Crossgen2RuntimeIdentifiers = linux-musl-x64;linux-x64;win-x64
                           TargetFramework = net5.0
                           Crossgen2PackNamePattern = Microsoft.NETCore.App.Crossgen2.**RID**
                           Crossgen2PackVersion = 5.0.17
                   KnownFrameworkReference
                       Microsoft.AspNetCore.App
                           TargetFramework = netcoreapp3.1
                           DefaultRuntimeFrameworkVersion = 3.1.0
                           TargetingPackName = Microsoft.AspNetCore.App.Ref
                           LatestRuntimeFrameworkVersion = 3.1.32
                           RuntimePackRuntimeIdentifiers = win-x64;win-x86;win-arm;osx-x64;linux-musl-x64;linux-musl-arm64;linux-x64;linux-arm;linux-arm64
                           RuntimePackNamePatterns = Microsoft.AspNetCore.App.Runtime.**RID**
                           TargetingPackVersion = 3.1.10
                           RuntimeFrameworkName = Microsoft.AspNetCore.App
                       Microsoft.AspNetCore.App
                           TargetFramework = net10.0
                           DefaultRuntimeFrameworkVersion = 10.0.0
                           TargetingPackName = Microsoft.AspNetCore.App.Ref
                           LatestRuntimeFrameworkVersion = 10.0.10
                           RuntimePackExcludedRuntimeIdentifiers = android;linux-bionic
                           RuntimePackRuntimeIdentifiers = win-x64;win-x86;osx-x64;linux-musl-x64;linux-musl-arm64;linux-x64;linux-arm;linux-arm64;linux-musl-arm;win-arm64;osx-arm64;linux-s390x;linux-loongarch64;linux-ppc64le;freebsd-x64;freebsd-arm64;linux-riscv64;linux-musl-riscv64;linux-loongarch64;linux-musl-loongarch64
                           RuntimePackNamePatterns = Microsoft.AspNetCore.App.Runtime.**RID**
                           TargetingPackVersion = 10.0.10
                           RuntimeFrameworkName = Microsoft.AspNetCore.App
                       Microsoft.AspNetCore.App
                           TargetFramework = net5.0
                           DefaultRuntimeFrameworkVersion = 5.0.0
                           TargetingPackName = Microsoft.AspNetCore.App.Ref
                           LatestRuntimeFrameworkVersion = 5.0.17
                           RuntimePackRuntimeIdentifiers = win-x64;win-x86;win-arm;osx-x64;linux-musl-x64;linux-musl-arm64;linux-x64;linux-arm;linux-arm64;linux-musl-arm;win-arm64
                           RuntimePackNamePatterns = Microsoft.AspNetCore.App.Runtime.**RID**
                           TargetingPackVersion = 5.0.0
                           RuntimeFrameworkName = Microsoft.AspNetCore.App
                       Microsoft.AspNetCore.App
                           TargetFramework = net6.0
                           DefaultRuntimeFrameworkVersion = 6.0.0
                           TargetingPackName = Microsoft.AspNetCore.App.Ref
                           LatestRuntimeFrameworkVersion = 6.0.36
                           RuntimePackRuntimeIdentifiers = win-x64;win-x86;win-arm;osx-x64;linux-musl-x64;linux-musl-arm64;linux-x64;linux-arm;linux-arm64;linux-musl-arm;win-arm64;osx-arm64;linux-s390x;linux-loongarch64
                           RuntimePackNamePatterns = Microsoft.AspNetCore.App.Runtime.**RID**
                           TargetingPackVersion = 6.0.36
                           RuntimeFrameworkName = Microsoft.AspNetCore.App
                       Microsoft.AspNetCore.App
                           TargetFramework = netcoreapp3.0
                           DefaultRuntimeFrameworkVersion = 3.0.0
                           TargetingPackName = Microsoft.AspNetCore.App.Ref
                           LatestRuntimeFrameworkVersion = 3.0.3
                           RuntimePackRuntimeIdentifiers = win-x64;win-x86;win-arm;osx-x64;linux-musl-x64;linux-musl-arm64;linux-x64;linux-arm;linux-arm64
                           RuntimePackNamePatterns = Microsoft.AspNetCore.App.Runtime.**RID**
                           TargetingPackVersion = 3.0.1
                           RuntimeFrameworkName = Microsoft.AspNetCore.App
                       Microsoft.AspNetCore.App
                           TargetFramework = net9.0
                           DefaultRuntimeFrameworkVersion = 9.0.0
                           TargetingPackName = Microsoft.AspNetCore.App.Ref
                           LatestRuntimeFrameworkVersion = 9.0.18
                           RuntimePackExcludedRuntimeIdentifiers = android;linux-bionic
                           RuntimePackRuntimeIdentifiers = win-x64;win-x86;osx-x64;linux-musl-x64;linux-musl-arm64;linux-x64;linux-arm;linux-arm64;linux-musl-arm;win-arm64;osx-arm64;linux-s390x;linux-loongarch64;linux-ppc64le;freebsd-x64;freebsd-arm64;linux-riscv64;linux-musl-riscv64;linux-loongarch64;linux-musl-loongarch64
                           RuntimePackNamePatterns = Microsoft.AspNetCore.App.Runtime.**RID**
                           TargetingPackVersion = 9.0.18
                           RuntimeFrameworkName = Microsoft.AspNetCore.App
                       Microsoft.AspNetCore.App
                           TargetFramework = net7.0
                           DefaultRuntimeFrameworkVersion = 7.0.0
                           TargetingPackName = Microsoft.AspNetCore.App.Ref
                           LatestRuntimeFrameworkVersion = 7.0.20
                           RuntimePackExcludedRuntimeIdentifiers = android
                           RuntimePackRuntimeIdentifiers = win-x64;win-x86;win-arm;osx-x64;linux-musl-x64;linux-musl-arm64;linux-x64;linux-arm;linux-arm64;linux-musl-arm;win-arm64;osx-arm64;linux-s390x;linux-loongarch64;linux-ppc64le
                           RuntimePackNamePatterns = Microsoft.AspNetCore.App.Runtime.**RID**
                           TargetingPackVersion = 7.0.20
                           RuntimeFrameworkName = Microsoft.AspNetCore.App
                       Microsoft.AspNetCore.App
                           TargetFramework = net8.0
                           DefaultRuntimeFrameworkVersion = 8.0.0
                           TargetingPackName = Microsoft.AspNetCore.App.Ref
                           LatestRuntimeFrameworkVersion = 8.0.29
                           RuntimePackExcludedRuntimeIdentifiers = android;linux-bionic
                           RuntimePackRuntimeIdentifiers = win-x64;win-x86;osx-x64;linux-musl-x64;linux-musl-arm64;linux-x64;linux-arm;linux-arm64;linux-musl-arm;win-arm64;osx-arm64;linux-s390x;linux-loongarch64;linux-ppc64le;freebsd-x64;freebsd-arm64
                           RuntimePackNamePatterns = Microsoft.AspNetCore.App.Runtime.**RID**
                           TargetingPackVersion = 8.0.29
                           RuntimeFrameworkName = Microsoft.AspNetCore.App
                       Microsoft.NETCore.App
                           TargetFramework = net10.0
                           DefaultRuntimeFrameworkVersion = 10.0.0
                           TargetingPackName = Microsoft.NETCore.App.Ref
                           LatestRuntimeFrameworkVersion = 10.0.10
                           RuntimePackRuntimeIdentifiers = linux-arm;linux-arm64;linux-musl-arm64;linux-musl-x64;linux-x64;osx-x64;tizen.4.0.0-armel;tizen.5.0.0-armel;win-arm64;win-x64;win-x86;linux-musl-arm;osx-arm64;linux-s390x;linux-loongarch64;linux-bionic-arm;linux-bionic-arm64;linux-bionic-x64;linux-bionic-x86;linux-ppc64le;freebsd-x64;freebsd-arm64;linux-riscv64;linux-musl-riscv64;linux-musl-loongarch64;android-arm64;android-x64
                           RuntimePackNamePatterns = Microsoft.NETCore.App.Runtime.**RID**
                           TargetingPackVersion = 10.0.10
                           RuntimeFrameworkName = Microsoft.NETCore.App
                       Microsoft.NETCore.App
                           TargetFramework = netcoreapp3.0
                           DefaultRuntimeFrameworkVersion = 3.0.0
                           TargetingPackName = Microsoft.NETCore.App.Ref
                           LatestRuntimeFrameworkVersion = 3.0.3
                           RuntimePackRuntimeIdentifiers = linux-arm;linux-arm64;linux-musl-arm64;linux-musl-x64;linux-x64;osx-x64;tizen.4.0.0-armel;tizen.5.0.0-armel;win-arm;win-arm64;win-x64;win-x86
                           RuntimePackNamePatterns = Microsoft.NETCore.App.Runtime.**RID**
                           TargetingPackVersion = 3.0.0
                           IsTrimmable = true
                           RuntimeFrameworkName = Microsoft.NETCore.App
                       Microsoft.NETCore.App
                           TargetFramework = netcoreapp3.1
                           DefaultRuntimeFrameworkVersion = 3.1.0
                           TargetingPackName = Microsoft.NETCore.App.Ref
                           LatestRuntimeFrameworkVersion = 3.1.32
                           RuntimePackRuntimeIdentifiers = linux-arm;linux-arm64;linux-musl-arm64;linux-musl-x64;linux-x64;osx-x64;tizen.4.0.0-armel;tizen.5.0.0-armel;win-arm;win-arm64;win-x64;win-x86
                           RuntimePackNamePatterns = Microsoft.NETCore.App.Runtime.**RID**
                           TargetingPackVersion = 3.1.0
                           IsTrimmable = true
                           RuntimeFrameworkName = Microsoft.NETCore.App
                       Microsoft.NETCore.App
                           TargetFramework = net5.0
                           DefaultRuntimeFrameworkVersion = 5.0.0
                           TargetingPackName = Microsoft.NETCore.App.Ref
                           LatestRuntimeFrameworkVersion = 5.0.17
                           RuntimePackRuntimeIdentifiers = linux-arm;linux-arm64;linux-musl-arm64;linux-musl-x64;linux-x64;osx-x64;tizen.4.0.0-armel;tizen.5.0.0-armel;win-arm;win-arm64;win-x64;win-x86;linux-musl-arm;browser-wasm
                           RuntimePackNamePatterns = Microsoft.NETCore.App.Runtime.**RID**
                           TargetingPackVersion = 5.0.0
                           IsTrimmable = true
                           RuntimeFrameworkName = Microsoft.NETCore.App
                       Microsoft.NETCore.App
                           TargetFramework = net7.0
                           DefaultRuntimeFrameworkVersion = 7.0.0
                           TargetingPackName = Microsoft.NETCore.App.Ref
                           LatestRuntimeFrameworkVersion = 7.0.20
                           RuntimePackRuntimeIdentifiers = linux-arm;linux-arm64;linux-musl-arm64;linux-musl-x64;linux-x64;osx-x64;tizen.4.0.0-armel;tizen.5.0.0-armel;win-arm;win-arm64;win-x64;win-x86;linux-musl-arm;osx-arm64;linux-s390x;linux-loongarch64;linux-bionic-arm;linux-bionic-arm64;linux-bionic-x64;linux-bionic-x86;linux-ppc64le
                           RuntimePackNamePatterns = Microsoft.NETCore.App.Runtime.**RID**
                           TargetingPackVersion = 7.0.20
                           RuntimeFrameworkName = Microsoft.NETCore.App
                       Microsoft.NETCore.App
                           TargetFramework = net6.0
                           DefaultRuntimeFrameworkVersion = 6.0.0
                           TargetingPackName = Microsoft.NETCore.App.Ref
                           LatestRuntimeFrameworkVersion = 6.0.36
                           RuntimePackRuntimeIdentifiers = linux-arm;linux-arm64;linux-musl-arm64;linux-musl-x64;linux-x64;osx-x64;tizen.4.0.0-armel;tizen.5.0.0-armel;win-arm;win-arm64;win-x64;win-x86;linux-musl-arm;osx-arm64;linux-s390x;linux-loongarch64
                           RuntimePackNamePatterns = Microsoft.NETCore.App.Runtime.**RID**
                           TargetingPackVersion = 6.0.36
                           RuntimeFrameworkName = Microsoft.NETCore.App
                       Microsoft.NETCore.App
                           TargetFramework = net8.0
                           DefaultRuntimeFrameworkVersion = 8.0.0
                           TargetingPackName = Microsoft.NETCore.App.Ref
                           LatestRuntimeFrameworkVersion = 8.0.29
                           RuntimePackRuntimeIdentifiers = linux-arm;linux-arm64;linux-musl-arm64;linux-musl-x64;linux-x64;osx-x64;tizen.4.0.0-armel;tizen.5.0.0-armel;win-arm64;win-x64;win-x86;linux-musl-arm;osx-arm64;linux-s390x;linux-loongarch64;linux-bionic-arm;linux-bionic-arm64;linux-bionic-x64;linux-bionic-x86;linux-ppc64le;freebsd-x64;freebsd-arm64
                           RuntimePackNamePatterns = Microsoft.NETCore.App.Runtime.**RID**
                           TargetingPackVersion = 8.0.29
                           RuntimeFrameworkName = Microsoft.NETCore.App
                       Microsoft.NETCore.App
                           TargetFramework = net9.0
                           DefaultRuntimeFrameworkVersion = 9.0.0
                           TargetingPackName = Microsoft.NETCore.App.Ref
                           LatestRuntimeFrameworkVersion = 9.0.18
                           RuntimePackRuntimeIdentifiers = linux-arm;linux-arm64;linux-musl-arm64;linux-musl-x64;linux-x64;osx-x64;tizen.4.0.0-armel;tizen.5.0.0-armel;win-arm64;win-x64;win-x86;linux-musl-arm;osx-arm64;linux-s390x;linux-loongarch64;linux-bionic-arm;linux-bionic-arm64;linux-bionic-x64;linux-bionic-x86;linux-ppc64le;freebsd-x64;freebsd-arm64;linux-riscv64;linux-musl-riscv64;linux-musl-loongarch64
                           RuntimePackNamePatterns = Microsoft.NETCore.App.Runtime.**RID**
                           TargetingPackVersion = 9.0.18
                           RuntimeFrameworkName = Microsoft.NETCore.App
                       Microsoft.WindowsDesktop.App
                           TargetFramework = net8.0
                           DefaultRuntimeFrameworkVersion = 8.0.0
                           TargetingPackName = Microsoft.WindowsDesktop.App.Ref
                           IsWindowsOnly = true
                           LatestRuntimeFrameworkVersion = 8.0.29
                           RuntimePackRuntimeIdentifiers = win-x64;win-x86;win-arm64
                           RuntimePackNamePatterns = Microsoft.WindowsDesktop.App.Runtime.**RID**
                           TargetingPackVersion = 8.0.29
                           RuntimeFrameworkName = Microsoft.WindowsDesktop.App
                       Microsoft.WindowsDesktop.App
                           TargetFramework = net7.0
                           DefaultRuntimeFrameworkVersion = 7.0.0
                           TargetingPackName = Microsoft.WindowsDesktop.App.Ref
                           IsWindowsOnly = true
                           LatestRuntimeFrameworkVersion = 7.0.20
                           RuntimePackRuntimeIdentifiers = win-x64;win-x86;win-arm64
                           RuntimePackNamePatterns = Microsoft.WindowsDesktop.App.Runtime.**RID**
                           TargetingPackVersion = 7.0.20
                           RuntimeFrameworkName = Microsoft.WindowsDesktop.App
                       Microsoft.WindowsDesktop.App
                           TargetFramework = netcoreapp3.1
                           DefaultRuntimeFrameworkVersion = 3.1.0
                           TargetingPackName = Microsoft.WindowsDesktop.App.Ref
                           IsWindowsOnly = true
                           LatestRuntimeFrameworkVersion = 3.1.32
                           RuntimePackRuntimeIdentifiers = win-x64;win-x86
                           RuntimePackNamePatterns = Microsoft.WindowsDesktop.App.Runtime.**RID**
                           TargetingPackVersion = 3.1.0
                           RuntimeFrameworkName = Microsoft.WindowsDesktop.App
                       Microsoft.WindowsDesktop.App
                           TargetFramework = net6.0
                           DefaultRuntimeFrameworkVersion = 6.0.0
                           TargetingPackName = Microsoft.WindowsDesktop.App.Ref
                           IsWindowsOnly = true
                           LatestRuntimeFrameworkVersion = 6.0.36
                           RuntimePackRuntimeIdentifiers = win-x64;win-x86;win-arm64
                           RuntimePackNamePatterns = Microsoft.WindowsDesktop.App.Runtime.**RID**
                           TargetingPackVersion = 6.0.36
                           RuntimeFrameworkName = Microsoft.WindowsDesktop.App
                       Microsoft.WindowsDesktop.App
                           TargetFramework = net10.0
                           DefaultRuntimeFrameworkVersion = 10.0.0
                           TargetingPackName = Microsoft.WindowsDesktop.App.Ref
                           IsWindowsOnly = true
                           LatestRuntimeFrameworkVersion = 10.0.10
                           RuntimePackRuntimeIdentifiers = win-x64;win-x86;win-arm64
                           RuntimePackNamePatterns = Microsoft.WindowsDesktop.App.Runtime.**RID**
                           TargetingPackVersion = 10.0.10
                           RuntimeFrameworkName = Microsoft.WindowsDesktop.App
                       Microsoft.WindowsDesktop.App
                           TargetFramework = netcoreapp3.0
                           DefaultRuntimeFrameworkVersion = 3.0.0
                           TargetingPackName = Microsoft.WindowsDesktop.App.Ref
                           IsWindowsOnly = true
                           LatestRuntimeFrameworkVersion = 3.0.3
                           RuntimePackRuntimeIdentifiers = win-x64;win-x86
                           RuntimePackNamePatterns = Microsoft.WindowsDesktop.App.Runtime.**RID**
                           TargetingPackVersion = 3.0.0
                           RuntimeFrameworkName = Microsoft.WindowsDesktop.App
                       Microsoft.WindowsDesktop.App
                           TargetFramework = net9.0
                           DefaultRuntimeFrameworkVersion = 9.0.0
                           TargetingPackName = Microsoft.WindowsDesktop.App.Ref
                           IsWindowsOnly = true
                           LatestRuntimeFrameworkVersion = 9.0.18
                           RuntimePackRuntimeIdentifiers = win-x64;win-x86;win-arm64
                           RuntimePackNamePatterns = Microsoft.WindowsDesktop.App.Runtime.**RID**
                           TargetingPackVersion = 9.0.18
                           RuntimeFrameworkName = Microsoft.WindowsDesktop.App
                       Microsoft.WindowsDesktop.App
                           TargetFramework = net5.0
                           DefaultRuntimeFrameworkVersion = 5.0.0
                           TargetingPackName = Microsoft.WindowsDesktop.App.Ref
                           IsWindowsOnly = true
                           LatestRuntimeFrameworkVersion = 5.0.17
                           RuntimePackRuntimeIdentifiers = win-x64;win-x86;win-arm64
                           RuntimePackNamePatterns = Microsoft.WindowsDesktop.App.Runtime.**RID**
                           TargetingPackVersion = 5.0.0
                           RuntimeFrameworkName = Microsoft.WindowsDesktop.App
                       Microsoft.WindowsDesktop.App.WindowsForms
                           TargetFramework = net6.0
                           DefaultRuntimeFrameworkVersion = 6.0.0
                           TargetingPackName = Microsoft.WindowsDesktop.App.Ref
                           IsWindowsOnly = true
                           LatestRuntimeFrameworkVersion = 6.0.36
                           RuntimePackRuntimeIdentifiers = win-x64;win-x86;win-arm64
                           RuntimePackNamePatterns = Microsoft.WindowsDesktop.App.Runtime.**RID**
                           TargetingPackVersion = 6.0.36
                           Profile = WindowsForms
                           RuntimeFrameworkName = Microsoft.WindowsDesktop.App
                       Microsoft.WindowsDesktop.App.WindowsForms
                           TargetFramework = net10.0
                           DefaultRuntimeFrameworkVersion = 10.0.0
                           TargetingPackName = Microsoft.WindowsDesktop.App.Ref
                           IsWindowsOnly = true
                           LatestRuntimeFrameworkVersion = 10.0.10
                           RuntimePackRuntimeIdentifiers = win-x64;win-x86;win-arm64
                           RuntimePackNamePatterns = Microsoft.WindowsDesktop.App.Runtime.**RID**
                           TargetingPackVersion = 10.0.10
                           Profile = WindowsForms
                           RuntimeFrameworkName = Microsoft.WindowsDesktop.App
                       Microsoft.WindowsDesktop.App.WindowsForms
                           TargetFramework = net5.0
                           DefaultRuntimeFrameworkVersion = 5.0.0
                           TargetingPackName = Microsoft.WindowsDesktop.App.Ref
                           IsWindowsOnly = true
                           LatestRuntimeFrameworkVersion = 5.0.17
                           RuntimePackRuntimeIdentifiers = win-x64;win-x86;win-arm64
                           RuntimePackNamePatterns = Microsoft.WindowsDesktop.App.Runtime.**RID**
                           TargetingPackVersion = 5.0.0
                           Profile = WindowsForms
                           RuntimeFrameworkName = Microsoft.WindowsDesktop.App
                       Microsoft.WindowsDesktop.App.WindowsForms
                           TargetFramework = netcoreapp3.1
                           DefaultRuntimeFrameworkVersion = 3.1.0
                           TargetingPackName = Microsoft.WindowsDesktop.App.Ref
                           IsWindowsOnly = true
                           LatestRuntimeFrameworkVersion = 3.1.32
                           RuntimePackRuntimeIdentifiers = win-x64;win-x86
                           RuntimePackNamePatterns = Microsoft.WindowsDesktop.App.Runtime.**RID**
                           TargetingPackVersion = 3.1.0
                           Profile = WindowsForms
                           RuntimeFrameworkName = Microsoft.WindowsDesktop.App
                       Microsoft.WindowsDesktop.App.WindowsForms
                           TargetFramework = net9.0
                           DefaultRuntimeFrameworkVersion = 9.0.0
                           TargetingPackName = Microsoft.WindowsDesktop.App.Ref
                           IsWindowsOnly = true
                           LatestRuntimeFrameworkVersion = 9.0.18
                           RuntimePackRuntimeIdentifiers = win-x64;win-x86;win-arm64
                           RuntimePackNamePatterns = Microsoft.WindowsDesktop.App.Runtime.**RID**
                           TargetingPackVersion = 9.0.18
                           Profile = WindowsForms
                           RuntimeFrameworkName = Microsoft.WindowsDesktop.App
                       Microsoft.WindowsDesktop.App.WindowsForms
                           TargetFramework = net7.0
                           DefaultRuntimeFrameworkVersion = 7.0.0
                           TargetingPackName = Microsoft.WindowsDesktop.App.Ref
                           IsWindowsOnly = true
                           LatestRuntimeFrameworkVersion = 7.0.20
                           RuntimePackRuntimeIdentifiers = win-x64;win-x86;win-arm64
                           RuntimePackNamePatterns = Microsoft.WindowsDesktop.App.Runtime.**RID**
                           TargetingPackVersion = 7.0.20
                           Profile = WindowsForms
                           RuntimeFrameworkName = Microsoft.WindowsDesktop.App
                       Microsoft.WindowsDesktop.App.WindowsForms
                           TargetFramework = netcoreapp3.0
                           DefaultRuntimeFrameworkVersion = 3.0.0
                           TargetingPackName = Microsoft.WindowsDesktop.App.Ref
                           IsWindowsOnly = true
                           LatestRuntimeFrameworkVersion = 3.0.3
                           RuntimePackRuntimeIdentifiers = win-x64;win-x86
                           RuntimePackNamePatterns = Microsoft.WindowsDesktop.App.Runtime.**RID**
                           TargetingPackVersion = 3.0.0
                           Profile = WindowsForms
                           RuntimeFrameworkName = Microsoft.WindowsDesktop.App
                       Microsoft.WindowsDesktop.App.WindowsForms
                           TargetFramework = net8.0
                           DefaultRuntimeFrameworkVersion = 8.0.0
                           TargetingPackName = Microsoft.WindowsDesktop.App.Ref
                           IsWindowsOnly = true
                           LatestRuntimeFrameworkVersion = 8.0.29
                           RuntimePackRuntimeIdentifiers = win-x64;win-x86;win-arm64
                           RuntimePackNamePatterns = Microsoft.WindowsDesktop.App.Runtime.**RID**
                           TargetingPackVersion = 8.0.29
                           Profile = WindowsForms
                           RuntimeFrameworkName = Microsoft.WindowsDesktop.App
                       Microsoft.WindowsDesktop.App.WPF
                           TargetFramework = netcoreapp3.0
                           DefaultRuntimeFrameworkVersion = 3.0.0
                           TargetingPackName = Microsoft.WindowsDesktop.App.Ref
                           IsWindowsOnly = true
                           LatestRuntimeFrameworkVersion = 3.0.3
                           RuntimePackRuntimeIdentifiers = win-x64;win-x86
                           RuntimePackNamePatterns = Microsoft.WindowsDesktop.App.Runtime.**RID**
                           TargetingPackVersion = 3.0.0
                           Profile = WPF
                           RuntimeFrameworkName = Microsoft.WindowsDesktop.App
                       Microsoft.WindowsDesktop.App.WPF
                           TargetFramework = net8.0
                           DefaultRuntimeFrameworkVersion = 8.0.0
                           TargetingPackName = Microsoft.WindowsDesktop.App.Ref
                           IsWindowsOnly = true
                           LatestRuntimeFrameworkVersion = 8.0.29
                           RuntimePackRuntimeIdentifiers = win-x64;win-x86;win-arm64
                           RuntimePackNamePatterns = Microsoft.WindowsDesktop.App.Runtime.**RID**
                           TargetingPackVersion = 8.0.29
                           Profile = WPF
                           RuntimeFrameworkName = Microsoft.WindowsDesktop.App
                       Microsoft.WindowsDesktop.App.WPF
                           TargetFramework = net5.0
                           DefaultRuntimeFrameworkVersion = 5.0.0
                           TargetingPackName = Microsoft.WindowsDesktop.App.Ref
                           IsWindowsOnly = true
                           LatestRuntimeFrameworkVersion = 5.0.17
                           RuntimePackRuntimeIdentifiers = win-x64;win-x86;win-arm64
                           RuntimePackNamePatterns = Microsoft.WindowsDesktop.App.Runtime.**RID**
                           TargetingPackVersion = 5.0.0
                           Profile = WPF
                           RuntimeFrameworkName = Microsoft.WindowsDesktop.App
                       Microsoft.WindowsDesktop.App.WPF
                           TargetFramework = netcoreapp3.1
                           DefaultRuntimeFrameworkVersion = 3.1.0
                           TargetingPackName = Microsoft.WindowsDesktop.App.Ref
                           IsWindowsOnly = true
                           LatestRuntimeFrameworkVersion = 3.1.32
                           RuntimePackRuntimeIdentifiers = win-x64;win-x86
                           RuntimePackNamePatterns = Microsoft.WindowsDesktop.App.Runtime.**RID**
                           TargetingPackVersion = 3.1.0
                           Profile = WPF
                           RuntimeFrameworkName = Microsoft.WindowsDesktop.App
                       Microsoft.WindowsDesktop.App.WPF
                           TargetFramework = net9.0
                           DefaultRuntimeFrameworkVersion = 9.0.0
                           TargetingPackName = Microsoft.WindowsDesktop.App.Ref
                           IsWindowsOnly = true
                           LatestRuntimeFrameworkVersion = 9.0.18
                           RuntimePackRuntimeIdentifiers = win-x64;win-x86;win-arm64
                           RuntimePackNamePatterns = Microsoft.WindowsDesktop.App.Runtime.**RID**
                           TargetingPackVersion = 9.0.18
                           Profile = WPF
                           RuntimeFrameworkName = Microsoft.WindowsDesktop.App
                       Microsoft.WindowsDesktop.App.WPF
                           TargetFramework = net6.0
                           DefaultRuntimeFrameworkVersion = 6.0.0
                           TargetingPackName = Microsoft.WindowsDesktop.App.Ref
                           IsWindowsOnly = true
                           LatestRuntimeFrameworkVersion = 6.0.36
                           RuntimePackRuntimeIdentifiers = win-x64;win-x86;win-arm64
                           RuntimePackNamePatterns = Microsoft.WindowsDesktop.App.Runtime.**RID**
                           TargetingPackVersion = 6.0.36
                           Profile = WPF
                           RuntimeFrameworkName = Microsoft.WindowsDesktop.App
                       Microsoft.WindowsDesktop.App.WPF
                           TargetFramework = net7.0
                           DefaultRuntimeFrameworkVersion = 7.0.0
                           TargetingPackName = Microsoft.WindowsDesktop.App.Ref
                           IsWindowsOnly = true
                           LatestRuntimeFrameworkVersion = 7.0.20
                           RuntimePackRuntimeIdentifiers = win-x64;win-x86;win-arm64
                           RuntimePackNamePatterns = Microsoft.WindowsDesktop.App.Runtime.**RID**
                           TargetingPackVersion = 7.0.20
                           Profile = WPF
                           RuntimeFrameworkName = Microsoft.WindowsDesktop.App
                       Microsoft.WindowsDesktop.App.WPF
                           TargetFramework = net10.0
                           DefaultRuntimeFrameworkVersion = 10.0.0
                           TargetingPackName = Microsoft.WindowsDesktop.App.Ref
                           IsWindowsOnly = true
                           LatestRuntimeFrameworkVersion = 10.0.10
                           RuntimePackRuntimeIdentifiers = win-x64;win-x86;win-arm64
                           RuntimePackNamePatterns = Microsoft.WindowsDesktop.App.Runtime.**RID**
                           TargetingPackVersion = 10.0.10
                           Profile = WPF
                           RuntimeFrameworkName = Microsoft.WindowsDesktop.App
                       NETStandard.Library
                           TargetFramework = netstandard2.1
                           TargetingPackName = NETStandard.Library.Ref
                           TargetingPackVersion = 2.1.0
                   KnownILCompilerPack
                       Microsoft.DotNet.ILCompiler
                           ILCompilerPackNamePattern = runtime.**RID**.Microsoft.DotNet.ILCompiler
                           ILCompilerRuntimePackNamePattern = Microsoft.NETCore.App.Runtime.NativeAOT.**RID**
                           TargetFramework = net10.0
                           ILCompilerPackVersion = 10.0.10
                           ILCompilerRuntimeIdentifiers = linux-arm64;linux-musl-arm64;linux-musl-x64;linux-x64;win-arm64;win-x64;osx-x64;osx-arm64;freebsd-x64;freebsd-arm64;linux-arm;linux-musl-arm;linux-loongarch64;linux-musl-loongarch64;win-x86;linux-riscv64;linux-musl-riscv64
                           ILCompilerPortableRuntimeIdentifiers = linux-arm64;linux-musl-arm64;linux-musl-x64;linux-x64;win-arm64;win-x64;osx-x64;osx-arm64;freebsd-x64;freebsd-arm64;linux-arm;linux-musl-arm;linux-loongarch64;linux-musl-loongarch64;win-x86;linux-riscv64;linux-musl-riscv64
                       Microsoft.DotNet.ILCompiler
                           ILCompilerPackNamePattern = runtime.**RID**.Microsoft.DotNet.ILCompiler
                           TargetFramework = net9.0
                           ILCompilerPackVersion = 9.0.18
                           ILCompilerRuntimeIdentifiers = linux-arm64;linux-musl-arm64;linux-musl-x64;linux-x64;win-arm64;win-x64;osx-x64;osx-arm64;freebsd-x64;freebsd-arm64;linux-arm;linux-musl-arm;linux-loongarch64;linux-musl-loongarch64;win-x86
                       Microsoft.DotNet.ILCompiler
                           ILCompilerPackNamePattern = runtime.**RID**.Microsoft.DotNet.ILCompiler
                           TargetFramework = net8.0
                           ILCompilerPackVersion = 8.0.29
                           ILCompilerRuntimeIdentifiers = linux-arm64;linux-musl-arm64;linux-musl-x64;linux-x64;win-arm64;win-x64;osx-x64;osx-arm64;freebsd-x64;freebsd-arm64
                       Microsoft.DotNet.ILCompiler
                           ILCompilerPackNamePattern = runtime.**RID**.Microsoft.DotNet.ILCompiler
                           TargetFramework = net7.0
                           ILCompilerPackVersion = 7.0.20
                           ILCompilerRuntimeIdentifiers = linux-arm64;linux-musl-arm64;linux-musl-x64;linux-x64;win-arm64;win-x64
                   KnownILLinkPack
                       Microsoft.NET.ILLink.Tasks
                           TargetFramework = net10.0
                           ILLinkPackVersion = 10.0.10
                       Microsoft.NET.ILLink.Tasks
                           TargetFramework = net9.0
                           ILLinkPackVersion = 9.0.18
                       Microsoft.NET.ILLink.Tasks
                           TargetFramework = net8.0
                           ILLinkPackVersion = 8.0.29
                       Microsoft.NET.ILLink.Tasks
                           TargetFramework = net7.0
                           ILLinkPackVersion = 7.0.100-1.23211.1
                       Microsoft.NET.ILLink.Tasks
                           TargetFramework = net6.0
                           ILLinkPackVersion = 7.0.100-1.23211.1
                       Microsoft.NET.ILLink.Tasks
                           TargetFramework = net5.0
                           ILLinkPackVersion = 7.0.100-1.23211.1
                       Microsoft.NET.ILLink.Tasks
                           TargetFramework = netcoreapp3.1
                           ILLinkPackVersion = 7.0.100-1.23211.1
                       Microsoft.NET.ILLink.Tasks
                           TargetFramework = netcoreapp3.0
                           ILLinkPackVersion = 7.0.100-1.23211.1
                   KnownRuntimePack
                       Microsoft.NETCore.App
                           TargetFramework = net10.0
                           LatestRuntimeFrameworkVersion = 10.0.10
                           RuntimePackRuntimeIdentifiers = ios-arm64;iossimulator-arm64;iossimulator-x64;tvos-arm64;tvossimulator-arm64;tvossimulator-x64;maccatalyst-arm64;maccatalyst-x64;linux-bionic-arm64;linux-bionic-x64;osx-arm64;osx-x64;freebsd-arm64;freebsd-x64;linux-x64;linux-arm;linux-arm64;linux-loongarch64;linux-bionic-arm;linux-musl-x64;linux-musl-arm;linux-musl-arm64;linux-musl-loongarch64;win-x64;win-x86;win-arm64;browser-wasm;wasi-wasm;linux-riscv64;linux-musl-riscv64;android-arm64;android-x64
                           RuntimePackNamePatterns = Microsoft.NETCore.App.Runtime.NativeAOT.**RID**
                           RuntimePackLabels = NativeAOT
                           RuntimeFrameworkName = Microsoft.NETCore.App
                       Microsoft.NETCore.App
                           TargetFramework = net10.0
                           LatestRuntimeFrameworkVersion = 10.0.10
                           RuntimePackRuntimeIdentifiers = linux-arm;linux-arm64;linux-musl-arm64;linux-musl-x64;linux-x64;osx-x64;win-arm64;win-x64;win-x86;linux-musl-arm;osx-arm64;linux-s390x;linux-loongarch64;browser-wasm;ios-arm64;ios-arm;iossimulator-arm64;iossimulator-x64;iossimulator-x86;tvos-arm64;tvossimulator-arm64;tvossimulator-x64;maccatalyst-x64;maccatalyst-arm64;android-arm64;android-arm;android-x64;android-x86;freebsd-x64;freebsd-arm64;wasi-wasm;linux-riscv64;linux-musl-riscv64;linux-loongarch64;linux-musl-loongarch64
                           RuntimePackNamePatterns = Microsoft.NETCore.App.Runtime.Mono.**RID**
                           RuntimePackLabels = Mono
                           RuntimeFrameworkName = Microsoft.NETCore.App
                       Microsoft.NETCore.App
                           TargetFramework = net9.0
                           LatestRuntimeFrameworkVersion = 9.0.18
                           RuntimePackRuntimeIdentifiers = ios-arm64;iossimulator-arm64;iossimulator-x64;tvos-arm64;tvossimulator-arm64;tvossimulator-x64;maccatalyst-arm64;maccatalyst-x64;linux-bionic-arm64;linux-bionic-x64;osx-arm64;osx-x64;freebsd-arm64;freebsd-x64;linux-x64;linux-arm;linux-arm64;linux-loongarch64;linux-bionic-arm;linux-musl-x64;linux-musl-arm;linux-musl-arm64;linux-musl-loongarch64;win-x64;win-x86;win-arm64;browser-wasm;wasi-wasm
                           RuntimePackNamePatterns = Microsoft.NETCore.App.Runtime.NativeAOT.**RID**
                           RuntimePackLabels = NativeAOT
                           RuntimeFrameworkName = Microsoft.NETCore.App
                       Microsoft.NETCore.App
                           TargetFramework = net9.0
                           LatestRuntimeFrameworkVersion = 9.0.18
                           RuntimePackRuntimeIdentifiers = linux-arm;linux-arm64;linux-musl-arm64;linux-musl-x64;linux-x64;osx-x64;win-arm64;win-x64;win-x86;linux-musl-arm;osx-arm64;linux-s390x;linux-loongarch64;browser-wasm;ios-arm64;ios-arm;iossimulator-arm64;iossimulator-x64;iossimulator-x86;tvos-arm64;tvossimulator-arm64;tvossimulator-x64;maccatalyst-x64;maccatalyst-arm64;android-arm64;android-arm;android-x64;android-x86;freebsd-x64;freebsd-arm64;wasi-wasm;linux-riscv64;linux-musl-riscv64;linux-loongarch64;linux-musl-loongarch64
                           RuntimePackNamePatterns = Microsoft.NETCore.App.Runtime.Mono.**RID**
                           RuntimePackLabels = Mono
                           RuntimeFrameworkName = Microsoft.NETCore.App
                       Microsoft.NETCore.App
                           TargetFramework = net8.0
                           LatestRuntimeFrameworkVersion = 8.0.29
                           RuntimePackRuntimeIdentifiers = ios-arm64;iossimulator-arm64;iossimulator-x64;tvos-arm64;tvossimulator-arm64;tvossimulator-x64;maccatalyst-arm64;maccatalyst-x64;linux-bionic-arm64;linux-bionic-x64;osx-arm64;osx-x64;freebsd-arm64;freebsd-x64
                           RuntimePackNamePatterns = Microsoft.NETCore.App.Runtime.NativeAOT.**RID**
                           RuntimePackLabels = NativeAOT
                           RuntimeFrameworkName = Microsoft.NETCore.App
                       Microsoft.NETCore.App
                           TargetFramework = net8.0
                           LatestRuntimeFrameworkVersion = 8.0.29
                           RuntimePackRuntimeIdentifiers = linux-arm;linux-arm64;linux-musl-arm64;linux-musl-x64;linux-x64;osx-x64;win-arm64;win-x64;win-x86;linux-musl-arm;osx-arm64;linux-s390x;linux-loongarch64;browser-wasm;ios-arm64;ios-arm;iossimulator-arm64;iossimulator-x64;iossimulator-x86;tvos-arm64;tvossimulator-arm64;tvossimulator-x64;maccatalyst-x64;maccatalyst-arm64;android-arm64;android-arm;android-x64;android-x86;freebsd-x64;freebsd-arm64;wasi-wasm
                           RuntimePackNamePatterns = Microsoft.NETCore.App.Runtime.Mono.**RID**
                           RuntimePackLabels = Mono
                           RuntimeFrameworkName = Microsoft.NETCore.App
                       Microsoft.NETCore.App
                           TargetFramework = net7.0
                           LatestRuntimeFrameworkVersion = 7.0.20
                           RuntimePackRuntimeIdentifiers = linux-arm;linux-arm64;linux-musl-arm64;linux-musl-x64;linux-x64;osx-x64;win-arm;win-arm64;win-x64;win-x86;linux-musl-arm;osx-arm64;linux-s390x;linux-loongarch64;browser-wasm;ios-arm64;ios-arm;iossimulator-arm64;iossimulator-x64;iossimulator-x86;tvos-arm64;tvossimulator-arm64;tvossimulator-x64;maccatalyst-x64;maccatalyst-arm64;android-arm64;android-arm;android-x64;android-x86
                           RuntimePackNamePatterns = Microsoft.NETCore.App.Runtime.Mono.**RID**
                           RuntimePackLabels = Mono
                           RuntimeFrameworkName = Microsoft.NETCore.App
                       Microsoft.NETCore.App
                           TargetFramework = net6.0
                           LatestRuntimeFrameworkVersion = 6.0.36
                           RuntimePackRuntimeIdentifiers = linux-arm;linux-arm64;linux-musl-arm64;linux-musl-x64;linux-x64;osx-x64;win-arm;win-arm64;win-x64;win-x86;linux-musl-arm;osx-arm64;linux-s390x;linux-loongarch64;browser-wasm;ios-arm64;ios-arm;iossimulator-arm64;iossimulator-x64;iossimulator-x86;tvos-arm64;tvossimulator-arm64;tvossimulator-x64;maccatalyst-x64;maccatalyst-arm64;android-arm64;android-arm;android-x64;android-x86
                           RuntimePackNamePatterns = Microsoft.NETCore.App.Runtime.Mono.**RID**
                           RuntimePackLabels = Mono
                           RuntimeFrameworkName = Microsoft.NETCore.App
                   KnownWebAssemblySdkPack
                       Microsoft.NET.Sdk.WebAssembly.Pack
                           TargetFramework = net10.0
                           WebAssemblySdkPackVersion = 10.0.10
                       Microsoft.NET.Sdk.WebAssembly.Pack
                           TargetFramework = net9.0
                           WebAssemblySdkPackVersion = 10.0.10
                       Microsoft.NET.Sdk.WebAssembly.Pack
                           TargetFramework = net8.0
                           WebAssemblySdkPackVersion = 10.0.10
                       Microsoft.NET.Sdk.WebAssembly.Pack
                           TargetFramework = net7.0
                           WebAssemblySdkPackVersion = 10.0.10
                       Microsoft.NET.Sdk.WebAssembly.Pack
                           TargetFramework = net6.0
                           WebAssemblySdkPackVersion = 10.0.10
                   None
                       Assets/Configs/Fog.yaml
                       Assets/Configs/Skybox.yaml
                       Assets/Controls.input
                       Assets/Materials/Default.material
                       Assets/Materials/Test.material
                       Assets/Models/Plane.glb
                       Assets/Models/Robot.glb
                       Assets/Models/Room_Test_01.glb
                       Assets/Models/Scene.glb
                       Assets/Models/Suzanne.glb
                       Assets/PostProcessing/Retro.postfx
                       Assets/PostProcessing/Vignette.postfx
                       Assets/Shaders/Lit.glsl
                       Assets/Shaders/PostProcessing/Copy.glsl
                       Assets/Shaders/PostProcessing/Retro.glsl
                       Assets/Shaders/PostProcessing/Vignette.glsl
                       Assets/Shaders/Skybox.glsl
                       Assets/SkyBox/cubemap/cubemap_layout.png
                       Assets/SkyBox/cubemap/nx.png
                       Assets/SkyBox/cubemap/ny.png
                       Assets/SkyBox/cubemap/nz.png
                       Assets/SkyBox/cubemap/px.png
                       Assets/SkyBox/cubemap/py.png
                       Assets/SkyBox/cubemap/pz.png
                       Assets/SkyBox/sky.png
                       Assets/Textures/Scene.png
                       Assets/Textures/T_Quad_White_64.png
                       Assets/Textures/T_Vecxy_Logo.png
                   PackageConflictOverrides
                       NETStandard.Library
                           OverriddenPackages = 
                           Microsoft.Win32.Primitives|4.3.0;
                           System.AppContext|4.3.0;
                           System.Collections|4.3.0;
                           System.Collections.Concurrent|4.3.0;
                           System.Collections.Immutable|1.4.0;
                           System.Collections.NonGeneric|4.3.0;
                           System.Collections.Specialized|4.3.0;
                           System.ComponentModel|4.3.0;
                           System.ComponentModel.EventBasedAsync|4.3.0;
                           System.ComponentModel.Primitives|4.3.0;
                           System.ComponentModel.TypeConverter|4.3.0;
                           System.Console|4.3.0;
                           System.Data.Common|4.3.0;
                           System.Diagnostics.Contracts|4.3.0;
                           System.Diagnostics.Debug|4.3.0;
                           System.Diagnostics.FileVersionInfo|4.3.0;
                           System.Diagnostics.Process|4.3.0;
                           System.Diagnostics.StackTrace|4.3.0;
                           System.Diagnostics.TextWriterTraceListener|4.3.0;
                           System.Diagnostics.Tools|4.3.0;
                           System.Diagnostics.TraceSource|4.3.0;
                           System.Diagnostics.Tracing|4.3.0;
                           System.Dynamic.Runtime|4.3.0;
                           System.Globalization|4.3.0;
                           System.Globalization.Calendars|4.3.0;
                           System.Globalization.Extensions|4.3.0;
                           System.IO|4.3.0;
                           System.IO.Compression|4.3.0;
                           System.IO.Compression.ZipFile|4.3.0;
                           System.IO.FileSystem|4.3.0;
                           System.IO.FileSystem.DriveInfo|4.3.0;
                           System.IO.FileSystem.Primitives|4.3.0;
                           System.IO.FileSystem.Watcher|4.3.0;
                           System.IO.IsolatedStorage|4.3.0;
                           System.IO.MemoryMappedFiles|4.3.0;
                           System.IO.Pipes|4.3.0;
                           System.IO.UnmanagedMemoryStream|4.3.0;
                           System.Linq|4.3.0;
                           System.Linq.Expressions|4.3.0;
                           System.Linq.Queryable|4.3.0;
                           System.Net.Http|4.3.0;
                           System.Net.NameResolution|4.3.0;
                           System.Net.Primitives|4.3.0;
                           System.Net.Requests|4.3.0;
                           System.Net.Security|4.3.0;
                           System.Net.Sockets|4.3.0;
                           System.Net.WebHeaderCollection|4.3.0;
                           System.ObjectModel|4.3.0;
                           System.Private.DataContractSerialization|4.3.0;
                           System.Reflection|4.3.0;
                           System.Reflection.Emit|4.3.0;
                           System.Reflection.Emit.ILGeneration|4.3.0;
                           System.Reflection.Emit.Lightweight|4.3.0;
                           System.Reflection.Extensions|4.3.0;
                           System.Reflection.Primitives|4.3.0;
                           System.Reflection.TypeExtensions|4.3.0;
                           System.Resources.ResourceManager|4.3.0;
                           System.Runtime|4.3.0;
                           System.Runtime.Extensions|4.3.0;
                           System.Runtime.Handles|4.3.0;
                           System.Runtime.InteropServices|4.3.0;
                           System.Runtime.InteropServices.RuntimeInformation|4.3.0;
                           System.Runtime.Loader|4.3.0;
                           System.Runtime.Numerics|4.3.0;
                           System.Runtime.Serialization.Formatters|4.3.0;
                           System.Runtime.Serialization.Json|4.3.0;
                           System.Runtime.Serialization.Primitives|4.3.0;
                           System.Security.AccessControl|4.4.0;
                           System.Security.Claims|4.3.0;
                           System.Security.Cryptography.Algorithms|4.3.0;
                           System.Security.Cryptography.Csp|4.3.0;
                           System.Security.Cryptography.Encoding|4.3.0;
                           System.Security.Cryptography.Primitives|4.3.0;
                           System.Security.Cryptography.X509Certificates|4.3.0;
                           System.Security.Cryptography.Xml|4.4.0;
                           System.Security.Principal|4.3.0;
                           System.Security.Principal.Windows|4.4.0;
                           System.Text.Encoding|4.3.0;
                           System.Text.Encoding.Extensions|4.3.0;
                           System.Text.RegularExpressions|4.3.0;
                           System.Threading|4.3.0;
                           System.Threading.Overlapped|4.3.0;
                           System.Threading.Tasks|4.3.0;
                           System.Threading.Tasks.Extensions|4.3.0;
                           System.Threading.Tasks.Parallel|4.3.0;
                           System.Threading.Thread|4.3.0;
                           System.Threading.ThreadPool|4.3.0;
                           System.Threading.Timer|4.3.0;
                           System.ValueTuple|4.3.0;
                           System.Xml.ReaderWriter|4.3.0;
                           System.Xml.XDocument|4.3.0;
                           System.Xml.XmlDocument|4.3.0;
                           System.Xml.XmlSerializer|4.3.0;
                           System.Xml.XPath|4.3.0;
                           System.Xml.XPath.XDocument|4.3.0;
                         
                   PotentialEditorConfigFiles
                       /.editorconfig
                       /mnt/.editorconfig
                       /mnt/projects/.editorconfig
                       /mnt/projects/mlkvs/.editorconfig
                       /mnt/projects/mlkvs/vecxy.game/.editorconfig
                       /mnt/projects/mlkvs/vecxy.game/Game/.editorconfig
                   PreprocessorValue
                       assemblyname
                           Value = Game
                       filename
                           Value = Game.csproj
                       fullpath
                           Value = /mnt/projects/mlkvs/vecxy.game/Game
                       outputfilename
                           Value = Game.dll
                       rootnamespace
                           Value = Game
                   ProjectCapability
                       AllTargetOutputGroups
                       AssemblyReferences
                       COMReferences
                       CrossPlatformExecutable
                       CSharp
                       DeclaredSourceItems
                       GenerateDocumentationFile
                       LanguageService
                       Managed
                       NativeAOT
                       NetSdkOCIImageBuild
                       OutputGroups
                       Pack
                       ProjectReferences
                       ReferencesFolder
                       RelativePathDerivedDefaultNamespace
                       SharedProjectReferences
                       SingleFileGenerators
                       SupportsComputeRunCommand
                       SupportsHotReload
                       UserSourceItems
                       VisualStudioWellKnownOutputGroups
                   ProjectReference
                       ../Engine/Vecxy/Code/Vecxy.Editor/Vecxy.Editor.csproj
                           ReferenceSourceTarget = ProjectReference
                           OutputItemType = 
                           Targets = 
                       ../Engine/Vecxy/Code/Vecxy.Engine/Vecxy.Engine.csproj
                           ReferenceSourceTarget = ProjectReference
                           OutputItemType = 
                           Targets = 
                       ../Engine/Vecxy/Code/Vecxy.Input/Vecxy.Input.csproj
                           ReferenceSourceTarget = ProjectReference
                           OutputItemType = 
                           Targets = 
                       ../Engine/Vecxy/Code/Vecxy.Physics/Vecxy.Physics.csproj
                           ReferenceSourceTarget = ProjectReference
                           OutputItemType = 
                           Targets = 
                       ../Engine/Vecxy/Code/Vecxy.Scene/Vecxy.Scene.csproj
                           ReferenceSourceTarget = ProjectReference
                           OutputItemType = 
                           Targets = 
                   PropertyPageSchema
                       /home/melkov/.dotnet/sdk/10.0.302//assemblyreference.xaml
                           Context = ;BrowseObject
                       /home/melkov/.dotnet/sdk/10.0.302//COMReference.xaml
                           Context = ;BrowseObject
                       /home/melkov/.dotnet/sdk/10.0.302//Content.xaml
                           Context = File;BrowseObject
                       /home/melkov/.dotnet/sdk/10.0.302//CSharp.BrowseObject.xaml
                           Context = BrowseObject
                       /home/melkov/.dotnet/sdk/10.0.302//CSharp.ProjectItemsSchema.xaml
                       /home/melkov/.dotnet/sdk/10.0.302//CSharp.xaml
                           Context = File
                       /home/melkov/.dotnet/sdk/10.0.302//Debugger_General.xaml
                           Context = Project
                       /home/melkov/.dotnet/sdk/10.0.302//EmbeddedResource.xaml
                           Context = File;BrowseObject
                       /home/melkov/.dotnet/sdk/10.0.302//Folder.xaml
                           Context = File;BrowseObject
                       /home/melkov/.dotnet/sdk/10.0.302//General_File.xaml
                           Context = File
                       /home/melkov/.dotnet/sdk/10.0.302//General.BrowseObject.xaml
                           Context = BrowseObject
                       /home/melkov/.dotnet/sdk/10.0.302//General.xaml
                           Context = Project
                       /home/melkov/.dotnet/sdk/10.0.302//None.xaml
                           Context = File;BrowseObject
                       /home/melkov/.dotnet/sdk/10.0.302//ProjectItemsSchema.xaml
                       /home/melkov/.dotnet/sdk/10.0.302//ProjectReference.xaml
                           Context = ;BrowseObject
                       /home/melkov/.dotnet/sdk/10.0.302//ResolvedAssemblyReference.xaml
                           Context = ProjectSubscriptionService;BrowseObject
                       /home/melkov/.dotnet/sdk/10.0.302//ResolvedCOMReference.xaml
                           Context = ProjectSubscriptionService;BrowseObject
                       /home/melkov/.dotnet/sdk/10.0.302//ResolvedProjectReference.xaml
                           Context = ProjectSubscriptionService;BrowseObject
                       /home/melkov/.dotnet/sdk/10.0.302//SCC.xaml
                           Context = Invisible
                       /home/melkov/.dotnet/sdk/10.0.302//SpecialFolder.xaml
                           Context = File;ProjectSubscriptionService
                   RegFreeComManifest
                       obj/Debug/net10.0/Game.X.manifest
                   RuntimeHostConfigurationOption
                       System.Runtime.Serialization.EnableUnsafeBinaryFormatterSerialization
                           Value = false
                           Trim = true
                   SdkSupportedTargetPlatformIdentifier
                       android
                           DisplayName = Android
                       ios
                           DisplayName = iOS
                       maccatalyst
                           DisplayName = MacCatalyst
                       macos
                           DisplayName = macOS
                       tvos
                           DisplayName = tvOS
                       windows
                           DisplayName = Windows
                   SourceLinkAzureReposGitHost
                       dev.azure.com
                       visualstudio.com
                       vsts.me
                   SourceLinkBitbucketGitHost
                       bitbucket.org
                           EnterpriseEdition = false
                   SourceLinkGitHubHost
                       github.com
                           ContentUrl = https://raw.githubusercontent.com
                   SourceLinkGitLabHost
                       gitlab.com
                   SourceRoot
                       /home/melkov/.nuget/packages/
                   SupportedNETCoreAppTargetFramework
                       .NETCoreApp,Version=v1.0
                           DisplayName = .NET Core 1.0
                           Alias = netcoreapp1.0
                       .NETCoreApp,Version=v1.1
                           DisplayName = .NET Core 1.1
                           Alias = netcoreapp1.1
                       .NETCoreApp,Version=v10.0
                           DisplayName = .NET 10.0
                           Alias = net10.0
                       .NETCoreApp,Version=v2.0
                           DisplayName = .NET Core 2.0
                           Alias = netcoreapp2.0
                       .NETCoreApp,Version=v2.1
                           DisplayName = .NET Core 2.1
                           Alias = netcoreapp2.1
                       .NETCoreApp,Version=v2.2
                           DisplayName = .NET Core 2.2
                           Alias = netcoreapp2.2
                       .NETCoreApp,Version=v3.0
                           DisplayName = .NET Core 3.0
                           Alias = netcoreapp3.0
                       .NETCoreApp,Version=v3.1
                           DisplayName = .NET Core 3.1
                           Alias = netcoreapp3.1
                       .NETCoreApp,Version=v5.0
                           DisplayName = .NET 5.0
                           Alias = net5.0
                       .NETCoreApp,Version=v6.0
                           DisplayName = .NET 6.0
                           Alias = net6.0
                       .NETCoreApp,Version=v7.0
                           DisplayName = .NET 7.0
                           Alias = net7.0
                       .NETCoreApp,Version=v8.0
                           DisplayName = .NET 8.0
                           Alias = net8.0
                       .NETCoreApp,Version=v9.0
                           DisplayName = .NET 9.0
                           Alias = net9.0
                   SupportedNETFrameworkTargetFramework
                       .NETFramework,Version=v2.0
                           DisplayName = .NET Framework 2.0
                           Alias = net20
                       .NETFramework,Version=v3.0
                           DisplayName = .NET Framework 3.0
                           Alias = net30
                       .NETFramework,Version=v3.5
                           DisplayName = .NET Framework 3.5
                           Alias = net35
                       .NETFramework,Version=v4.0
                           DisplayName = .NET Framework 4.0
                           Alias = net40
                       .NETFramework,Version=v4.5
                           DisplayName = .NET Framework 4.5
                           Alias = net45
                       .NETFramework,Version=v4.5.1
                           DisplayName = .NET Framework 4.5.1
                           Alias = net451
                       .NETFramework,Version=v4.5.2
                           DisplayName = .NET Framework 4.5.2
                           Alias = net452
                       .NETFramework,Version=v4.6
                           DisplayName = .NET Framework 4.6
                           Alias = net46
                       .NETFramework,Version=v4.6.1
                           DisplayName = .NET Framework 4.6.1
                           Alias = net461
                       .NETFramework,Version=v4.6.2
                           DisplayName = .NET Framework 4.6.2
                           Alias = net462
                       .NETFramework,Version=v4.7
                           DisplayName = .NET Framework 4.7
                           Alias = net47
                       .NETFramework,Version=v4.7.1
                           DisplayName = .NET Framework 4.7.1
                           Alias = net471
                       .NETFramework,Version=v4.7.2
                           DisplayName = .NET Framework 4.7.2
                           Alias = net472
                       .NETFramework,Version=v4.8
                           DisplayName = .NET Framework 4.8
                           Alias = net48
                       .NETFramework,Version=v4.8.1
                           DisplayName = .NET Framework 4.8.1
                           Alias = net481
                   SupportedNETStandardTargetFramework
                       .NETStandard,Version=v1.0
                           DisplayName = .NET Standard 1.0
                           Alias = netstandard1.0
                       .NETStandard,Version=v1.1
                           DisplayName = .NET Standard 1.1
                           Alias = netstandard1.1
                       .NETStandard,Version=v1.2
                           DisplayName = .NET Standard 1.2
                           Alias = netstandard1.2
                       .NETStandard,Version=v1.3
                           DisplayName = .NET Standard 1.3
                           Alias = netstandard1.3
                       .NETStandard,Version=v1.4
                           DisplayName = .NET Standard 1.4
                           Alias = netstandard1.4
                       .NETStandard,Version=v1.5
                           DisplayName = .NET Standard 1.5
                           Alias = netstandard1.5
                       .NETStandard,Version=v1.6
                           DisplayName = .NET Standard 1.6
                           Alias = netstandard1.6
                       .NETStandard,Version=v2.0
                           DisplayName = .NET Standard 2.0
                           Alias = netstandard2.0
                       .NETStandard,Version=v2.1
                           DisplayName = .NET Standard 2.1
                           Alias = netstandard2.1
                   SupportedPlatform
                       Linux
                       macOS
                       Windows
                   SupportedTargetFramework
                       .NETCoreApp,Version=v1.0
                           DisplayName = .NET Core 1.0
                           Alias = netcoreapp1.0
                       .NETCoreApp,Version=v1.1
                           DisplayName = .NET Core 1.1
                           Alias = netcoreapp1.1
                       .NETCoreApp,Version=v10.0
                           DisplayName = .NET 10.0
                           Alias = net10.0
                       .NETCoreApp,Version=v2.0
                           DisplayName = .NET Core 2.0
                           Alias = netcoreapp2.0
                       .NETCoreApp,Version=v2.1
                           DisplayName = .NET Core 2.1
                           Alias = netcoreapp2.1
                       .NETCoreApp,Version=v2.2
                           DisplayName = .NET Core 2.2
                           Alias = netcoreapp2.2
                       .NETCoreApp,Version=v3.0
                           DisplayName = .NET Core 3.0
                           Alias = netcoreapp3.0
                       .NETCoreApp,Version=v3.1
                           DisplayName = .NET Core 3.1
                           Alias = netcoreapp3.1
                       .NETCoreApp,Version=v5.0
                           DisplayName = .NET 5.0
                           Alias = net5.0
                       .NETCoreApp,Version=v6.0
                           DisplayName = .NET 6.0
                           Alias = net6.0
                       .NETCoreApp,Version=v7.0
                           DisplayName = .NET 7.0
                           Alias = net7.0
                       .NETCoreApp,Version=v8.0
                           DisplayName = .NET 8.0
                           Alias = net8.0
                       .NETCoreApp,Version=v9.0
                           DisplayName = .NET 9.0
                           Alias = net9.0
                       .NETFramework,Version=v2.0
                           DisplayName = .NET Framework 2.0
                           Alias = net20
                       .NETFramework,Version=v3.0
                           DisplayName = .NET Framework 3.0
                           Alias = net30
                       .NETFramework,Version=v3.5
                           DisplayName = .NET Framework 3.5
                           Alias = net35
                       .NETFramework,Version=v4.0
                           DisplayName = .NET Framework 4.0
                           Alias = net40
                       .NETFramework,Version=v4.5
                           DisplayName = .NET Framework 4.5
                           Alias = net45
                       .NETFramework,Version=v4.5.1
                           DisplayName = .NET Framework 4.5.1
                           Alias = net451
                       .NETFramework,Version=v4.5.2
                           DisplayName = .NET Framework 4.5.2
                           Alias = net452
                       .NETFramework,Version=v4.6
                           DisplayName = .NET Framework 4.6
                           Alias = net46
                       .NETFramework,Version=v4.6.1
                           DisplayName = .NET Framework 4.6.1
                           Alias = net461
                       .NETFramework,Version=v4.6.2
                           DisplayName = .NET Framework 4.6.2
                           Alias = net462
                       .NETFramework,Version=v4.7
                           DisplayName = .NET Framework 4.7
                           Alias = net47
                       .NETFramework,Version=v4.7.1
                           DisplayName = .NET Framework 4.7.1
                           Alias = net471
                       .NETFramework,Version=v4.7.2
                           DisplayName = .NET Framework 4.7.2
                           Alias = net472
                       .NETFramework,Version=v4.8
                           DisplayName = .NET Framework 4.8
                           Alias = net48
                       .NETFramework,Version=v4.8.1
                           DisplayName = .NET Framework 4.8.1
                           Alias = net481
                       .NETStandard,Version=v1.0
                           DisplayName = .NET Standard 1.0
                           Alias = netstandard1.0
                       .NETStandard,Version=v1.1
                           DisplayName = .NET Standard 1.1
                           Alias = netstandard1.1
                       .NETStandard,Version=v1.2
                           DisplayName = .NET Standard 1.2
                           Alias = netstandard1.2
                       .NETStandard,Version=v1.3
                           DisplayName = .NET Standard 1.3
                           Alias = netstandard1.3
                       .NETStandard,Version=v1.4
                           DisplayName = .NET Standard 1.4
                           Alias = netstandard1.4
                       .NETStandard,Version=v1.5
                           DisplayName = .NET Standard 1.5
                           Alias = netstandard1.5
                       .NETStandard,Version=v1.6
                           DisplayName = .NET Standard 1.6
                           Alias = netstandard1.6
                       .NETStandard,Version=v2.0
                           DisplayName = .NET Standard 2.0
                           Alias = netstandard2.0
                       .NETStandard,Version=v2.1
                           DisplayName = .NET Standard 2.1
                           Alias = netstandard2.1
                   Using
                       System
                       System.Collections.Generic
                       System.IO
                       System.Linq
                       System.Net.Http
                       System.Threading
                       System.Threading.Tasks
                   WindowsSdkSupportedTargetPlatformVersion
                       10.0.17763.0
                           WindowsSdkPackageVersion = 10.0.17763.57
                           MinimumNETVersion = 8.0
                       10.0.17763.0
                           WindowsSdkPackageVersion = 10.0.17763.55
                           MinimumNETVersion = 6.0
                       10.0.17763.0
                           WindowsSdkPackageVersion = 10.0.17763.26
                           MinimumNETVersion = 5.0
                       10.0.17763.1
                           WindowsSdkPackageVersion = 10.0.17763.57
                           MinimumNETVersion = 10.0
                       10.0.18362.0
                           WindowsSdkPackageVersion = 10.0.18362.55
                           MinimumNETVersion = 6.0
                       10.0.18362.0
                           WindowsSdkPackageVersion = 10.0.18362.57
                           MinimumNETVersion = 8.0
                       10.0.18362.0
                           WindowsSdkPackageVersion = 10.0.18362.26
                           MinimumNETVersion = 5.0
                       10.0.18362.1
                           WindowsSdkPackageVersion = 10.0.18362.57
                           MinimumNETVersion = 10.0
                       10.0.19041.0
                           WindowsSdkPackageVersion = 10.0.19041.55
                           MinimumNETVersion = 6.0
                       10.0.19041.0
                           WindowsSdkPackageVersion = 10.0.19041.26
                           MinimumNETVersion = 5.0
                       10.0.19041.0
                           WindowsSdkPackageVersion = 10.0.19041.57
                           MinimumNETVersion = 8.0
                       10.0.19041.1
                           WindowsSdkPackageVersion = 10.0.19041.57
                           MinimumNETVersion = 10.0
                       10.0.20348.0
                           WindowsSdkPackageVersion = 10.0.20348.55
                           MinimumNETVersion = 6.0
                       10.0.20348.0
                           WindowsSdkPackageVersion = 10.0.20348.26
                           MinimumNETVersion = 5.0
                       10.0.20348.0
                           WindowsSdkPackageVersion = 10.0.20348.57
                           MinimumNETVersion = 8.0
                       10.0.20348.1
                           WindowsSdkPackageVersion = 10.0.20348.57
                           MinimumNETVersion = 10.0
                       10.0.22000.0
                           WindowsSdkPackageVersion = 10.0.22000.57
                           MinimumNETVersion = 8.0
                       10.0.22000.0
                           WindowsSdkPackageVersion = 10.0.22000.55
                           MinimumNETVersion = 6.0
                       10.0.22000.0
                           WindowsSdkPackageVersion = 10.0.22000.26
                           MinimumNETVersion = 5.0
                       10.0.22000.1
                           WindowsSdkPackageVersion = 10.0.22000.57
                           MinimumNETVersion = 10.0
                       10.0.22621.0
                           WindowsSdkPackageVersion = 10.0.22621.57
                           MinimumNETVersion = 8.0
                       10.0.22621.0
                           WindowsSdkPackageVersion = 10.0.22621.55
                           MinimumNETVersion = 6.0
                       10.0.22621.1
                           WindowsSdkPackageVersion = 10.0.22621.57
                           MinimumNETVersion = 10.0
                       10.0.26100.0
                           WindowsSdkPackageVersion = 10.0.26100.55
                           MinimumNETVersion = 6.0
                       10.0.26100.0
                           WindowsSdkPackageVersion = 10.0.26100.57
                           MinimumNETVersion = 8.0
                       10.0.26100.1
                           WindowsSdkPackageVersion = 10.0.26100.57
                           MinimumNETVersion = 10.0
                       7.0
                       8.0

00:59:18.216     1>Project "/mnt/projects/mlkvs/vecxy.game/Game/Game.csproj" on node 1 (Build target(s)).
00:59:18.222     1>Target "_CollectTargetFrameworkForTelemetry: (TargetId:2)" in file "/home/melkov/.dotnet/sdk/10.0.302/Sdks/Microsoft.NET.Sdk/targets/Microsoft.NET.TargetFrameworkInference.targets" from project "/mnt/projects/mlkvs/vecxy.game/Game/Game.csproj" (target "_CheckForInvalidConfigurationAndPlatform" depends on it):
00:59:18.224     1>Added Item(s): 
    TFTelemetry=
        TargetFrameworkVersion
                Value=.NETCoreApp,Version=v10.0
                   Added Item(s): 
                       TFTelemetry=
                           RuntimeIdentifier
                                   Value=
                   Added Item(s): 
                       TFTelemetry=
                           SelfContained
                                   Value=false
                   Added Item(s): 
                       TFTelemetry=
                           UseApphost
                                   Value=true
                   Added Item(s): 
                       TFTelemetry=
                           OutputType
                                   Value=Exe
                   Added Item(s): 
                       TFTelemetry=
                           UseArtifactsOutput
                                   Value=
                   Added Item(s): 
                       TFTelemetry=
                           ArtifactsPathLocationType
                                   Value=
                   Added Item(s): 
                       TFTelemetry=
                           TargetPlatformIdentifier
                                   Value=
                   Added Item(s): 
                       TFTelemetry=
                           UseMonoRuntime
                                   Value=
                   Added Item(s): 
                       TFTelemetry=
                           PublishAot
                                   Value=
                   Added Item(s): 
                       TFTelemetry=
                           PublishTrimmed
                                   Value=
                   Added Item(s): 
                       TFTelemetry=
                           PublishSelfContained
                                   Value=
                   Added Item(s): 
                       TFTelemetry=
                           PublishReadyToRun
                                   Value=
                   Added Item(s): 
                       TFTelemetry=
                           PublishReadyToRunComposite
                                   Value=false
                   Added Item(s): 
                       TFTelemetry=
                           PublishProtocol
                                   Value=
                   Added Item(s): 
                       TFTelemetry=
                           Configuration
                                   Hash=true
                                   Value=Debug
                   Using "AllowEmptyTelemetry" task from assembly "/home/melkov/.dotnet/sdk/10.0.302/Sdks/Microsoft.NET.Sdk/targets/../tools/net10.0/Microsoft.NET.Build.Tasks.dll".
                   Task "AllowEmptyTelemetry" (TaskId:2)
                     Task Parameter:
                         EventData=
                             TargetFrameworkVersion
                                     Value=.NETCoreApp,Version=v10.0
                             RuntimeIdentifier
                                     Value=
                             SelfContained
                                     Value=false
                             UseApphost
                                     Value=true
                             OutputType
                                     Value=Exe
                             UseArtifactsOutput
                                     Value=
                             ArtifactsPathLocationType
                                     Value=
                             TargetPlatformIdentifier
                                     Value=
                             UseMonoRuntime
                                     Value=
                             PublishAot
                                     Value=
                             PublishTrimmed
                                     Value=
                             PublishSelfContained
                                     Value=
                             PublishReadyToRun
                                     Value=
                             PublishReadyToRunComposite
                                     Value=false
                             PublishProtocol
                                     Value=
                             Configuration
                                     Hash=true
                                     Value=Debug (TaskId:2)
                     Task Parameter:EventName=targetframeworkeval (TaskId:2)
                   Done executing task "AllowEmptyTelemetry". (TaskId:2)
00:59:18.235     1>Done building target "_CollectTargetFrameworkForTelemetry" in project "Game.csproj".: (TargetId:2)
00:59:18.235     1>Target "_CheckForUnsupportedNETCoreVersion: (TargetId:3)" in file "/home/melkov/.dotnet/sdk/10.0.302/Sdks/Microsoft.NET.Sdk/targets/Microsoft.NET.TargetFrameworkInference.targets" from project "/mnt/projects/mlkvs/vecxy.game/Game/Game.csproj" (target "_CheckForInvalidConfigurationAndPlatform" depends on it):
00:59:18.235     1>Done building target "_CheckForUnsupportedNETCoreVersion" in project "Game.csproj".: (TargetId:3)
00:59:18.235     1>Target "_CheckForUnsupportedCppNETCoreVersion: (TargetId:4)" in file "/home/melkov/.dotnet/sdk/10.0.302/Sdks/Microsoft.NET.Sdk/targets/Microsoft.NET.TargetFrameworkInference.targets" from project "/mnt/projects/mlkvs/vecxy.game/Game/Game.csproj" (target "_CheckForInvalidConfigurationAndPlatform" depends on it):
00:59:18.235     1>Done building target "_CheckForUnsupportedCppNETCoreVersion" in project "Game.csproj".: (TargetId:4)
00:59:18.235     1>Target "_CheckForUnsupportedArtifactsPath: (TargetId:5)" in file "/home/melkov/.dotnet/sdk/10.0.302/Sdks/Microsoft.NET.Sdk/targets/Microsoft.NET.DefaultOutputPaths.targets" from project "/mnt/projects/mlkvs/vecxy.game/Game/Game.csproj" (target "_CheckForInvalidConfigurationAndPlatform" depends on it):
00:59:18.235     1>Done building target "_CheckForUnsupportedArtifactsPath" in project "Game.csproj".: (TargetId:5)
00:59:18.235     1>Target "_CheckRIDAsserts: (TargetId:6)" in file "/home/melkov/.dotnet/sdk/10.0.302/Sdks/Microsoft.NET.Sdk/targets/Microsoft.NET.RuntimeIdentifierInference.targets" from project "/mnt/projects/mlkvs/vecxy.game/Game/Game.csproj" (target "_CheckForUnsupportedAppHostUsage" depends on it):
00:59:18.235     1>Done building target "_CheckRIDAsserts" in project "Game.csproj".: (TargetId:6)
00:59:18.235     1>Target "_CheckForUnsupportedAppHostUsage: (TargetId:7)" in file "/home/melkov/.dotnet/sdk/10.0.302/Sdks/Microsoft.NET.Sdk/targets/Microsoft.NET.RuntimeIdentifierInference.targets" from project "/mnt/projects/mlkvs/vecxy.game/Game/Game.csproj" (target "_CheckForInvalidConfigurationAndPlatform" depends on it):
00:59:18.235     1>Done building target "_CheckForUnsupportedAppHostUsage" in project "Game.csproj".: (TargetId:7)
00:59:18.235     1>Target "_CheckForUnsupportedHostingUsage: (TargetId:8)" in file "/home/melkov/.dotnet/sdk/10.0.302/Sdks/Microsoft.NET.Sdk/targets/Microsoft.NET.RuntimeIdentifierInference.targets" from project "/mnt/projects/mlkvs/vecxy.game/Game/Game.csproj" (target "_CheckForInvalidConfigurationAndPlatform" depends on it):
00:59:18.235     1>Done building target "_CheckForUnsupportedHostingUsage" in project "Game.csproj".: (TargetId:8)
00:59:18.235     1>Target "_CheckAndUnsetUnsupportedPrefer32Bit: (TargetId:9)" in file "/home/melkov/.dotnet/sdk/10.0.302/Sdks/Microsoft.NET.Sdk/targets/Microsoft.NET.RuntimeIdentifierInference.targets" from project "/mnt/projects/mlkvs/vecxy.game/Game/Game.csproj" (target "_CheckForInvalidConfigurationAndPlatform" depends on it):
                   Set Property: Prefer32Bit=false
00:59:18.236     1>Done building target "_CheckAndUnsetUnsupportedPrefer32Bit" in project "Game.csproj".: (TargetId:9)
00:59:18.236     1>Target "_CheckForLanguageAndFeatureCombinationSupport: (TargetId:10)" in file "/home/melkov/.dotnet/sdk/10.0.302/Sdks/Microsoft.NET.Sdk/targets/Microsoft.NET.RuntimeIdentifierInference.targets" from project "/mnt/projects/mlkvs/vecxy.game/Game/Game.csproj" (target "_CheckForInvalidConfigurationAndPlatform" depends on it):
00:59:18.236     1>Done building target "_CheckForLanguageAndFeatureCombinationSupport" in project "Game.csproj".: (TargetId:10)
00:59:18.236     1>Target "CheckForImplicitPackageReferenceOverrides: (TargetId:11)" in file "/home/melkov/.dotnet/sdk/10.0.302/Sdks/Microsoft.NET.Sdk/targets/Microsoft.NET.Sdk.DefaultItems.Shared.targets" from project "/mnt/projects/mlkvs/vecxy.game/Game/Game.csproj" (target "CollectPackageReferences" depends on it):
                   Set Property: ImplicitPackageReferenceInformationLink=https://aka.ms/sdkimplicitrefs
                   Using "CheckForImplicitPackageReferenceOverrides" task from assembly "/home/melkov/.dotnet/sdk/10.0.302/Sdks/Microsoft.NET.Sdk/targets/../tools/net10.0/Microsoft.NET.Build.Tasks.dll".
                   Task "CheckForImplicitPackageReferenceOverrides" (TaskId:3)
                     Task Parameter:MoreInformationLink=https://aka.ms/sdkimplicitrefs (TaskId:3)
                   Done executing task "CheckForImplicitPackageReferenceOverrides". (TaskId:3)
00:59:18.237     1>Done building target "CheckForImplicitPackageReferenceOverrides" in project "Game.csproj".: (TargetId:11)
00:59:18.237     1>Target "_ComputeToolPackInputsToProcessFrameworkReferences: (TargetId:12)" in file "/home/melkov/.dotnet/sdk/10.0.302/Sdks/Microsoft.NET.Sdk/targets/Microsoft.NET.Publish.targets" from project "/mnt/projects/mlkvs/vecxy.game/Game/Game.csproj" (target "ProcessFrameworkReferences" depends on it):
                   Set Property: _RequiresILLinkPack=false
                   Set Property: _MinNonEolTargetFrameworkForTrimming=net8.0
                   Set Property: _MinNonEolTargetFrameworkForSingleFile=net8.0
                   Set Property: _MinNonEolTargetFrameworkForAot=net8.0
00:59:18.241     1>Done building target "_ComputeToolPackInputsToProcessFrameworkReferences" in project "Game.csproj".: (TargetId:12)
00:59:18.241     1>Target "ProcessFrameworkReferences: (TargetId:13)" in file "/home/melkov/.dotnet/sdk/10.0.302/Sdks/Microsoft.NET.Sdk/targets/Microsoft.NET.Sdk.FrameworkReferenceResolution.targets" from project "/mnt/projects/mlkvs/vecxy.game/Game/Game.csproj" (target "CollectPackageReferences" depends on it):
                   Using "CheckForDuplicateFrameworkReferences" task from assembly "/home/melkov/.dotnet/sdk/10.0.302/Sdks/Microsoft.NET.Sdk/targets/../tools/net10.0/Microsoft.NET.Build.Tasks.dll".
                   Task "CheckForDuplicateFrameworkReferences" (TaskId:4)
                     Task Parameter:
                         FrameworkReferences=
                             Microsoft.NETCore.App
                                     IsImplicitlyDefined=true
                                     Pack=false
                                     PrivateAssets=All (TaskId:4)
                     Task Parameter:MoreInformationLink=https://aka.ms/sdkimplicitrefs (TaskId:4)
                   Done executing task "CheckForDuplicateFrameworkReferences". (TaskId:4)
                   Set Property: EnableTargetingPackDownload=true
                   Set Property: EnableRuntimePackDownload=true
                   Set Property: RequiresAspNetWebAssets=false
                   Using "ProcessFrameworkReferences" task from assembly "/home/melkov/.dotnet/sdk/10.0.302/Sdks/Microsoft.NET.Sdk/targets/../tools/net10.0/Microsoft.NET.Build.Tasks.dll".
                   Task "ProcessFrameworkReferences" (TaskId:5)
                     Task Parameter:NetCoreRoot=/home/melkov/.dotnet/ (TaskId:5)
                     Task Parameter:RequiresAspNetWebAssets=False (TaskId:5)
                     Task Parameter:NETCoreSdkPortableRuntimeIdentifier=linux-x64 (TaskId:5)
                     Task Parameter:TargetLatestRuntimePatch=False (TaskId:5)
                     Task Parameter:EnableTargetingPackDownload=True (TaskId:5)
                     Task Parameter:TargetFrameworkIdentifier=.NETCoreApp (TaskId:5)
                     Task Parameter:RuntimeGraphPath=/home/melkov/.dotnet/sdk/10.0.302/PortableRuntimeIdentifierGraph.json (TaskId:5)
                     Task Parameter:
                         KnownRuntimePacks=
                             Microsoft.NETCore.App
                                     LatestRuntimeFrameworkVersion=10.0.10
                                     RuntimeFrameworkName=Microsoft.NETCore.App
                                     RuntimePackLabels=NativeAOT
                                     RuntimePackNamePatterns=Microsoft.NETCore.App.Runtime.NativeAOT.**RID**
                                     RuntimePackRuntimeIdentifiers=ios-arm64;iossimulator-arm64;iossimulator-x64;tvos-arm64;tvossimulator-arm64;tvossimulator-x64;maccatalyst-arm64;maccatalyst-x64;linux-bionic-arm64;linux-bionic-x64;osx-arm64;osx-x64;freebsd-arm64;freebsd-x64;linux-x64;linux-arm;linux-arm64;linux-loongarch64;linux-bionic-arm;linux-musl-x64;linux-musl-arm;linux-musl-arm64;linux-musl-loongarch64;win-x64;win-x86;win-arm64;browser-wasm;wasi-wasm;linux-riscv64;linux-musl-riscv64;android-arm64;android-x64
                                     TargetFramework=net10.0
                             Microsoft.NETCore.App
                                     LatestRuntimeFrameworkVersion=10.0.10
                                     RuntimeFrameworkName=Microsoft.NETCore.App
                                     RuntimePackLabels=Mono
                                     RuntimePackNamePatterns=Microsoft.NETCore.App.Runtime.Mono.**RID**
                                     RuntimePackRuntimeIdentifiers=linux-arm;linux-arm64;linux-musl-arm64;linux-musl-x64;linux-x64;osx-x64;win-arm64;win-x64;win-x86;linux-musl-arm;osx-arm64;linux-s390x;linux-loongarch64;browser-wasm;ios-arm64;ios-arm;iossimulator-arm64;iossimulator-x64;iossimulator-x86;tvos-arm64;tvossimulator-arm64;tvossimulator-x64;maccatalyst-x64;maccatalyst-arm64;android-arm64;android-arm;android-x64;android-x86;freebsd-x64;freebsd-arm64;wasi-wasm;linux-riscv64;linux-musl-riscv64;linux-loongarch64;linux-musl-loongarch64
                                     TargetFramework=net10.0
                             Microsoft.NETCore.App
                                     LatestRuntimeFrameworkVersion=9.0.18
                                     RuntimeFrameworkName=Microsoft.NETCore.App
                                     RuntimePackLabels=NativeAOT
                                     RuntimePackNamePatterns=Microsoft.NETCore.App.Runtime.NativeAOT.**RID**
                                     RuntimePackRuntimeIdentifiers=ios-arm64;iossimulator-arm64;iossimulator-x64;tvos-arm64;tvossimulator-arm64;tvossimulator-x64;maccatalyst-arm64;maccatalyst-x64;linux-bionic-arm64;linux-bionic-x64;osx-arm64;osx-x64;freebsd-arm64;freebsd-x64;linux-x64;linux-arm;linux-arm64;linux-loongarch64;linux-bionic-arm;linux-musl-x64;linux-musl-arm;linux-musl-arm64;linux-musl-loongarch64;win-x64;win-x86;win-arm64;browser-wasm;wasi-wasm
                                     TargetFramework=net9.0
                             Microsoft.NETCore.App
                                     LatestRuntimeFrameworkVersion=9.0.18
                                     RuntimeFrameworkName=Microsoft.NETCore.App
                                     RuntimePackLabels=Mono
                                     RuntimePackNamePatterns=Microsoft.NETCore.App.Runtime.Mono.**RID**
                                     RuntimePackRuntimeIdentifiers=linux-arm;linux-arm64;linux-musl-arm64;linux-musl-x64;linux-x64;osx-x64;win-arm64;win-x64;win-x86;linux-musl-arm;osx-arm64;linux-s390x;linux-loongarch64;browser-wasm;ios-arm64;ios-arm;iossimulator-arm64;iossimulator-x64;iossimulator-x86;tvos-arm64;tvossimulator-arm64;tvossimulator-x64;maccatalyst-x64;maccatalyst-arm64;android-arm64;android-arm;android-x64;android-x86;freebsd-x64;freebsd-arm64;wasi-wasm;linux-riscv64;linux-musl-riscv64;linux-loongarch64;linux-musl-loongarch64
                                     TargetFramework=net9.0
                             Microsoft.NETCore.App
                                     LatestRuntimeFrameworkVersion=8.0.29
                                     RuntimeFrameworkName=Microsoft.NETCore.App
                                     RuntimePackLabels=NativeAOT
                                     RuntimePackNamePatterns=Microsoft.NETCore.App.Runtime.NativeAOT.**RID**
                                     RuntimePackRuntimeIdentifiers=ios-arm64;iossimulator-arm64;iossimulator-x64;tvos-arm64;tvossimulator-arm64;tvossimulator-x64;maccatalyst-arm64;maccatalyst-x64;linux-bionic-arm64;linux-bionic-x64;osx-arm64;osx-x64;freebsd-arm64;freebsd-x64
                                     TargetFramework=net8.0
                             Microsoft.NETCore.App
                                     LatestRuntimeFrameworkVersion=8.0.29
                                     RuntimeFrameworkName=Microsoft.NETCore.App
                                     RuntimePackLabels=Mono
                                     RuntimePackNamePatterns=Microsoft.NETCore.App.Runtime.Mono.**RID**
                                     RuntimePackRuntimeIdentifiers=linux-arm;linux-arm64;linux-musl-arm64;linux-musl-x64;linux-x64;osx-x64;win-arm64;win-x64;win-x86;linux-musl-arm;osx-arm64;linux-s390x;linux-loongarch64;browser-wasm;ios-arm64;ios-arm;iossimulator-arm64;iossimulator-x64;iossimulator-x86;tvos-arm64;tvossimulator-arm64;tvossimulator-x64;maccatalyst-x64;maccatalyst-arm64;android-arm64;android-arm;android-x64;android-x86;freebsd-x64;freebsd-arm64;wasi-wasm
                                     TargetFramework=net8.0
                             Microsoft.NETCore.App
                                     LatestRuntimeFrameworkVersion=7.0.20
                                     RuntimeFrameworkName=Microsoft.NETCore.App
                                     RuntimePackLabels=Mono
                                     RuntimePackNamePatterns=Microsoft.NETCore.App.Runtime.Mono.**RID**
                                     RuntimePackRuntimeIdentifiers=linux-arm;linux-arm64;linux-musl-arm64;linux-musl-x64;linux-x64;osx-x64;win-arm;win-arm64;win-x64;win-x86;linux-musl-arm;osx-arm64;linux-s390x;linux-loongarch64;browser-wasm;ios-arm64;ios-arm;iossimulator-arm64;iossimulator-x64;iossimulator-x86;tvos-arm64;tvossimulator-arm64;tvossimulator-x64;maccatalyst-x64;maccatalyst-arm64;android-arm64;android-arm;android-x64;android-x86
                                     TargetFramework=net7.0
                             Microsoft.NETCore.App
                                     LatestRuntimeFrameworkVersion=6.0.36
                                     RuntimeFrameworkName=Microsoft.NETCore.App
                                     RuntimePackLabels=Mono
                                     RuntimePackNamePatterns=Microsoft.NETCore.App.Runtime.Mono.**RID**
                                     RuntimePackRuntimeIdentifiers=linux-arm;linux-arm64;linux-musl-arm64;linux-musl-x64;linux-x64;osx-x64;win-arm;win-arm64;win-x64;win-x86;linux-musl-arm;osx-arm64;linux-s390x;linux-loongarch64;browser-wasm;ios-arm64;ios-arm;iossimulator-arm64;iossimulator-x64;iossimulator-x86;tvos-arm64;tvossimulator-arm64;tvossimulator-x64;maccatalyst-x64;maccatalyst-arm64;android-arm64;android-arm;android-x64;android-x86
                                     TargetFramework=net6.0 (TaskId:5)
                     Task Parameter:
                         KnownCrossgen2Packs=
                             Microsoft.NETCore.App.Crossgen2
                                     Crossgen2PackNamePattern=Microsoft.NETCore.App.Crossgen2.**RID**
                                     Crossgen2PackVersion=10.0.10
                                     Crossgen2PortableRuntimeIdentifiers=linux-musl-x64;linux-x64;win-x64;linux-arm;linux-arm64;linux-musl-arm;linux-musl-arm64;osx-arm64;osx-x64;win-arm64;win-x86;freebsd-x64;freebsd-arm64;linux-riscv64;linux-musl-riscv64;linux-loongarch64;linux-musl-loongarch64
                                     Crossgen2RuntimeIdentifiers=linux-musl-x64;linux-x64;win-x64;linux-arm;linux-arm64;linux-musl-arm;linux-musl-arm64;osx-arm64;osx-x64;win-arm64;win-x86;freebsd-x64;freebsd-arm64;linux-riscv64;linux-musl-riscv64;linux-loongarch64;linux-musl-loongarch64
                                     TargetFramework=net10.0
                             Microsoft.NETCore.App.Crossgen2
                                     Crossgen2PackNamePattern=Microsoft.NETCore.App.Crossgen2.**RID**
                                     Crossgen2PackVersion=9.0.18
                                     Crossgen2RuntimeIdentifiers=linux-musl-x64;linux-x64;win-x64;linux-arm;linux-arm64;linux-musl-arm;linux-musl-arm64;osx-arm64;osx-x64;win-arm64;win-x86;freebsd-x64;freebsd-arm64;linux-riscv64;linux-musl-riscv64;linux-loongarch64;linux-musl-loongarch64
                                     TargetFramework=net9.0
                             Microsoft.NETCore.App.Crossgen2
                                     Crossgen2PackNamePattern=Microsoft.NETCore.App.Crossgen2.**RID**
                                     Crossgen2PackVersion=8.0.29
                                     Crossgen2RuntimeIdentifiers=linux-musl-x64;linux-x64;win-x64;linux-arm;linux-arm64;linux-musl-arm;linux-musl-arm64;osx-arm64;osx-x64;win-arm64;win-x86;freebsd-x64;freebsd-arm64
                                     TargetFramework=net8.0
                             Microsoft.NETCore.App.Crossgen2
                                     Crossgen2PackNamePattern=Microsoft.NETCore.App.Crossgen2.**RID**
                                     Crossgen2PackVersion=7.0.20
                                     Crossgen2RuntimeIdentifiers=linux-musl-x64;linux-x64;win-x64;linux-arm;linux-arm64;linux-musl-arm;linux-musl-arm64;osx-arm64;osx-x64;win-arm;win-arm64;win-x86
                                     TargetFramework=net7.0
                             Microsoft.NETCore.App.Crossgen2
                                     Crossgen2PackNamePattern=Microsoft.NETCore.App.Crossgen2.**RID**
                                     Crossgen2PackVersion=6.0.36
                                     Crossgen2RuntimeIdentifiers=linux-musl-x64;linux-x64;win-x64;linux-arm;linux-arm64;linux-musl-arm;linux-musl-arm64;osx-arm64;osx-x64;win-arm;win-arm64;win-x86
                                     TargetFramework=net6.0
                             Microsoft.NETCore.App.Crossgen2
                                     Crossgen2PackNamePattern=Microsoft.NETCore.App.Crossgen2.**RID**
                                     Crossgen2PackVersion=5.0.17
                                     Crossgen2RuntimeIdentifiers=linux-musl-x64;linux-x64;win-x64
                                     TargetFramework=net5.0 (TaskId:5)
                     Task Parameter:MinNonEolTargetFrameworkForAot=net8.0 (TaskId:5)
                     Task Parameter:MinNonEolTargetFrameworkForTrimming=net8.0 (TaskId:5)
                     Task Parameter:SelfContained=False (TaskId:5)
                     Task Parameter:TargetingPackRoot=/home/melkov/.dotnet/packs (TaskId:5)
                     Task Parameter:MinNonEolTargetFrameworkForSingleFile=net8.0 (TaskId:5)
                     Task Parameter:
                         FrameworkReferences=
                             Microsoft.NETCore.App
                                     IsImplicitlyDefined=true
                                     Pack=false
                                     PrivateAssets=All (TaskId:5)
                     Task Parameter:
                         KnownFrameworkReferences=
                             Microsoft.NETCore.App
                                     DefaultRuntimeFrameworkVersion=10.0.0
                                     LatestRuntimeFrameworkVersion=10.0.10
                                     RuntimeFrameworkName=Microsoft.NETCore.App
                                     RuntimePackNamePatterns=Microsoft.NETCore.App.Runtime.**RID**
                                     RuntimePackRuntimeIdentifiers=linux-arm;linux-arm64;linux-musl-arm64;linux-musl-x64;linux-x64;osx-x64;tizen.4.0.0-armel;tizen.5.0.0-armel;win-arm64;win-x64;win-x86;linux-musl-arm;osx-arm64;linux-s390x;linux-loongarch64;linux-bionic-arm;linux-bionic-arm64;linux-bionic-x64;linux-bionic-x86;linux-ppc64le;freebsd-x64;freebsd-arm64;linux-riscv64;linux-musl-riscv64;linux-musl-loongarch64;android-arm64;android-x64
                                     TargetFramework=net10.0
                                     TargetingPackName=Microsoft.NETCore.App.Ref
                                     TargetingPackVersion=10.0.10
                             Microsoft.WindowsDesktop.App
                                     DefaultRuntimeFrameworkVersion=10.0.0
                                     IsWindowsOnly=true
                                     LatestRuntimeFrameworkVersion=10.0.10
                                     RuntimeFrameworkName=Microsoft.WindowsDesktop.App
                                     RuntimePackNamePatterns=Microsoft.WindowsDesktop.App.Runtime.**RID**
                                     RuntimePackRuntimeIdentifiers=win-x64;win-x86;win-arm64
                                     TargetFramework=net10.0
                                     TargetingPackName=Microsoft.WindowsDesktop.App.Ref
                                     TargetingPackVersion=10.0.10
                             Microsoft.WindowsDesktop.App.WPF
                                     DefaultRuntimeFrameworkVersion=10.0.0
                                     IsWindowsOnly=true
                                     LatestRuntimeFrameworkVersion=10.0.10
                                     Profile=WPF
                                     RuntimeFrameworkName=Microsoft.WindowsDesktop.App
                                     RuntimePackNamePatterns=Microsoft.WindowsDesktop.App.Runtime.**RID**
                                     RuntimePackRuntimeIdentifiers=win-x64;win-x86;win-arm64
                                     TargetFramework=net10.0
                                     TargetingPackName=Microsoft.WindowsDesktop.App.Ref
                                     TargetingPackVersion=10.0.10
                             Microsoft.WindowsDesktop.App.WindowsForms
                                     DefaultRuntimeFrameworkVersion=10.0.0
                                     IsWindowsOnly=true
                                     LatestRuntimeFrameworkVersion=10.0.10
                                     Profile=WindowsForms
                                     RuntimeFrameworkName=Microsoft.WindowsDesktop.App
                                     RuntimePackNamePatterns=Microsoft.WindowsDesktop.App.Runtime.**RID**
                                     RuntimePackRuntimeIdentifiers=win-x64;win-x86;win-arm64
                                     TargetFramework=net10.0
                                     TargetingPackName=Microsoft.WindowsDesktop.App.Ref
                                     TargetingPackVersion=10.0.10
                             Microsoft.AspNetCore.App
                                     DefaultRuntimeFrameworkVersion=10.0.0
                                     LatestRuntimeFrameworkVersion=10.0.10
                                     RuntimeFrameworkName=Microsoft.AspNetCore.App
                                     RuntimePackExcludedRuntimeIdentifiers=android;linux-bionic
                                     RuntimePackNamePatterns=Microsoft.AspNetCore.App.Runtime.**RID**
                                     RuntimePackRuntimeIdentifiers=win-x64;win-x86;osx-x64;linux-musl-x64;linux-musl-arm64;linux-x64;linux-arm;linux-arm64;linux-musl-arm;win-arm64;osx-arm64;linux-s390x;linux-loongarch64;linux-ppc64le;freebsd-x64;freebsd-arm64;linux-riscv64;linux-musl-riscv64;linux-loongarch64;linux-musl-loongarch64
                                     TargetFramework=net10.0
                                     TargetingPackName=Microsoft.AspNetCore.App.Ref
                                     TargetingPackVersion=10.0.10
                             Microsoft.NETCore.App
                                     DefaultRuntimeFrameworkVersion=9.0.0
                                     LatestRuntimeFrameworkVersion=9.0.18
                                     RuntimeFrameworkName=Microsoft.NETCore.App
                                     RuntimePackNamePatterns=Microsoft.NETCore.App.Runtime.**RID**
                                     RuntimePackRuntimeIdentifiers=linux-arm;linux-arm64;linux-musl-arm64;linux-musl-x64;linux-x64;osx-x64;tizen.4.0.0-armel;tizen.5.0.0-armel;win-arm64;win-x64;win-x86;linux-musl-arm;osx-arm64;linux-s390x;linux-loongarch64;linux-bionic-arm;linux-bionic-arm64;linux-bionic-x64;linux-bionic-x86;linux-ppc64le;freebsd-x64;freebsd-arm64;linux-riscv64;linux-musl-riscv64;linux-musl-loongarch64
                                     TargetFramework=net9.0
                                     TargetingPackName=Microsoft.NETCore.App.Ref
                                     TargetingPackVersion=9.0.18
                             Microsoft.WindowsDesktop.App
                                     DefaultRuntimeFrameworkVersion=9.0.0
                                     IsWindowsOnly=true
                                     LatestRuntimeFrameworkVersion=9.0.18
                                     RuntimeFrameworkName=Microsoft.WindowsDesktop.App
                                     RuntimePackNamePatterns=Microsoft.WindowsDesktop.App.Runtime.**RID**
                                     RuntimePackRuntimeIdentifiers=win-x64;win-x86;win-arm64
                                     TargetFramework=net9.0
                                     TargetingPackName=Microsoft.WindowsDesktop.App.Ref
                                     TargetingPackVersion=9.0.18
                             Microsoft.WindowsDesktop.App.WPF
                                     DefaultRuntimeFrameworkVersion=9.0.0
                                     IsWindowsOnly=true
                                     LatestRuntimeFrameworkVersion=9.0.18
                                     Profile=WPF
                                     RuntimeFrameworkName=Microsoft.WindowsDesktop.App
                                     RuntimePackNamePatterns=Microsoft.WindowsDesktop.App.Runtime.**RID**
                                     RuntimePackRuntimeIdentifiers=win-x64;win-x86;win-arm64
                                     TargetFramework=net9.0
                                     TargetingPackName=Microsoft.WindowsDesktop.App.Ref
                                     TargetingPackVersion=9.0.18
                             Microsoft.WindowsDesktop.App.WindowsForms
                                     DefaultRuntimeFrameworkVersion=9.0.0
                                     IsWindowsOnly=true
                                     LatestRuntimeFrameworkVersion=9.0.18
                                     Profile=WindowsForms
                                     RuntimeFrameworkName=Microsoft.WindowsDesktop.App
                                     RuntimePackNamePatterns=Microsoft.WindowsDesktop.App.Runtime.**RID**
                                     RuntimePackRuntimeIdentifiers=win-x64;win-x86;win-arm64
                                     TargetFramework=net9.0
                                     TargetingPackName=Microsoft.WindowsDesktop.App.Ref
                                     TargetingPackVersion=9.0.18
                             Microsoft.AspNetCore.App
                                     DefaultRuntimeFrameworkVersion=9.0.0
                                     LatestRuntimeFrameworkVersion=9.0.18
                                     RuntimeFrameworkName=Microsoft.AspNetCore.App
                                     RuntimePackExcludedRuntimeIdentifiers=android;linux-bionic
                                     RuntimePackNamePatterns=Microsoft.AspNetCore.App.Runtime.**RID**
                                     RuntimePackRuntimeIdentifiers=win-x64;win-x86;osx-x64;linux-musl-x64;linux-musl-arm64;linux-x64;linux-arm;linux-arm64;linux-musl-arm;win-arm64;osx-arm64;linux-s390x;linux-loongarch64;linux-ppc64le;freebsd-x64;freebsd-arm64;linux-riscv64;linux-musl-riscv64;linux-loongarch64;linux-musl-loongarch64
                                     TargetFramework=net9.0
                                     TargetingPackName=Microsoft.AspNetCore.App.Ref
                                     TargetingPackVersion=9.0.18
                             Microsoft.NETCore.App
                                     DefaultRuntimeFrameworkVersion=8.0.0
                                     LatestRuntimeFrameworkVersion=8.0.29
                                     RuntimeFrameworkName=Microsoft.NETCore.App
                                     RuntimePackNamePatterns=Microsoft.NETCore.App.Runtime.**RID**
                                     RuntimePackRuntimeIdentifiers=linux-arm;linux-arm64;linux-musl-arm64;linux-musl-x64;linux-x64;osx-x64;tizen.4.0.0-armel;tizen.5.0.0-armel;win-arm64;win-x64;win-x86;linux-musl-arm;osx-arm64;linux-s390x;linux-loongarch64;linux-bionic-arm;linux-bionic-arm64;linux-bionic-x64;linux-bionic-x86;linux-ppc64le;freebsd-x64;freebsd-arm64
                                     TargetFramework=net8.0
                                     TargetingPackName=Microsoft.NETCore.App.Ref
                                     TargetingPackVersion=8.0.29
                             Microsoft.WindowsDesktop.App
                                     DefaultRuntimeFrameworkVersion=8.0.0
                                     IsWindowsOnly=true
                                     LatestRuntimeFrameworkVersion=8.0.29
                                     RuntimeFrameworkName=Microsoft.WindowsDesktop.App
                                     RuntimePackNamePatterns=Microsoft.WindowsDesktop.App.Runtime.**RID**
                                     RuntimePackRuntimeIdentifiers=win-x64;win-x86;win-arm64
                                     TargetFramework=net8.0
                                     TargetingPackName=Microsoft.WindowsDesktop.App.Ref
                                     TargetingPackVersion=8.0.29
                             Microsoft.WindowsDesktop.App.WPF
                                     DefaultRuntimeFrameworkVersion=8.0.0
                                     IsWindowsOnly=true
                                     LatestRuntimeFrameworkVersion=8.0.29
                                     Profile=WPF
                                     RuntimeFrameworkName=Microsoft.WindowsDesktop.App
                                     RuntimePackNamePatterns=Microsoft.WindowsDesktop.App.Runtime.**RID**
                                     RuntimePackRuntimeIdentifiers=win-x64;win-x86;win-arm64
                                     TargetFramework=net8.0
                                     TargetingPackName=Microsoft.WindowsDesktop.App.Ref
                                     TargetingPackVersion=8.0.29
                             Microsoft.WindowsDesktop.App.WindowsForms
                                     DefaultRuntimeFrameworkVersion=8.0.0
                                     IsWindowsOnly=true
                                     LatestRuntimeFrameworkVersion=8.0.29
                                     Profile=WindowsForms
                                     RuntimeFrameworkName=Microsoft.WindowsDesktop.App
                                     RuntimePackNamePatterns=Microsoft.WindowsDesktop.App.Runtime.**RID**
                                     RuntimePackRuntimeIdentifiers=win-x64;win-x86;win-arm64
                                     TargetFramework=net8.0
                                     TargetingPackName=Microsoft.WindowsDesktop.App.Ref
                                     TargetingPackVersion=8.0.29
                             Microsoft.AspNetCore.App
                                     DefaultRuntimeFrameworkVersion=8.0.0
                                     LatestRuntimeFrameworkVersion=8.0.29
                                     RuntimeFrameworkName=Microsoft.AspNetCore.App
                                     RuntimePackExcludedRuntimeIdentifiers=android;linux-bionic
                                     RuntimePackNamePatterns=Microsoft.AspNetCore.App.Runtime.**RID**
                                     RuntimePackRuntimeIdentifiers=win-x64;win-x86;osx-x64;linux-musl-x64;linux-musl-arm64;linux-x64;linux-arm;linux-arm64;linux-musl-arm;win-arm64;osx-arm64;linux-s390x;linux-loongarch64;linux-ppc64le;freebsd-x64;freebsd-arm64
                                     TargetFramework=net8.0
                                     TargetingPackName=Microsoft.AspNetCore.App.Ref
                                     TargetingPackVersion=8.0.29
                             Microsoft.NETCore.App
                                     DefaultRuntimeFrameworkVersion=7.0.0
                                     LatestRuntimeFrameworkVersion=7.0.20
                                     RuntimeFrameworkName=Microsoft.NETCore.App
                                     RuntimePackNamePatterns=Microsoft.NETCore.App.Runtime.**RID**
                                     RuntimePackRuntimeIdentifiers=linux-arm;linux-arm64;linux-musl-arm64;linux-musl-x64;linux-x64;osx-x64;tizen.4.0.0-armel;tizen.5.0.0-armel;win-arm;win-arm64;win-x64;win-x86;linux-musl-arm;osx-arm64;linux-s390x;linux-loongarch64;linux-bionic-arm;linux-bionic-arm64;linux-bionic-x64;linux-bionic-x86;linux-ppc64le
                                     TargetFramework=net7.0
                                     TargetingPackName=Microsoft.NETCore.App.Ref
                                     TargetingPackVersion=7.0.20
                             Microsoft.WindowsDesktop.App
                                     DefaultRuntimeFrameworkVersion=7.0.0
                                     IsWindowsOnly=true
                                     LatestRuntimeFrameworkVersion=7.0.20
                                     RuntimeFrameworkName=Microsoft.WindowsDesktop.App
                                     RuntimePackNamePatterns=Microsoft.WindowsDesktop.App.Runtime.**RID**
                                     RuntimePackRuntimeIdentifiers=win-x64;win-x86;win-arm64
                                     TargetFramework=net7.0
                                     TargetingPackName=Microsoft.WindowsDesktop.App.Ref
                                     TargetingPackVersion=7.0.20
                             Microsoft.WindowsDesktop.App.WPF
                                     DefaultRuntimeFrameworkVersion=7.0.0
                                     IsWindowsOnly=true
                                     LatestRuntimeFrameworkVersion=7.0.20
                                     Profile=WPF
                                     RuntimeFrameworkName=Microsoft.WindowsDesktop.App
                                     RuntimePackNamePatterns=Microsoft.WindowsDesktop.App.Runtime.**RID**
                                     RuntimePackRuntimeIdentifiers=win-x64;win-x86;win-arm64
                                     TargetFramework=net7.0
                                     TargetingPackName=Microsoft.WindowsDesktop.App.Ref
                                     TargetingPackVersion=7.0.20
                             Microsoft.WindowsDesktop.App.WindowsForms
                                     DefaultRuntimeFrameworkVersion=7.0.0
                                     IsWindowsOnly=true
                                     LatestRuntimeFrameworkVersion=7.0.20
                                     Profile=WindowsForms
                                     RuntimeFrameworkName=Microsoft.WindowsDesktop.App
                                     RuntimePackNamePatterns=Microsoft.WindowsDesktop.App.Runtime.**RID**
                                     RuntimePackRuntimeIdentifiers=win-x64;win-x86;win-arm64
                                     TargetFramework=net7.0
                                     TargetingPackName=Microsoft.WindowsDesktop.App.Ref
                                     TargetingPackVersion=7.0.20
                             Microsoft.AspNetCore.App
                                     DefaultRuntimeFrameworkVersion=7.0.0
                                     LatestRuntimeFrameworkVersion=7.0.20
                                     RuntimeFrameworkName=Microsoft.AspNetCore.App
                                     RuntimePackExcludedRuntimeIdentifiers=android
                                     RuntimePackNamePatterns=Microsoft.AspNetCore.App.Runtime.**RID**
                                     RuntimePackRuntimeIdentifiers=win-x64;win-x86;win-arm;osx-x64;linux-musl-x64;linux-musl-arm64;linux-x64;linux-arm;linux-arm64;linux-musl-arm;win-arm64;osx-arm64;linux-s390x;linux-loongarch64;linux-ppc64le
                                     TargetFramework=net7.0
                                     TargetingPackName=Microsoft.AspNetCore.App.Ref
                                     TargetingPackVersion=7.0.20
                             Microsoft.NETCore.App
                                     DefaultRuntimeFrameworkVersion=6.0.0
                                     LatestRuntimeFrameworkVersion=6.0.36
                                     RuntimeFrameworkName=Microsoft.NETCore.App
                                     RuntimePackNamePatterns=Microsoft.NETCore.App.Runtime.**RID**
                                     RuntimePackRuntimeIdentifiers=linux-arm;linux-arm64;linux-musl-arm64;linux-musl-x64;linux-x64;osx-x64;tizen.4.0.0-armel;tizen.5.0.0-armel;win-arm;win-arm64;win-x64;win-x86;linux-musl-arm;osx-arm64;linux-s390x;linux-loongarch64
                                     TargetFramework=net6.0
                                     TargetingPackName=Microsoft.NETCore.App.Ref
                                     TargetingPackVersion=6.0.36
                             Microsoft.WindowsDesktop.App
                                     DefaultRuntimeFrameworkVersion=6.0.0
                                     IsWindowsOnly=true
                                     LatestRuntimeFrameworkVersion=6.0.36
                                     RuntimeFrameworkName=Microsoft.WindowsDesktop.App
                                     RuntimePackNamePatterns=Microsoft.WindowsDesktop.App.Runtime.**RID**
                                     RuntimePackRuntimeIdentifiers=win-x64;win-x86;win-arm64
                                     TargetFramework=net6.0
                                     TargetingPackName=Microsoft.WindowsDesktop.App.Ref
                                     TargetingPackVersion=6.0.36
                             Microsoft.WindowsDesktop.App.WPF
                                     DefaultRuntimeFrameworkVersion=6.0.0
                                     IsWindowsOnly=true
                                     LatestRuntimeFrameworkVersion=6.0.36
                                     Profile=WPF
                                     RuntimeFrameworkName=Microsoft.WindowsDesktop.App
                                     RuntimePackNamePatterns=Microsoft.WindowsDesktop.App.Runtime.**RID**
                                     RuntimePackRuntimeIdentifiers=win-x64;win-x86;win-arm64
                                     TargetFramework=net6.0
                                     TargetingPackName=Microsoft.WindowsDesktop.App.Ref
                                     TargetingPackVersion=6.0.36
                             Microsoft.WindowsDesktop.App.WindowsForms
                                     DefaultRuntimeFrameworkVersion=6.0.0
                                     IsWindowsOnly=true
                                     LatestRuntimeFrameworkVersion=6.0.36
                                     Profile=WindowsForms
                                     RuntimeFrameworkName=Microsoft.WindowsDesktop.App
                                     RuntimePackNamePatterns=Microsoft.WindowsDesktop.App.Runtime.**RID**
                                     RuntimePackRuntimeIdentifiers=win-x64;win-x86;win-arm64
                                     TargetFramework=net6.0
                                     TargetingPackName=Microsoft.WindowsDesktop.App.Ref
                                     TargetingPackVersion=6.0.36
                             Microsoft.AspNetCore.App
                                     DefaultRuntimeFrameworkVersion=6.0.0
                                     LatestRuntimeFrameworkVersion=6.0.36
                                     RuntimeFrameworkName=Microsoft.AspNetCore.App
                                     RuntimePackNamePatterns=Microsoft.AspNetCore.App.Runtime.**RID**
                                     RuntimePackRuntimeIdentifiers=win-x64;win-x86;win-arm;osx-x64;linux-musl-x64;linux-musl-arm64;linux-x64;linux-arm;linux-arm64;linux-musl-arm;win-arm64;osx-arm64;linux-s390x;linux-loongarch64
                                     TargetFramework=net6.0
                                     TargetingPackName=Microsoft.AspNetCore.App.Ref
                                     TargetingPackVersion=6.0.36
                             Microsoft.NETCore.App
                                     DefaultRuntimeFrameworkVersion=5.0.0
                                     IsTrimmable=true
                                     LatestRuntimeFrameworkVersion=5.0.17
                                     RuntimeFrameworkName=Microsoft.NETCore.App
                                     RuntimePackNamePatterns=Microsoft.NETCore.App.Runtime.**RID**
                                     RuntimePackRuntimeIdentifiers=linux-arm;linux-arm64;linux-musl-arm64;linux-musl-x64;linux-x64;osx-x64;tizen.4.0.0-armel;tizen.5.0.0-armel;win-arm;win-arm64;win-x64;win-x86;linux-musl-arm;browser-wasm
                                     TargetFramework=net5.0
                                     TargetingPackName=Microsoft.NETCore.App.Ref
                                     TargetingPackVersion=5.0.0
                             Microsoft.WindowsDesktop.App
                                     DefaultRuntimeFrameworkVersion=5.0.0
                                     IsWindowsOnly=true
                                     LatestRuntimeFrameworkVersion=5.0.17
                                     RuntimeFrameworkName=Microsoft.WindowsDesktop.App
                                     RuntimePackNamePatterns=Microsoft.WindowsDesktop.App.Runtime.**RID**
                                     RuntimePackRuntimeIdentifiers=win-x64;win-x86;win-arm64
                                     TargetFramework=net5.0
                                     TargetingPackName=Microsoft.WindowsDesktop.App.Ref
                                     TargetingPackVersion=5.0.0
                             Microsoft.WindowsDesktop.App.WPF
                                     DefaultRuntimeFrameworkVersion=5.0.0
                                     IsWindowsOnly=true
                                     LatestRuntimeFrameworkVersion=5.0.17
                                     Profile=WPF
                                     RuntimeFrameworkName=Microsoft.WindowsDesktop.App
                                     RuntimePackNamePatterns=Microsoft.WindowsDesktop.App.Runtime.**RID**
                                     RuntimePackRuntimeIdentifiers=win-x64;win-x86;win-arm64
                                     TargetFramework=net5.0
                                     TargetingPackName=Microsoft.WindowsDesktop.App.Ref
                                     TargetingPackVersion=5.0.0
                             Microsoft.WindowsDesktop.App.WindowsForms
                                     DefaultRuntimeFrameworkVersion=5.0.0
                                     IsWindowsOnly=true
                                     LatestRuntimeFrameworkVersion=5.0.17
                                     Profile=WindowsForms
                                     RuntimeFrameworkName=Microsoft.WindowsDesktop.App
                                     RuntimePackNamePatterns=Microsoft.WindowsDesktop.App.Runtime.**RID**
                                     RuntimePackRuntimeIdentifiers=win-x64;win-x86;win-arm64
                                     TargetFramework=net5.0
                                     TargetingPackName=Microsoft.WindowsDesktop.App.Ref
                                     TargetingPackVersion=5.0.0
                             Microsoft.AspNetCore.App
                                     DefaultRuntimeFrameworkVersion=5.0.0
                                     LatestRuntimeFrameworkVersion=5.0.17
                                     RuntimeFrameworkName=Microsoft.AspNetCore.App
                                     RuntimePackNamePatterns=Microsoft.AspNetCore.App.Runtime.**RID**
                                     RuntimePackRuntimeIdentifiers=win-x64;win-x86;win-arm;osx-x64;linux-musl-x64;linux-musl-arm64;linux-x64;linux-arm;linux-arm64;linux-musl-arm;win-arm64
                                     TargetFramework=net5.0
                                     TargetingPackName=Microsoft.AspNetCore.App.Ref
                                     TargetingPackVersion=5.0.0
                             Microsoft.NETCore.App
                                     DefaultRuntimeFrameworkVersion=3.1.0
                                     IsTrimmable=true
                                     LatestRuntimeFrameworkVersion=3.1.32
                                     RuntimeFrameworkName=Microsoft.NETCore.App
                                     RuntimePackNamePatterns=Microsoft.NETCore.App.Runtime.**RID**
                                     RuntimePackRuntimeIdentifiers=linux-arm;linux-arm64;linux-musl-arm64;linux-musl-x64;linux-x64;osx-x64;tizen.4.0.0-armel;tizen.5.0.0-armel;win-arm;win-arm64;win-x64;win-x86
                                     TargetFramework=netcoreapp3.1
                                     TargetingPackName=Microsoft.NETCore.App.Ref
                                     TargetingPackVersion=3.1.0
                             Microsoft.WindowsDesktop.App
                                     DefaultRuntimeFrameworkVersion=3.1.0
                                     IsWindowsOnly=true
                                     LatestRuntimeFrameworkVersion=3.1.32
                                     RuntimeFrameworkName=Microsoft.WindowsDesktop.App
                                     RuntimePackNamePatterns=Microsoft.WindowsDesktop.App.Runtime.**RID**
                                     RuntimePackRuntimeIdentifiers=win-x64;win-x86
                                     TargetFramework=netcoreapp3.1
                                     TargetingPackName=Microsoft.WindowsDesktop.App.Ref
                                     TargetingPackVersion=3.1.0
                             Microsoft.WindowsDesktop.App.WPF
                                     DefaultRuntimeFrameworkVersion=3.1.0
                                     IsWindowsOnly=true
                                     LatestRuntimeFrameworkVersion=3.1.32
                                     Profile=WPF
                                     RuntimeFrameworkName=Microsoft.WindowsDesktop.App
                                     RuntimePackNamePatterns=Microsoft.WindowsDesktop.App.Runtime.**RID**
                                     RuntimePackRuntimeIdentifiers=win-x64;win-x86
                                     TargetFramework=netcoreapp3.1
                                     TargetingPackName=Microsoft.WindowsDesktop.App.Ref
                                     TargetingPackVersion=3.1.0
                             Microsoft.WindowsDesktop.App.WindowsForms
                                     DefaultRuntimeFrameworkVersion=3.1.0
                                     IsWindowsOnly=true
                                     LatestRuntimeFrameworkVersion=3.1.32
                                     Profile=WindowsForms
                                     RuntimeFrameworkName=Microsoft.WindowsDesktop.App
                                     RuntimePackNamePatterns=Microsoft.WindowsDesktop.App.Runtime.**RID**
                                     RuntimePackRuntimeIdentifiers=win-x64;win-x86
                                     TargetFramework=netcoreapp3.1
                                     TargetingPackName=Microsoft.WindowsDesktop.App.Ref
                                     TargetingPackVersion=3.1.0
                             Microsoft.AspNetCore.App
                                     DefaultRuntimeFrameworkVersion=3.1.0
                                     LatestRuntimeFrameworkVersion=3.1.32
                                     RuntimeFrameworkName=Microsoft.AspNetCore.App
                                     RuntimePackNamePatterns=Microsoft.AspNetCore.App.Runtime.**RID**
                                     RuntimePackRuntimeIdentifiers=win-x64;win-x86;win-arm;osx-x64;linux-musl-x64;linux-musl-arm64;linux-x64;linux-arm;linux-arm64
                                     TargetFramework=netcoreapp3.1
                                     TargetingPackName=Microsoft.AspNetCore.App.Ref
                                     TargetingPackVersion=3.1.10
                             Microsoft.NETCore.App
                                     DefaultRuntimeFrameworkVersion=3.0.0
                                     IsTrimmable=true
                                     LatestRuntimeFrameworkVersion=3.0.3
                                     RuntimeFrameworkName=Microsoft.NETCore.App
                                     RuntimePackNamePatterns=Microsoft.NETCore.App.Runtime.**RID**
                                     RuntimePackRuntimeIdentifiers=linux-arm;linux-arm64;linux-musl-arm64;linux-musl-x64;linux-x64;osx-x64;tizen.4.0.0-armel;tizen.5.0.0-armel;win-arm;win-arm64;win-x64;win-x86
                                     TargetFramework=netcoreapp3.0
                                     TargetingPackName=Microsoft.NETCore.App.Ref
                                     TargetingPackVersion=3.0.0
                             Microsoft.WindowsDesktop.App
                                     DefaultRuntimeFrameworkVersion=3.0.0
                                     IsWindowsOnly=true
                                     LatestRuntimeFrameworkVersion=3.0.3
                                     RuntimeFrameworkName=Microsoft.WindowsDesktop.App
                                     RuntimePackNamePatterns=Microsoft.WindowsDesktop.App.Runtime.**RID**
                                     RuntimePackRuntimeIdentifiers=win-x64;win-x86
                                     TargetFramework=netcoreapp3.0
                                     TargetingPackName=Microsoft.WindowsDesktop.App.Ref
                                     TargetingPackVersion=3.0.0
                             Microsoft.WindowsDesktop.App.WPF
                                     DefaultRuntimeFrameworkVersion=3.0.0
                                     IsWindowsOnly=true
                                     LatestRuntimeFrameworkVersion=3.0.3
                                     Profile=WPF
                                     RuntimeFrameworkName=Microsoft.WindowsDesktop.App
                                     RuntimePackNamePatterns=Microsoft.WindowsDesktop.App.Runtime.**RID**
                                     RuntimePackRuntimeIdentifiers=win-x64;win-x86
                                     TargetFramework=netcoreapp3.0
                                     TargetingPackName=Microsoft.WindowsDesktop.App.Ref
                                     TargetingPackVersion=3.0.0
                             Microsoft.WindowsDesktop.App.WindowsForms
                                     DefaultRuntimeFrameworkVersion=3.0.0
                                     IsWindowsOnly=true
                                     LatestRuntimeFrameworkVersion=3.0.3
                                     Profile=WindowsForms
                                     RuntimeFrameworkName=Microsoft.WindowsDesktop.App
                                     RuntimePackNamePatterns=Microsoft.WindowsDesktop.App.Runtime.**RID**
                                     RuntimePackRuntimeIdentifiers=win-x64;win-x86
                                     TargetFramework=netcoreapp3.0
                                     TargetingPackName=Microsoft.WindowsDesktop.App.Ref
                                     TargetingPackVersion=3.0.0
                             Microsoft.AspNetCore.App
                                     DefaultRuntimeFrameworkVersion=3.0.0
                                     LatestRuntimeFrameworkVersion=3.0.3
                                     RuntimeFrameworkName=Microsoft.AspNetCore.App
                                     RuntimePackNamePatterns=Microsoft.AspNetCore.App.Runtime.**RID**
                                     RuntimePackRuntimeIdentifiers=win-x64;win-x86;win-arm;osx-x64;linux-musl-x64;linux-musl-arm64;linux-x64;linux-arm;linux-arm64
                                     TargetFramework=netcoreapp3.0
                                     TargetingPackName=Microsoft.AspNetCore.App.Ref
                                     TargetingPackVersion=3.0.1
                             NETStandard.Library
                                     TargetFramework=netstandard2.1
                                     TargetingPackName=NETStandard.Library.Ref
                                     TargetingPackVersion=2.1.0 (TaskId:5)
                     Task Parameter:FirstTargetFrameworkVersionToSupportSingleFileAnalyzer=6.0 (TaskId:5)
                     Task Parameter:FirstTargetFrameworkVersionToSupportTrimAnalyzer=6.0 (TaskId:5)
                     Task Parameter:NETCoreSdkVersion=10.0.302 (TaskId:5)
                     Task Parameter:
                         KnownWebAssemblySdkPacks=
                             Microsoft.NET.Sdk.WebAssembly.Pack
                                     TargetFramework=net10.0
                                     WebAssemblySdkPackVersion=10.0.10
                             Microsoft.NET.Sdk.WebAssembly.Pack
                                     TargetFramework=net9.0
                                     WebAssemblySdkPackVersion=10.0.10
                             Microsoft.NET.Sdk.WebAssembly.Pack
                                     TargetFramework=net8.0
                                     WebAssemblySdkPackVersion=10.0.10
                             Microsoft.NET.Sdk.WebAssembly.Pack
                                     TargetFramework=net7.0
                                     WebAssemblySdkPackVersion=10.0.10
                             Microsoft.NET.Sdk.WebAssembly.Pack
                                     TargetFramework=net6.0
                                     WebAssemblySdkPackVersion=10.0.10 (TaskId:5)
                     Task Parameter:NETCoreSdkRuntimeIdentifier=linux-x64 (TaskId:5)
                     Task Parameter:
                         KnownILCompilerPacks=
                             Microsoft.DotNet.ILCompiler
                                     ILCompilerPackNamePattern=runtime.**RID**.Microsoft.DotNet.ILCompiler
                                     ILCompilerPackVersion=10.0.10
                                     ILCompilerPortableRuntimeIdentifiers=linux-arm64;linux-musl-arm64;linux-musl-x64;linux-x64;win-arm64;win-x64;osx-x64;osx-arm64;freebsd-x64;freebsd-arm64;linux-arm;linux-musl-arm;linux-loongarch64;linux-musl-loongarch64;win-x86;linux-riscv64;linux-musl-riscv64
                                     ILCompilerRuntimeIdentifiers=linux-arm64;linux-musl-arm64;linux-musl-x64;linux-x64;win-arm64;win-x64;osx-x64;osx-arm64;freebsd-x64;freebsd-arm64;linux-arm;linux-musl-arm;linux-loongarch64;linux-musl-loongarch64;win-x86;linux-riscv64;linux-musl-riscv64
                                     ILCompilerRuntimePackNamePattern=Microsoft.NETCore.App.Runtime.NativeAOT.**RID**
                                     TargetFramework=net10.0
                             Microsoft.DotNet.ILCompiler
                                     ILCompilerPackNamePattern=runtime.**RID**.Microsoft.DotNet.ILCompiler
                                     ILCompilerPackVersion=9.0.18
                                     ILCompilerRuntimeIdentifiers=linux-arm64;linux-musl-arm64;linux-musl-x64;linux-x64;win-arm64;win-x64;osx-x64;osx-arm64;freebsd-x64;freebsd-arm64;linux-arm;linux-musl-arm;linux-loongarch64;linux-musl-loongarch64;win-x86
                                     TargetFramework=net9.0
                             Microsoft.DotNet.ILCompiler
                                     ILCompilerPackNamePattern=runtime.**RID**.Microsoft.DotNet.ILCompiler
                                     ILCompilerPackVersion=8.0.29
                                     ILCompilerRuntimeIdentifiers=linux-arm64;linux-musl-arm64;linux-musl-x64;linux-x64;win-arm64;win-x64;osx-x64;osx-arm64;freebsd-x64;freebsd-arm64
                                     TargetFramework=net8.0
                             Microsoft.DotNet.ILCompiler
                                     ILCompilerPackNamePattern=runtime.**RID**.Microsoft.DotNet.ILCompiler
                                     ILCompilerPackVersion=7.0.20
                                     ILCompilerRuntimeIdentifiers=linux-arm64;linux-musl-arm64;linux-musl-x64;linux-x64;win-arm64;win-x64
                                     TargetFramework=net7.0 (TaskId:5)
                     Task Parameter:TargetFrameworkVersion=10.0 (TaskId:5)
                     Task Parameter:RequiresILLinkPack=False (TaskId:5)
                     Task Parameter:ReadyToRunUseCrossgen2=True (TaskId:5)
                     Task Parameter:
                         KnownILLinkPacks=
                             Microsoft.NET.ILLink.Tasks
                                     ILLinkPackVersion=10.0.10
                                     TargetFramework=net10.0
                             Microsoft.NET.ILLink.Tasks
                                     ILLinkPackVersion=9.0.18
                                     TargetFramework=net9.0
                             Microsoft.NET.ILLink.Tasks
                                     ILLinkPackVersion=8.0.29
                                     TargetFramework=net8.0
                             Microsoft.NET.ILLink.Tasks
                                     ILLinkPackVersion=7.0.100-1.23211.1
                                     TargetFramework=net7.0
                             Microsoft.NET.ILLink.Tasks
                                     ILLinkPackVersion=7.0.100-1.23211.1
                                     TargetFramework=net6.0
                             Microsoft.NET.ILLink.Tasks
                                     ILLinkPackVersion=7.0.100-1.23211.1
                                     TargetFramework=net5.0
                             Microsoft.NET.ILLink.Tasks
                                     ILLinkPackVersion=7.0.100-1.23211.1
                                     TargetFramework=netcoreapp3.1
                             Microsoft.NET.ILLink.Tasks
                                     ILLinkPackVersion=7.0.100-1.23211.1
                                     TargetFramework=netcoreapp3.0 (TaskId:5)
                     Task Parameter:
                         KnownAspNetCorePacks=
                             Microsoft.AspNetCore.App.Internal.Assets
                                     AspNetCorePackVersion=10.0.10
                                     TargetFramework=net10.0 (TaskId:5)
                     Task Parameter:TargetLatestRuntimePatchIsDefault=True (TaskId:5)
                     Task Parameter:FirstTargetFrameworkVersionToSupportAotAnalyzer=7.0 (TaskId:5)
                     Task Parameter:EnableRuntimePackDownload=True (TaskId:5)
                     Found 1 known framework references for target framework .NETCoreApp (TaskId:5)
                     Found 5 known runtime packs for target framework .NETCoreApp (TaskId:5)
                     Selected Microsoft.NETCore.App with RIDs 'linux-arm;linux-arm64;linux-musl-arm64;linux-musl-x64;linux-x64;osx-x64;tizen.4.0.0-armel;tizen.5.0.0-armel;win-arm64;win-x64;win-x86;linux-musl-arm;osx-arm64;linux-s390x;linux-loongarch64;linux-bionic-arm;linux-bionic-arm64;linux-bionic-x64;linux-bionic-x86;linux-ppc64le;freebsd-x64;freebsd-arm64;linux-riscv64;linux-musl-riscv64;linux-musl-loongarch64;android-arm64;android-x64' (TaskId:5)
                     Selected targeting pack 'Microsoft.NETCore.App@10.0.10' (TaskId:5)
                     Added runtime framework 'Microsoft.NETCore.App@10.0.0' (TaskId:5)
                     Ignoring framework reference to Microsoft.WindowsDesktop.App as it is Windows-only and the current platform is not Windows. (TaskId:5)
                     Ignoring framework reference to Microsoft.WindowsDesktop.App.WPF as it is Windows-only and the current platform is not Windows. (TaskId:5)
                     Ignoring framework reference to Microsoft.WindowsDesktop.App.WindowsForms as it is Windows-only and the current platform is not Windows. (TaskId:5)
                     Selected Microsoft.AspNetCore.App with RIDs 'win-x64;win-x86;osx-x64;linux-musl-x64;linux-musl-arm64;linux-x64;linux-arm;linux-arm64;linux-musl-arm;win-arm64;osx-arm64;linux-s390x;linux-loongarch64;linux-ppc64le;freebsd-x64;freebsd-arm64;linux-riscv64;linux-musl-riscv64;linux-loongarch64;linux-musl-loongarch64' (TaskId:5)
                     Selected targeting pack 'Microsoft.AspNetCore.App@10.0.10' (TaskId:5)
                     Added runtime framework 'Microsoft.AspNetCore.App@10.0.0' (TaskId:5)
                     Output Item(s): 
                         RuntimeFramework=
                             Microsoft.NETCore.App
                                     FrameworkName=Microsoft.NETCore.App
                                     Profile=
                                     Version=10.0.0
                             Microsoft.AspNetCore.App
                                     FrameworkName=Microsoft.AspNetCore.App
                                     Profile=
                                     Version=10.0.0 (TaskId:5)
                     Output Item(s): 
                         TargetingPack=
                             Microsoft.NETCore.App
                                     NuGetPackageId=Microsoft.NETCore.App.Ref
                                     NuGetPackageVersion=10.0.10
                                     PackageConflictPreferredPackages=Microsoft.NETCore.App.Ref;Microsoft.NETCore.App.Runtime.linux-arm;Microsoft.NETCore.App.Runtime.linux-arm64;Microsoft.NETCore.App.Runtime.linux-musl-arm64;Microsoft.NETCore.App.Runtime.linux-musl-x64;Microsoft.NETCore.App.Runtime.linux-x64;Microsoft.NETCore.App.Runtime.osx-x64;Microsoft.NETCore.App.Runtime.tizen.4.0.0-armel;Microsoft.NETCore.App.Runtime.tizen.5.0.0-armel;Microsoft.NETCore.App.Runtime.win-arm64;Microsoft.NETCore.App.Runtime.win-x64;Microsoft.NETCore.App.Runtime.win-x86;Microsoft.NETCore.App.Runtime.linux-musl-arm;Microsoft.NETCore.App.Runtime.osx-arm64;Microsoft.NETCore.App.Runtime.linux-s390x;Microsoft.NETCore.App.Runtime.linux-loongarch64;Microsoft.NETCore.App.Runtime.linux-bionic-arm;Microsoft.NETCore.App.Runtime.linux-bionic-arm64;Microsoft.NETCore.App.Runtime.linux-bionic-x64;Microsoft.NETCore.App.Runtime.linux-bionic-x86;Microsoft.NETCore.App.Runtime.linux-ppc64le;Microsoft.NETCore.App.Runtime.freebsd-x64;Microsoft.NETCore.App.Runtime.freebsd-arm64;Microsoft.NETCore.App.Runtime.linux-riscv64;Microsoft.NETCore.App.Runtime.linux-musl-riscv64;Microsoft.NETCore.App.Runtime.linux-musl-loongarch64;Microsoft.NETCore.App.Runtime.android-arm64;Microsoft.NETCore.App.Runtime.android-x64
                                     PackageDirectory=/home/melkov/.dotnet/packs/Microsoft.NETCore.App.Ref/10.0.10
                                     Path=/home/melkov/.dotnet/packs/Microsoft.NETCore.App.Ref/10.0.10
                                     RuntimeFrameworkName=Microsoft.NETCore.App
                                     RuntimePackRuntimeIdentifiers=linux-arm;linux-arm64;linux-musl-arm64;linux-musl-x64;linux-x64;osx-x64;tizen.4.0.0-armel;tizen.5.0.0-armel;win-arm64;win-x64;win-x86;linux-musl-arm;osx-arm64;linux-s390x;linux-loongarch64;linux-bionic-arm;linux-bionic-arm64;linux-bionic-x64;linux-bionic-x86;linux-ppc64le;freebsd-x64;freebsd-arm64;linux-riscv64;linux-musl-riscv64;linux-musl-loongarch64;android-arm64;android-x64
                                     TargetFramework=net10.0
                                     TargetingPackFormat=
                             Microsoft.AspNetCore.App
                                     NuGetPackageId=Microsoft.AspNetCore.App.Ref
                                     NuGetPackageVersion=10.0.10
                                     PackageConflictPreferredPackages=Microsoft.AspNetCore.App.Ref;Microsoft.AspNetCore.App.Runtime.win-x64;Microsoft.AspNetCore.App.Runtime.win-x86;Microsoft.AspNetCore.App.Runtime.osx-x64;Microsoft.AspNetCore.App.Runtime.linux-musl-x64;Microsoft.AspNetCore.App.Runtime.linux-musl-arm64;Microsoft.AspNetCore.App.Runtime.linux-x64;Microsoft.AspNetCore.App.Runtime.linux-arm;Microsoft.AspNetCore.App.Runtime.linux-arm64;Microsoft.AspNetCore.App.Runtime.linux-musl-arm;Microsoft.AspNetCore.App.Runtime.win-arm64;Microsoft.AspNetCore.App.Runtime.osx-arm64;Microsoft.AspNetCore.App.Runtime.linux-s390x;Microsoft.AspNetCore.App.Runtime.linux-loongarch64;Microsoft.AspNetCore.App.Runtime.linux-ppc64le;Microsoft.AspNetCore.App.Runtime.freebsd-x64;Microsoft.AspNetCore.App.Runtime.freebsd-arm64;Microsoft.AspNetCore.App.Runtime.linux-riscv64;Microsoft.AspNetCore.App.Runtime.linux-musl-riscv64;Microsoft.AspNetCore.App.Runtime.linux-musl-loongarch64
                                     PackageDirectory=/home/melkov/.dotnet/packs/Microsoft.AspNetCore.App.Ref/10.0.10
                                     Path=/home/melkov/.dotnet/packs/Microsoft.AspNetCore.App.Ref/10.0.10
                                     RuntimeFrameworkName=Microsoft.AspNetCore.App
                                     RuntimePackRuntimeIdentifiers=win-x64;win-x86;osx-x64;linux-musl-x64;linux-musl-arm64;linux-x64;linux-arm;linux-arm64;linux-musl-arm;win-arm64;osx-arm64;linux-s390x;linux-loongarch64;linux-ppc64le;freebsd-x64;freebsd-arm64;linux-riscv64;linux-musl-riscv64;linux-loongarch64;linux-musl-loongarch64
                                     TargetFramework=net10.0
                                     TargetingPackFormat= (TaskId:5)
                     Output Item(s): 
                         _KnownRuntimeIdentifierPlatformsForTargetFramework=
                             linux
                             linux-musl
                             osx
                             tizen.4.0.0
                             tizen.5.0.0
                             win
                             linux-bionic
                             freebsd
                             android
                             ios
                             iossimulator
                             tvos
                             tvossimulator
                             maccatalyst
                             browser
                             wasi (TaskId:5)
                   Done executing task "ProcessFrameworkReferences". (TaskId:5)
                   Set Property: AppHostRuntimeIdentifier=
                   Set Property: AppHostRuntimeIdentifier=linux-x64
                   Using "ResolveAppHosts" task from assembly "/home/melkov/.dotnet/sdk/10.0.302/Sdks/Microsoft.NET.Sdk/targets/../tools/net10.0/Microsoft.NET.Build.Tasks.dll".
                   Task "ResolveAppHosts" (TaskId:6)
                     Task Parameter:DotNetComHostLibraryNameWithoutExtension=comhost (TaskId:6)
                     Task Parameter:DotNetIjwHostLibraryNameWithoutExtension=Ijwhost (TaskId:6)
                     Task Parameter:NetCoreTargetingPackRoot=/home/melkov/.dotnet/packs (TaskId:6)
                     Task Parameter:TargetFrameworkIdentifier=.NETCoreApp (TaskId:6)
                     Task Parameter:RuntimeGraphPath=/home/melkov/.dotnet/sdk/10.0.302/PortableRuntimeIdentifierGraph.json (TaskId:6)
                     Task Parameter:TargetingPackRoot=/home/melkov/.dotnet/packs (TaskId:6)
                     Task Parameter:AppHostRuntimeIdentifier=linux-x64 (TaskId:6)
                     Task Parameter:DotNetSingleFileHostExecutableNameWithoutExtension=singlefilehost (TaskId:6)
                     Task Parameter:TargetFrameworkVersion=10.0 (TaskId:6)
                     Task Parameter:
                         KnownAppHostPacks=
                             Microsoft.NETCore.App
                                     AppHostPackNamePattern=Microsoft.NETCore.App.Host.**RID**
                                     AppHostPackVersion=10.0.10
                                     AppHostRuntimeIdentifiers=linux-arm;linux-arm64;linux-musl-arm64;linux-musl-x64;linux-x64;osx-x64;tizen.4.0.0-armel;tizen.5.0.0-armel;win-arm64;win-x64;win-x86;linux-musl-arm;osx-arm64;linux-s390x;linux-loongarch64;linux-bionic-arm;linux-bionic-arm64;linux-bionic-x64;linux-bionic-x86;linux-ppc64le;freebsd-x64;freebsd-arm64;linux-riscv64;linux-musl-riscv64;linux-musl-loongarch64
                                     ExcludedRuntimeIdentifiers=android
                                     TargetFramework=net10.0
                             Microsoft.NETCore.App
                                     AppHostPackNamePattern=Microsoft.NETCore.App.Host.**RID**
                                     AppHostPackVersion=9.0.18
                                     AppHostRuntimeIdentifiers=linux-arm;linux-arm64;linux-musl-arm64;linux-musl-x64;linux-x64;osx-x64;tizen.4.0.0-armel;tizen.5.0.0-armel;win-arm64;win-x64;win-x86;linux-musl-arm;osx-arm64;linux-s390x;linux-loongarch64;linux-bionic-arm;linux-bionic-arm64;linux-bionic-x64;linux-bionic-x86;linux-ppc64le;freebsd-x64;freebsd-arm64;linux-riscv64;linux-musl-riscv64;linux-musl-loongarch64
                                     ExcludedRuntimeIdentifiers=android
                                     TargetFramework=net9.0
                             Microsoft.NETCore.App
                                     AppHostPackNamePattern=Microsoft.NETCore.App.Host.**RID**
                                     AppHostPackVersion=8.0.29
                                     AppHostRuntimeIdentifiers=linux-arm;linux-arm64;linux-musl-arm64;linux-musl-x64;linux-x64;osx-x64;tizen.4.0.0-armel;tizen.5.0.0-armel;win-arm64;win-x64;win-x86;linux-musl-arm;osx-arm64;linux-s390x;linux-loongarch64;linux-bionic-arm;linux-bionic-arm64;linux-bionic-x64;linux-bionic-x86;linux-ppc64le;freebsd-x64;freebsd-arm64
                                     ExcludedRuntimeIdentifiers=android
                                     TargetFramework=net8.0
                             Microsoft.NETCore.App
                                     AppHostPackNamePattern=Microsoft.NETCore.App.Host.**RID**
                                     AppHostPackVersion=7.0.20
                                     AppHostRuntimeIdentifiers=linux-arm;linux-arm64;linux-musl-arm64;linux-musl-x64;linux-x64;osx-x64;tizen.4.0.0-armel;tizen.5.0.0-armel;win-arm;win-arm64;win-x64;win-x86;linux-musl-arm;osx-arm64;linux-s390x;linux-loongarch64;linux-bionic-arm;linux-bionic-arm64;linux-bionic-x64;linux-bionic-x86;linux-ppc64le
                                     ExcludedRuntimeIdentifiers=android
                                     TargetFramework=net7.0
                             Microsoft.NETCore.App
                                     AppHostPackNamePattern=Microsoft.NETCore.App.Host.**RID**
                                     AppHostPackVersion=6.0.36
                                     AppHostRuntimeIdentifiers=linux-arm;linux-arm64;linux-musl-arm64;linux-musl-x64;linux-x64;osx-x64;tizen.4.0.0-armel;tizen.5.0.0-armel;win-arm;win-arm64;win-x64;win-x86;linux-musl-arm;osx-arm64;linux-s390x;linux-loongarch64
                                     ExcludedRuntimeIdentifiers=android
                                     TargetFramework=net6.0
                             Microsoft.NETCore.App
                                     AppHostPackNamePattern=Microsoft.NETCore.App.Host.**RID**
                                     AppHostPackVersion=5.0.17
                                     AppHostRuntimeIdentifiers=linux-arm;linux-arm64;linux-musl-arm64;linux-musl-x64;linux-x64;osx-x64;tizen.4.0.0-armel;tizen.5.0.0-armel;win-arm;win-arm64;win-x64;win-x86;linux-musl-arm
                                     TargetFramework=net5.0
                             Microsoft.NETCore.App
                                     AppHostPackNamePattern=Microsoft.NETCore.App.Host.**RID**
                                     AppHostPackVersion=3.1.32
                                     AppHostRuntimeIdentifiers=linux-arm;linux-arm64;linux-musl-arm64;linux-musl-x64;linux-x64;osx-x64;tizen.4.0.0-armel;tizen.5.0.0-armel;win-arm;win-arm64;win-x64;win-x86
                                     TargetFramework=netcoreapp3.1
                             Microsoft.NETCore.App
                                     AppHostPackNamePattern=Microsoft.NETCore.App.Host.**RID**
                                     AppHostPackVersion=3.0.3
                                     AppHostRuntimeIdentifiers=linux-arm;linux-arm64;linux-musl-arm64;linux-musl-x64;linux-x64;osx-x64;tizen.4.0.0-armel;tizen.5.0.0-armel;win-arm;win-arm64;win-x64;win-x86
                                     TargetFramework=netcoreapp3.0 (TaskId:6)
                     Task Parameter:DotNetAppHostExecutableNameWithoutExtension=apphost (TaskId:6)
                     Output Item(s): 
                         AppHostPack=
                             AppHost
                                     PackageDirectory=/home/melkov/.dotnet/packs/Microsoft.NETCore.App.Host.linux-x64/10.0.10
                                     Path=/home/melkov/.dotnet/packs/Microsoft.NETCore.App.Host.linux-x64/10.0.10/runtimes/linux-x64/native/apphost
                                     PathInPackage=runtimes/linux-x64/native/apphost
                                     RuntimeIdentifier=linux-x64 (TaskId:6)
                     Output Item(s): 
                         SingleFileHostPack=
                             SingleFileHost
                                     PackageDirectory=/home/melkov/.dotnet/packs/Microsoft.NETCore.App.Host.linux-x64/10.0.10
                                     Path=/home/melkov/.dotnet/packs/Microsoft.NETCore.App.Host.linux-x64/10.0.10/runtimes/linux-x64/native/singlefilehost
                                     PathInPackage=runtimes/linux-x64/native/singlefilehost
                                     RuntimeIdentifier=linux-x64 (TaskId:6)
                     Output Item(s): 
                         ComHostPack=
                             ComHost
                                     PackageDirectory=/home/melkov/.dotnet/packs/Microsoft.NETCore.App.Host.linux-x64/10.0.10
                                     Path=/home/melkov/.dotnet/packs/Microsoft.NETCore.App.Host.linux-x64/10.0.10/runtimes/linux-x64/native/comhost.dll
                                     PathInPackage=runtimes/linux-x64/native/comhost.dll
                                     RuntimeIdentifier=linux-x64 (TaskId:6)
                     Output Item(s): 
                         IjwHostPack=
                             IjwHost
                                     PackageDirectory=/home/melkov/.dotnet/packs/Microsoft.NETCore.App.Host.linux-x64/10.0.10
                                     Path=/home/melkov/.dotnet/packs/Microsoft.NETCore.App.Host.linux-x64/10.0.10/runtimes/linux-x64/native/Ijwhost.dll
                                     PathInPackage=runtimes/linux-x64/native/Ijwhost.dll
                                     RuntimeIdentifier=linux-x64 (TaskId:6)
                   Done executing task "ResolveAppHosts". (TaskId:6)
                   Set Property: UsePackageDownload=true
                   Set Property: UsePackageDownload=true
00:59:18.282     1>Done building target "ProcessFrameworkReferences" in project "Game.csproj".: (TargetId:13)
00:59:18.282     1>Target "_CheckForObsoleteDotNetCliToolReferences: (TargetId:14)" in file "/home/melkov/.dotnet/sdk/10.0.302/Sdks/Microsoft.NET.Sdk/targets/Microsoft.NET.ObsoleteReferences.targets" from project "/mnt/projects/mlkvs/vecxy.game/Game/Game.csproj" (target "CollectPackageReferences" depends on it):
00:59:18.282     1>Done building target "_CheckForObsoleteDotNetCliToolReferences" in project "Game.csproj".: (TargetId:14)
00:59:18.282     1>Target "CollectPackageReferences: (TargetId:15)" in file "/home/melkov/.dotnet/sdk/10.0.302/NuGet.targets" from project "/mnt/projects/mlkvs/vecxy.game/Game/Game.csproj" (target "_GetRestoreProjectStyle" depends on it):
                   Set Property: CollectPackageReferencesContinueOnError=false
                   Assembly loaded during TaskRun: NuGet.Build.Tasks, Version=7.6.0.0, Culture=neutral, PublicKeyToken=31bf3856ad364e35 (location: /home/melkov/.dotnet/sdk/10.0.302/NuGet.Build.Tasks.dll, MVID: 8d096648-029c-4e5f-a243-f47e6d0fd77f, AssemblyLoadContext: MSBuild plugin /home/melkov/.dotnet/sdk/10.0.302/NuGet.Build.Tasks.dll)
                   Assembly loaded during TaskRun: NuGet.Common, Version=7.6.0.0, Culture=neutral, PublicKeyToken=31bf3856ad364e35 (location: /home/melkov/.dotnet/sdk/10.0.302/NuGet.Common.dll, MVID: 1d533b2f-8c7a-42bf-b433-8787abc70d88, AssemblyLoadContext: MSBuild plugin /home/melkov/.dotnet/sdk/10.0.302/NuGet.Build.Tasks.dll)
                   Assembly loaded during TaskRun: NuGet.Commands, Version=7.6.0.0, Culture=neutral, PublicKeyToken=31bf3856ad364e35 (location: /home/melkov/.dotnet/sdk/10.0.302/NuGet.Commands.dll, MVID: f04fe6de-c948-4db6-9b57-269d166f57df, AssemblyLoadContext: MSBuild plugin /home/melkov/.dotnet/sdk/10.0.302/NuGet.Build.Tasks.dll)
                   Assembly loaded during TaskRun: NuGet.ProjectModel, Version=7.6.0.0, Culture=neutral, PublicKeyToken=31bf3856ad364e35 (location: /home/melkov/.dotnet/sdk/10.0.302/NuGet.ProjectModel.dll, MVID: d23c5b30-e1cd-4a26-94f6-a9c92a08ac5e, AssemblyLoadContext: MSBuild plugin /home/melkov/.dotnet/sdk/10.0.302/NuGet.Build.Tasks.dll)
                   Using "CheckForDuplicateNuGetItemsTask" task from assembly "/home/melkov/.dotnet/sdk/10.0.302/NuGet.Build.Tasks.dll".
                   Task "CheckForDuplicateNuGetItemsTask" (TaskId:7)
                     Task Parameter:ItemName=PackageReference (TaskId:7)
                     Task Parameter:WarningsAsErrors=;NU1605;SYSLIB0011 (TaskId:7)
                     Task Parameter:MSBuildProjectFullPath=/mnt/projects/mlkvs/vecxy.game/Game/Game.csproj (TaskId:7)
                     Task Parameter:TreatWarningsAsErrors=false (TaskId:7)
                     Task Parameter:NoWarn=1701;1702 (TaskId:7)
                     Task Parameter:LogCode=NU1504 (TaskId:7)
                   Done executing task "CheckForDuplicateNuGetItemsTask". (TaskId:7)
00:59:18.287     1>Done building target "CollectPackageReferences" in project "Game.csproj".: (TargetId:15)
00:59:18.287     1>Target "_GetRestoreProjectStyle: (TargetId:16)" in file "/home/melkov/.dotnet/sdk/10.0.302/NuGet.targets" from project "/mnt/projects/mlkvs/vecxy.game/Game/Game.csproj" (target "EnableIntermediateOutputPathMismatchWarning" depends on it):
                   Using "GetRestoreProjectStyleTask" task from assembly "/home/melkov/.dotnet/sdk/10.0.302/NuGet.Build.Tasks.dll".
                   Task "GetRestoreProjectStyleTask" (TaskId:8)
                     Task Parameter:MSBuildProjectDirectory=/mnt/projects/mlkvs/vecxy.game/Game (TaskId:8)
                     Task Parameter:RestoreProjectStyle=PackageReference (TaskId:8)
                     Task Parameter:MSBuildProjectName=Game (TaskId:8)
                     Output Property: RestoreProjectStyle=PackageReference (TaskId:8)
                     Output Property: PackageReferenceCompatibleProjectStyle=True (TaskId:8)
                   Done executing task "GetRestoreProjectStyleTask". (TaskId:8)
                   Set Property: _HasPackageReferenceItems=
00:59:18.288     1>Done building target "_GetRestoreProjectStyle" in project "Game.csproj".: (TargetId:16)
00:59:18.288     1>Target "EnableIntermediateOutputPathMismatchWarning: (TargetId:17)" in file "/home/melkov/.dotnet/sdk/10.0.302/NuGet.targets" from project "/mnt/projects/mlkvs/vecxy.game/Game/Game.csproj" (target "_CheckForInvalidConfigurationAndPlatform" depends on it):
                   Set Property: EnableBaseIntermediateOutputPathMismatchWarning=true
00:59:18.288     1>Done building target "EnableIntermediateOutputPathMismatchWarning" in project "Game.csproj".: (TargetId:17)
                   Target "CheckForImplicitPackageReferenceOverrides" skipped. Previously built successfully.
00:59:18.288     1>Target "CheckForDuplicateItems: (TargetId:18)" in file "/home/melkov/.dotnet/sdk/10.0.302/Sdks/Microsoft.NET.Sdk/targets/Microsoft.NET.Sdk.DefaultItems.Shared.targets" from project "/mnt/projects/mlkvs/vecxy.game/Game/Game.csproj" (target "_CheckForInvalidConfigurationAndPlatform" depends on it):
                   Set Property: DefaultItemsMoreInformationLink=https://aka.ms/sdkimplicititems
                   Using "CheckForDuplicateItems" task from assembly "/home/melkov/.dotnet/sdk/10.0.302/Sdks/Microsoft.NET.Sdk/targets/../tools/net10.0/Microsoft.NET.Build.Tasks.dll".
                   Task "CheckForDuplicateItems" (TaskId:9)
                     Task Parameter:
                         Items=
                             FlyCamera.cs
                             FogSettingsConfig.cs
                             GameLayer.cs
                             Player.cs
                             Program.cs
                             SkyboxSettingsConfig.cs (TaskId:9)
                     Task Parameter:ItemName=Compile (TaskId:9)
                     Task Parameter:DefaultItemsEnabled=True (TaskId:9)
                     Task Parameter:DefaultItemsOfThisTypeEnabled=True (TaskId:9)
                     Task Parameter:PropertyNameToDisableDefaultItems=EnableDefaultCompileItems (TaskId:9)
                     Task Parameter:MoreInformationLink=https://aka.ms/sdkimplicititems (TaskId:9)
                   Done executing task "CheckForDuplicateItems". (TaskId:9)
                   Task "CheckForDuplicateItems" (TaskId:10)
                     Task Parameter:ItemName=EmbeddedResource (TaskId:10)
                     Task Parameter:DefaultItemsEnabled=True (TaskId:10)
                     Task Parameter:DefaultItemsOfThisTypeEnabled=True (TaskId:10)
                     Task Parameter:PropertyNameToDisableDefaultItems=EnableDefaultEmbeddedResourceItems (TaskId:10)
                     Task Parameter:MoreInformationLink=https://aka.ms/sdkimplicititems (TaskId:10)
                   Done executing task "CheckForDuplicateItems". (TaskId:10)
                   Task "CheckForDuplicateItems" (TaskId:11)
                     Task Parameter:
                         Items=
                             Assets/Configs/Fog.yaml
                                     CopyToOutputDirectory=PreserveNewest
                                     TargetPath=Assets/Configs/Fog.yaml
                             Assets/Configs/Skybox.yaml
                                     CopyToOutputDirectory=PreserveNewest
                                     TargetPath=Assets/Configs/Skybox.yaml
                             Assets/Controls.input
                                     CopyToOutputDirectory=PreserveNewest
                                     TargetPath=Assets/Controls.input
                             Assets/Materials/Default.material
                                     CopyToOutputDirectory=PreserveNewest
                                     TargetPath=Assets/Materials/Default.material
                             Assets/Materials/Test.material
                                     CopyToOutputDirectory=PreserveNewest
                                     TargetPath=Assets/Materials/Test.material
                             Assets/Models/Plane.glb
                                     CopyToOutputDirectory=PreserveNewest
                                     TargetPath=Assets/Models/Plane.glb
                             Assets/Models/Robot.glb
                                     CopyToOutputDirectory=PreserveNewest
                                     TargetPath=Assets/Models/Robot.glb
                             Assets/Models/Room_Test_01.glb
                                     CopyToOutputDirectory=PreserveNewest
                                     TargetPath=Assets/Models/Room_Test_01.glb
                             Assets/Models/Scene.glb
                                     CopyToOutputDirectory=PreserveNewest
                                     TargetPath=Assets/Models/Scene.glb
                             Assets/Models/Suzanne.glb
                                     CopyToOutputDirectory=PreserveNewest
                                     TargetPath=Assets/Models/Suzanne.glb
                             Assets/PostProcessing/Retro.postfx
                                     CopyToOutputDirectory=PreserveNewest
                                     TargetPath=Assets/PostProcessing/Retro.postfx
                             Assets/PostProcessing/Vignette.postfx
                                     CopyToOutputDirectory=PreserveNewest
                                     TargetPath=Assets/PostProcessing/Vignette.postfx
                             Assets/Shaders/Lit.glsl
                                     CopyToOutputDirectory=PreserveNewest
                                     TargetPath=Assets/Shaders/Lit.glsl
                             Assets/Shaders/PostProcessing/Copy.glsl
                                     CopyToOutputDirectory=PreserveNewest
                                     TargetPath=Assets/Shaders/PostProcessing/Copy.glsl
                             Assets/Shaders/PostProcessing/Retro.glsl
                                     CopyToOutputDirectory=PreserveNewest
                                     TargetPath=Assets/Shaders/PostProcessing/Retro.glsl
                             Assets/Shaders/PostProcessing/Vignette.glsl
                                     CopyToOutputDirectory=PreserveNewest
                                     TargetPath=Assets/Shaders/PostProcessing/Vignette.glsl
                             Assets/Shaders/Skybox.glsl
                                     CopyToOutputDirectory=PreserveNewest
                                     TargetPath=Assets/Shaders/Skybox.glsl
                             Assets/SkyBox/cubemap/cubemap_layout.png
                                     CopyToOutputDirectory=PreserveNewest
                                     TargetPath=Assets/SkyBox/cubemap/cubemap_layout.png
                             Assets/SkyBox/cubemap/nx.png
                                     CopyToOutputDirectory=PreserveNewest
                                     TargetPath=Assets/SkyBox/cubemap/nx.png
                             Assets/SkyBox/cubemap/ny.png
                                     CopyToOutputDirectory=PreserveNewest
                                     TargetPath=Assets/SkyBox/cubemap/ny.png
                             Assets/SkyBox/cubemap/nz.png
                                     CopyToOutputDirectory=PreserveNewest
                                     TargetPath=Assets/SkyBox/cubemap/nz.png
                             Assets/SkyBox/cubemap/px.png
                                     CopyToOutputDirectory=PreserveNewest
                                     TargetPath=Assets/SkyBox/cubemap/px.png
                             Assets/SkyBox/cubemap/py.png
                                     CopyToOutputDirectory=PreserveNewest
                                     TargetPath=Assets/SkyBox/cubemap/py.png
                             Assets/SkyBox/cubemap/pz.png
                                     CopyToOutputDirectory=PreserveNewest
                                     TargetPath=Assets/SkyBox/cubemap/pz.png
                             Assets/SkyBox/sky.png
                                     CopyToOutputDirectory=PreserveNewest
                                     TargetPath=Assets/SkyBox/sky.png
                             Assets/Textures/Scene.png
                                     CopyToOutputDirectory=PreserveNewest
                                     TargetPath=Assets/Textures/Scene.png
                             Assets/Textures/T_Quad_White_64.png
                                     CopyToOutputDirectory=PreserveNewest
                                     TargetPath=Assets/Textures/T_Quad_White_64.png
                             Assets/Textures/T_Vecxy_Logo.png
                                     CopyToOutputDirectory=PreserveNewest
                                     TargetPath=Assets/Textures/T_Vecxy_Logo.png (TaskId:11)
                     Task Parameter:ItemName=Content (TaskId:11)
                     Task Parameter:DefaultItemsEnabled=True (TaskId:11)
                     Task Parameter:PropertyNameToDisableDefaultItems=EnableDefaultContentItems (TaskId:11)
                     Task Parameter:MoreInformationLink=https://aka.ms/sdkimplicititems (TaskId:11)
                   Done executing task "CheckForDuplicateItems". (TaskId:11)
00:59:18.290     1>Done building target "CheckForDuplicateItems" in project "Game.csproj".: (TargetId:18)
                   Target "ProcessFrameworkReferences" skipped. Previously built successfully.
00:59:18.290     1>Target "_CheckForInvalidConfigurationAndPlatform: (TargetId:19)" in file "/home/melkov/.dotnet/sdk/10.0.302/Microsoft.Common.CurrentVersion.targets" from project "/mnt/projects/mlkvs/vecxy.game/Game/Game.csproj" (target "BeforeBuild" depends on it):
                   Set Property: _InvalidConfigurationMessageResourceName=CommonSdk.InvalidConfigurationTextWhenBuildingOutsideVisualStudio
                   Using "Message" task from assembly "Microsoft.Build.Tasks.Core, Version=15.1.0.0, Culture=neutral, PublicKeyToken=b03f5f7f11d50a3a".
                   Task "Message" (TaskId:12)
                     Task Parameter:Importance=Low (TaskId:12)
                     Task Parameter:Text=Configuration=Debug (TaskId:12)
                     Configuration=Debug (TaskId:12)
                   Done executing task "Message". (TaskId:12)
                   Task "Message" (TaskId:13)
                     Task Parameter:Importance=Low (TaskId:13)
                     Task Parameter:Text=Platform=AnyCPU (TaskId:13)
                     Platform=AnyCPU (TaskId:13)
                   Done executing task "Message". (TaskId:13)
00:59:18.292     1>Done building target "_CheckForInvalidConfigurationAndPlatform" in project "Game.csproj".: (TargetId:19)
00:59:18.292     1>Target "ValidateCommandLineProperties: (TargetId:20)" in file "/home/melkov/.dotnet/sdk/10.0.302/Sdks/Microsoft.NET.Sdk/targets/Microsoft.NET.Sdk.targets" from project "/mnt/projects/mlkvs/vecxy.game/Game/Game.csproj" (target "BeforeBuild" depends on it):
00:59:18.292     1>Done building target "ValidateCommandLineProperties" in project "Game.csproj".: (TargetId:20)
00:59:18.292     1>Target "BeforeBuild: (TargetId:21)" in file "/home/melkov/.dotnet/sdk/10.0.302/Microsoft.Common.CurrentVersion.targets" from project "/mnt/projects/mlkvs/vecxy.game/Game/Game.csproj" (target "Build" depends on it):
00:59:18.292     1>Done building target "BeforeBuild" in project "Game.csproj".: (TargetId:21)
00:59:18.293     1>Target "BuildOnlySettings: (TargetId:22)" in file "/home/melkov/.dotnet/sdk/10.0.302/Microsoft.Common.CurrentVersion.targets" from project "/mnt/projects/mlkvs/vecxy.game/Game/Game.csproj" (target "CoreBuild" depends on it):
                   /home/melkov/.dotnet/sdk/10.0.302/Microsoft.Common.CurrentVersion.targets(1168,7): message : Property reassignment: $(BuildingProject)="true" (previous value: "false") at /home/melkov/.dotnet/sdk/10.0.302/Microsoft.Common.CurrentVersion.targets (1168,7) [/mnt/projects/mlkvs/vecxy.game/Game/Game.csproj]
                   Set Property: BuildingProject=true
00:59:18.293     1>Done building target "BuildOnlySettings" in project "Game.csproj".: (TargetId:22)
00:59:18.293     1>Target "GetFrameworkPaths: (TargetId:23)" in file "/home/melkov/.dotnet/sdk/10.0.302/Sdks/Microsoft.NET.Sdk/targets/Microsoft.NET.DisableStandardFrameworkResolution.targets" from project "/mnt/projects/mlkvs/vecxy.game/Game/Game.csproj" (target "PrepareForBuild" depends on it):
00:59:18.293     1>Done building target "GetFrameworkPaths" in project "Game.csproj".: (TargetId:23)
00:59:18.293     1>Target "GetReferenceAssemblyPaths: (TargetId:24)" in file "/home/melkov/.dotnet/sdk/10.0.302/Sdks/Microsoft.NET.Sdk/targets/Microsoft.NET.DisableStandardFrameworkResolution.targets" from project "/mnt/projects/mlkvs/vecxy.game/Game/Game.csproj" (target "PrepareForBuild" depends on it):
00:59:18.293     1>Done building target "GetReferenceAssemblyPaths" in project "Game.csproj".: (TargetId:24)
00:59:18.293     1>Target "PrepareForBuild: (TargetId:25)" in file "/home/melkov/.dotnet/sdk/10.0.302/Microsoft.Common.CurrentVersion.targets" from project "/mnt/projects/mlkvs/vecxy.game/Game/Game.csproj" (target "CoreBuild" depends on it):
                   Using "FindAppConfigFile" task from assembly "Microsoft.Build.Tasks.Core, Version=15.1.0.0, Culture=neutral, PublicKeyToken=b03f5f7f11d50a3a".
                   Task "FindAppConfigFile" (TaskId:14)
                     Task Parameter:
                         PrimaryList=
                             Assets/Configs/Fog.yaml
                             Assets/Configs/Skybox.yaml
                             Assets/Controls.input
                             Assets/Materials/Default.material
                             Assets/Materials/Test.material
                             Assets/Models/Plane.glb
                             Assets/Models/Robot.glb
                             Assets/Models/Room_Test_01.glb
                             Assets/Models/Scene.glb
                             Assets/Models/Suzanne.glb
                             Assets/PostProcessing/Retro.postfx
                             Assets/PostProcessing/Vignette.postfx
                             Assets/Shaders/Lit.glsl
                             Assets/Shaders/PostProcessing/Copy.glsl
                             Assets/Shaders/PostProcessing/Retro.glsl
                             Assets/Shaders/PostProcessing/Vignette.glsl
                             Assets/Shaders/Skybox.glsl
                             Assets/SkyBox/cubemap/cubemap_layout.png
                             Assets/SkyBox/cubemap/nx.png
                             Assets/SkyBox/cubemap/ny.png
                             Assets/SkyBox/cubemap/nz.png
                             Assets/SkyBox/cubemap/px.png
                             Assets/SkyBox/cubemap/py.png
                             Assets/SkyBox/cubemap/pz.png
                             Assets/SkyBox/sky.png
                             Assets/Textures/Scene.png
                             Assets/Textures/T_Quad_White_64.png
                             Assets/Textures/T_Vecxy_Logo.png (TaskId:14)
                     Task Parameter:
                         SecondaryList=
                             Assets/Configs/Fog.yaml
                                     CopyToOutputDirectory=PreserveNewest
                                     TargetPath=Assets/Configs/Fog.yaml
                             Assets/Configs/Skybox.yaml
                                     CopyToOutputDirectory=PreserveNewest
                                     TargetPath=Assets/Configs/Skybox.yaml
                             Assets/Controls.input
                                     CopyToOutputDirectory=PreserveNewest
                                     TargetPath=Assets/Controls.input
                             Assets/Materials/Default.material
                                     CopyToOutputDirectory=PreserveNewest
                                     TargetPath=Assets/Materials/Default.material
                             Assets/Materials/Test.material
                                     CopyToOutputDirectory=PreserveNewest
                                     TargetPath=Assets/Materials/Test.material
                             Assets/Models/Plane.glb
                                     CopyToOutputDirectory=PreserveNewest
                                     TargetPath=Assets/Models/Plane.glb
                             Assets/Models/Robot.glb
                                     CopyToOutputDirectory=PreserveNewest
                                     TargetPath=Assets/Models/Robot.glb
                             Assets/Models/Room_Test_01.glb
                                     CopyToOutputDirectory=PreserveNewest
                                     TargetPath=Assets/Models/Room_Test_01.glb
                             Assets/Models/Scene.glb
                                     CopyToOutputDirectory=PreserveNewest
                                     TargetPath=Assets/Models/Scene.glb
                             Assets/Models/Suzanne.glb
                                     CopyToOutputDirectory=PreserveNewest
                                     TargetPath=Assets/Models/Suzanne.glb
                             Assets/PostProcessing/Retro.postfx
                                     CopyToOutputDirectory=PreserveNewest
                                     TargetPath=Assets/PostProcessing/Retro.postfx
                             Assets/PostProcessing/Vignette.postfx
                                     CopyToOutputDirectory=PreserveNewest
                                     TargetPath=Assets/PostProcessing/Vignette.postfx
                             Assets/Shaders/Lit.glsl
                                     CopyToOutputDirectory=PreserveNewest
                                     TargetPath=Assets/Shaders/Lit.glsl
                             Assets/Shaders/PostProcessing/Copy.glsl
                                     CopyToOutputDirectory=PreserveNewest
                                     TargetPath=Assets/Shaders/PostProcessing/Copy.glsl
                             Assets/Shaders/PostProcessing/Retro.glsl
                                     CopyToOutputDirectory=PreserveNewest
                                     TargetPath=Assets/Shaders/PostProcessing/Retro.glsl
                             Assets/Shaders/PostProcessing/Vignette.glsl
                                     CopyToOutputDirectory=PreserveNewest
                                     TargetPath=Assets/Shaders/PostProcessing/Vignette.glsl
                             Assets/Shaders/Skybox.glsl
                                     CopyToOutputDirectory=PreserveNewest
                                     TargetPath=Assets/Shaders/Skybox.glsl
                             Assets/SkyBox/cubemap/cubemap_layout.png
                                     CopyToOutputDirectory=PreserveNewest
                                     TargetPath=Assets/SkyBox/cubemap/cubemap_layout.png
                             Assets/SkyBox/cubemap/nx.png
                                     CopyToOutputDirectory=PreserveNewest
                                     TargetPath=Assets/SkyBox/cubemap/nx.png
                             Assets/SkyBox/cubemap/ny.png
                                     CopyToOutputDirectory=PreserveNewest
                                     TargetPath=Assets/SkyBox/cubemap/ny.png
                             Assets/SkyBox/cubemap/nz.png
                                     CopyToOutputDirectory=PreserveNewest
                                     TargetPath=Assets/SkyBox/cubemap/nz.png
                             Assets/SkyBox/cubemap/px.png
                                     CopyToOutputDirectory=PreserveNewest
                                     TargetPath=Assets/SkyBox/cubemap/px.png
                             Assets/SkyBox/cubemap/py.png
                                     CopyToOutputDirectory=PreserveNewest
                                     TargetPath=Assets/SkyBox/cubemap/py.png
                             Assets/SkyBox/cubemap/pz.png
                                     CopyToOutputDirectory=PreserveNewest
                                     TargetPath=Assets/SkyBox/cubemap/pz.png
                             Assets/SkyBox/sky.png
                                     CopyToOutputDirectory=PreserveNewest
                                     TargetPath=Assets/SkyBox/sky.png
                             Assets/Textures/Scene.png
                                     CopyToOutputDirectory=PreserveNewest
                                     TargetPath=Assets/Textures/Scene.png
                             Assets/Textures/T_Quad_White_64.png
                                     CopyToOutputDirectory=PreserveNewest
                                     TargetPath=Assets/Textures/T_Quad_White_64.png
                             Assets/Textures/T_Vecxy_Logo.png
                                     CopyToOutputDirectory=PreserveNewest
                                     TargetPath=Assets/Textures/T_Vecxy_Logo.png (TaskId:14)
                     Task Parameter:TargetPath=Game.dll.config (TaskId:14)
                   Done executing task "FindAppConfigFile". (TaskId:14)
                   Using "MakeDir" task from assembly "Microsoft.Build.Tasks.Core, Version=15.1.0.0, Culture=neutral, PublicKeyToken=b03f5f7f11d50a3a".
                   Task "MakeDir" (TaskId:15)
                     Task Parameter:
                         Directories=
                             bin/Debug/net10.0/
                             obj/Debug/net10.0/
                             /mnt/projects/mlkvs/vecxy.game/Game/obj/Debug/net10.0/refint/
                             obj/Debug/net10.0/ref (TaskId:15)
                   Done executing task "MakeDir". (TaskId:15)
00:59:18.294     1>Done building target "PrepareForBuild" in project "Game.csproj".: (TargetId:25)
00:59:18.294     1>Target "GenerateTargetFrameworkDefineConstants: (TargetId:26)" in file "/home/melkov/.dotnet/sdk/10.0.302/Sdks/Microsoft.NET.Sdk/targets/Microsoft.NET.Sdk.BeforeCommon.targets" from project "/mnt/projects/mlkvs/vecxy.game/Game/Game.csproj" (target "AddImplicitDefineConstants" depends on it):
                   Set Property: _FrameworkIdentifierForImplicitDefine=NETCOREAPP
                   Set Property: _FrameworkIdentifierForImplicitDefine=NET
                   Set Property: VersionlessImplicitFrameworkDefine=NET
                   Set Property: _FrameworkVersionForImplicitDefine=10.0
                   Set Property: _FrameworkVersionForImplicitDefine=10_0
                   Set Property: ImplicitFrameworkDefine=NET10_0
                   Set Property: BackwardsCompatFrameworkDefine=NETCOREAPP
                   Added Item(s): _ImplicitDefineConstant=NET
                   Added Item(s): _ImplicitDefineConstant=NET10_0
                   Added Item(s): _ImplicitDefineConstant=NETCOREAPP
00:59:18.294     1>Done building target "GenerateTargetFrameworkDefineConstants" in project "Game.csproj".: (TargetId:26)
00:59:18.294     1>Target "GenerateNETCompatibleDefineConstants: (TargetId:27)" in file "/home/melkov/.dotnet/sdk/10.0.302/Sdks/Microsoft.NET.Sdk/targets/Microsoft.NET.Sdk.BeforeCommon.targets" from project "/mnt/projects/mlkvs/vecxy.game/Game/Game.csproj" (target "AddImplicitDefineConstants" depends on it):
                   Added Item(s): 
                       _SupportedFrameworkVersions=
                           1.0
                                   Alias=netcoreapp1.0
                                   DisplayName=.NET Core 1.0
                           1.1
                                   Alias=netcoreapp1.1
                                   DisplayName=.NET Core 1.1
                           2.0
                                   Alias=netcoreapp2.0
                                   DisplayName=.NET Core 2.0
                           2.1
                                   Alias=netcoreapp2.1
                                   DisplayName=.NET Core 2.1
                           2.2
                                   Alias=netcoreapp2.2
                                   DisplayName=.NET Core 2.2
                           3.0
                                   Alias=netcoreapp3.0
                                   DisplayName=.NET Core 3.0
                           3.1
                                   Alias=netcoreapp3.1
                                   DisplayName=.NET Core 3.1
                           5.0
                                   Alias=net5.0
                                   DisplayName=.NET 5.0
                           6.0
                                   Alias=net6.0
                                   DisplayName=.NET 6.0
                           7.0
                                   Alias=net7.0
                                   DisplayName=.NET 7.0
                           8.0
                                   Alias=net8.0
                                   DisplayName=.NET 8.0
                           9.0
                                   Alias=net9.0
                                   DisplayName=.NET 9.0
                           10.0
                                   Alias=net10.0
                                   DisplayName=.NET 10.0
                   Added Item(s): 
                       _CompatibleFrameworkVersions=
                           1.0
                                   Alias=netcoreapp1.0
                                   DisplayName=.NET Core 1.0
                   Added Item(s): 
                       _CompatibleFrameworkVersions=
                           1.1
                                   Alias=netcoreapp1.1
                                   DisplayName=.NET Core 1.1
                   Added Item(s): 
                       _CompatibleFrameworkVersions=
                           2.0
                                   Alias=netcoreapp2.0
                                   DisplayName=.NET Core 2.0
                   Added Item(s): 
                       _CompatibleFrameworkVersions=
                           2.1
                                   Alias=netcoreapp2.1
                                   DisplayName=.NET Core 2.1
                   Added Item(s): 
                       _CompatibleFrameworkVersions=
                           2.2
                                   Alias=netcoreapp2.2
                                   DisplayName=.NET Core 2.2
                   Added Item(s): 
                       _CompatibleFrameworkVersions=
                           3.0
                                   Alias=netcoreapp3.0
                                   DisplayName=.NET Core 3.0
                   Added Item(s): 
                       _CompatibleFrameworkVersions=
                           3.1
                                   Alias=netcoreapp3.1
                                   DisplayName=.NET Core 3.1
                   Added Item(s): 
                       _CompatibleFrameworkVersions=
                           5.0
                                   Alias=net5.0
                                   DisplayName=.NET 5.0
                   Added Item(s): 
                       _CompatibleFrameworkVersions=
                           6.0
                                   Alias=net6.0
                                   DisplayName=.NET 6.0
                   Added Item(s): 
                       _CompatibleFrameworkVersions=
                           7.0
                                   Alias=net7.0
                                   DisplayName=.NET 7.0
                   Added Item(s): 
                       _CompatibleFrameworkVersions=
                           8.0
                                   Alias=net8.0
                                   DisplayName=.NET 8.0
                   Added Item(s): 
                       _CompatibleFrameworkVersions=
                           9.0
                                   Alias=net9.0
                                   DisplayName=.NET 9.0
                   Added Item(s): 
                       _CompatibleFrameworkVersions=
                           10.0
                                   Alias=net10.0
                                   DisplayName=.NET 10.0
                   Added Item(s): 
                       _FormattedCompatibleFrameworkVersions=
                           1.0
                                   Alias=netcoreapp1.0
                                   DisplayName=.NET Core 1.0
                           1.1
                                   Alias=netcoreapp1.1
                                   DisplayName=.NET Core 1.1
                           2.0
                                   Alias=netcoreapp2.0
                                   DisplayName=.NET Core 2.0
                           2.1
                                   Alias=netcoreapp2.1
                                   DisplayName=.NET Core 2.1
                           2.2
                                   Alias=netcoreapp2.2
                                   DisplayName=.NET Core 2.2
                           3.0
                                   Alias=netcoreapp3.0
                                   DisplayName=.NET Core 3.0
                           3.1
                                   Alias=netcoreapp3.1
                                   DisplayName=.NET Core 3.1
                           5.0
                                   Alias=net5.0
                                   DisplayName=.NET 5.0
                           6.0
                                   Alias=net6.0
                                   DisplayName=.NET 6.0
                           7.0
                                   Alias=net7.0
                                   DisplayName=.NET 7.0
                           8.0
                                   Alias=net8.0
                                   DisplayName=.NET 8.0
                           9.0
                                   Alias=net9.0
                                   DisplayName=.NET 9.0
                           10.0
                                   Alias=net10.0
                                   DisplayName=.NET 10.0
                   Added Item(s): 
                       _ImplicitDefineConstant=
                           NET5_0_OR_GREATER
                                   Alias=net5.0
                                   DisplayName=.NET 5.0
                   Added Item(s): 
                       _ImplicitDefineConstant=
                           NET6_0_OR_GREATER
                                   Alias=net6.0
                                   DisplayName=.NET 6.0
                   Added Item(s): 
                       _ImplicitDefineConstant=
                           NET7_0_OR_GREATER
                                   Alias=net7.0
                                   DisplayName=.NET 7.0
                   Added Item(s): 
                       _ImplicitDefineConstant=
                           NET8_0_OR_GREATER
                                   Alias=net8.0
                                   DisplayName=.NET 8.0
                   Added Item(s): 
                       _ImplicitDefineConstant=
                           NET9_0_OR_GREATER
                                   Alias=net9.0
                                   DisplayName=.NET 9.0
                   Added Item(s): 
                       _ImplicitDefineConstant=
                           NET10_0_OR_GREATER
                                   Alias=net10.0
                                   DisplayName=.NET 10.0
                   Added Item(s): 
                       _ImplicitDefineConstant=
                           NETCOREAPP1_0_OR_GREATER
                                   Alias=netcoreapp1.0
                                   DisplayName=.NET Core 1.0
                   Added Item(s): 
                       _ImplicitDefineConstant=
                           NETCOREAPP1_1_OR_GREATER
                                   Alias=netcoreapp1.1
                                   DisplayName=.NET Core 1.1
                   Added Item(s): 
                       _ImplicitDefineConstant=
                           NETCOREAPP2_0_OR_GREATER
                                   Alias=netcoreapp2.0
                                   DisplayName=.NET Core 2.0
                   Added Item(s): 
                       _ImplicitDefineConstant=
                           NETCOREAPP2_1_OR_GREATER
                                   Alias=netcoreapp2.1
                                   DisplayName=.NET Core 2.1
                   Added Item(s): 
                       _ImplicitDefineConstant=
                           NETCOREAPP2_2_OR_GREATER
                                   Alias=netcoreapp2.2
                                   DisplayName=.NET Core 2.2
                   Added Item(s): 
                       _ImplicitDefineConstant=
                           NETCOREAPP3_0_OR_GREATER
                                   Alias=netcoreapp3.0
                                   DisplayName=.NET Core 3.0
                   Added Item(s): 
                       _ImplicitDefineConstant=
                           NETCOREAPP3_1_OR_GREATER
                                   Alias=netcoreapp3.1
                                   DisplayName=.NET Core 3.1
00:59:18.315     1>Done building target "GenerateNETCompatibleDefineConstants" in project "Game.csproj".: (TargetId:27)
00:59:18.315     1>Target "AddImplicitDefineConstants: (TargetId:28)" in file "/home/melkov/.dotnet/sdk/10.0.302/Sdks/Microsoft.NET.Sdk/targets/Microsoft.NET.Sdk.BeforeCommon.targets" from project "/mnt/projects/mlkvs/vecxy.game/Game/Game.csproj" (target "CoreBuild" depends on it):
                   /home/melkov/.dotnet/sdk/10.0.302/Sdks/Microsoft.NET.Sdk/targets/Microsoft.NET.Sdk.BeforeCommon.targets(295,7): message : Property reassignment: $(DefineConstants)="TRACE;DEBUG;NET;NET10_0;NETCOREAPP;NET5_0_OR_GREATER;NET6_0_OR_GREATER;NET7_0_OR_GREATER;NET8_0_OR_GREATER;NET9_0_OR_GREATER;NET10_0_OR_GREATER;NETCOREAPP1_0_OR_GREATER;NETCOREAPP1_1_OR_GREATER;NETCOREAPP2_0_OR_GREATER;NETCOREAPP2_1_OR_GREATER;NETCOREAPP2_2_OR_GREATER;NETCOREAPP3_0_OR_GREATER;NETCOREAPP3_1_OR_GREATER" (previous value: "TRACE;DEBUG") at /home/melkov/.dotnet/sdk/10.0.302/Sdks/Microsoft.NET.Sdk/targets/Microsoft.NET.Sdk.BeforeCommon.targets (295,7) [/mnt/projects/mlkvs/vecxy.game/Game/Game.csproj]
                   Set Property: DefineConstants=TRACE;DEBUG;NET;NET10_0;NETCOREAPP;NET5_0_OR_GREATER;NET6_0_OR_GREATER;NET7_0_OR_GREATER;NET8_0_OR_GREATER;NET9_0_OR_GREATER;NET10_0_OR_GREATER;NETCOREAPP1_0_OR_GREATER;NETCOREAPP1_1_OR_GREATER;NETCOREAPP2_0_OR_GREATER;NETCOREAPP2_1_OR_GREATER;NETCOREAPP2_2_OR_GREATER;NETCOREAPP3_0_OR_GREATER;NETCOREAPP3_1_OR_GREATER
00:59:18.315     1>Done building target "AddImplicitDefineConstants" in project "Game.csproj".: (TargetId:28)
00:59:18.315     1>Target "GenerateGlobalUsings: (TargetId:29)" in file "/home/melkov/.dotnet/sdk/10.0.302/Sdks/Microsoft.NET.Sdk/targets/Microsoft.NET.GenerateGlobalUsings.targets" from project "/mnt/projects/mlkvs/vecxy.game/Game/Game.csproj" (target "CoreBuild" depends on it):
                   Using "GenerateGlobalUsings" task from assembly "/home/melkov/.dotnet/sdk/10.0.302/Sdks/Microsoft.NET.Sdk/targets/../tools/net10.0/Microsoft.NET.Build.Tasks.dll".
                   Task "GenerateGlobalUsings" (TaskId:16)
                     Task Parameter:
                         Usings=
                             System
                             System.Collections.Generic
                             System.IO
                             System.Linq
                             System.Net.Http
                             System.Threading
                             System.Threading.Tasks (TaskId:16)
                     Output Item(s): 
                         _GlobalUsingLines=
                             // <auto-generated/>
                             global using System;
                             global using System.Collections.Generic;
                             global using System.IO;
                             global using System.Linq;
                             global using System.Net.Http;
                             global using System.Threading;
                             global using System.Threading.Tasks; (TaskId:16)
                   Done executing task "GenerateGlobalUsings". (TaskId:16)
                   Using "WriteLinesToFile" task from assembly "Microsoft.Build.Tasks.Core, Version=15.1.0.0, Culture=neutral, PublicKeyToken=b03f5f7f11d50a3a".
                   Task "WriteLinesToFile" (TaskId:17)
                     Task Parameter:WriteOnlyWhenDifferent=True (TaskId:17)
                     Task Parameter:File=obj/Debug/net10.0/Game.GlobalUsings.g.cs (TaskId:17)
                     Task Parameter:
                         Lines=
                             // <auto-generated/>
                             global using System;
                             global using System.Collections.Generic;
                             global using System.IO;
                             global using System.Linq;
                             global using System.Net.Http;
                             global using System.Threading;
                             global using System.Threading.Tasks; (TaskId:17)
                     Task Parameter:Overwrite=True (TaskId:17)
                     Skipping write to file "obj/Debug/net10.0/Game.GlobalUsings.g.cs" because content would not change. (TaskId:17)
                   Done executing task "WriteLinesToFile". (TaskId:17)
                   Added Item(s): Compile=obj/Debug/net10.0/Game.GlobalUsings.g.cs
00:59:18.321     1>Done building target "GenerateGlobalUsings" in project "Game.csproj".: (TargetId:29)
00:59:18.322     1>Target "BeforeResolveReferences: (TargetId:30)" in file "/home/melkov/.dotnet/sdk/10.0.302/Microsoft.Common.CurrentVersion.targets" from project "/mnt/projects/mlkvs/vecxy.game/Game/Game.csproj" (target "ResolveReferences" depends on it):
00:59:18.322     1>Done building target "BeforeResolveReferences" in project "Game.csproj".: (TargetId:30)
00:59:18.322     1>Target "IgnoreJavaScriptOutputAssembly: (TargetId:31)" in file "/home/melkov/.dotnet/sdk/10.0.302/Microsoft.Common.CurrentVersion.targets" from project "/mnt/projects/mlkvs/vecxy.game/Game/Game.csproj" (target "AssignProjectConfiguration" depends on it):
00:59:18.322     1>Done building target "IgnoreJavaScriptOutputAssembly" in project "Game.csproj".: (TargetId:31)
                   Target "ProcessFrameworkReferences" skipped. Previously built successfully.
00:59:18.322     1>Target "_DefaultMicrosoftNETPlatformLibrary: (TargetId:32)" in file "/home/melkov/.dotnet/sdk/10.0.302/Sdks/Microsoft.NET.Sdk/targets/Microsoft.NET.Sdk.Shared.targets" from project "/mnt/projects/mlkvs/vecxy.game/Game/Game.csproj" (target "ResolvePackageAssets" depends on it):
00:59:18.322     1>Done building target "_DefaultMicrosoftNETPlatformLibrary" in project "Game.csproj".: (TargetId:32)
00:59:18.322     1>Target "_ComputePackageReferencePublish: (TargetId:33)" in file "/home/melkov/.dotnet/sdk/10.0.302/Sdks/Microsoft.NET.Sdk/targets/Microsoft.NET.Sdk.Shared.targets" from project "/mnt/projects/mlkvs/vecxy.game/Game/Game.csproj" (target "ResolvePackageAssets" depends on it):
00:59:18.322     1>Done building target "_ComputePackageReferencePublish" in project "Game.csproj".: (TargetId:33)
00:59:18.322     1>Target "ResolvePackageAssets: (TargetId:34)" in file "/home/melkov/.dotnet/sdk/10.0.302/Sdks/Microsoft.NET.Sdk/targets/Microsoft.PackageDependencyResolution.targets" from project "/mnt/projects/mlkvs/vecxy.game/Game/Game.csproj" (target "ResolveLockFileReferences" depends on it):
                   Set Property: UseAppHostFromAssetsFile=false
                   Set Property: CopyLocalRuntimeTargetAssets=true
                   Using "ResolvePackageAssets" task from assembly "/home/melkov/.dotnet/sdk/10.0.302/Sdks/Microsoft.NET.Sdk/targets/../tools/net10.0/Microsoft.NET.Build.Tasks.dll".
                   Task "ResolvePackageAssets" (TaskId:18)
                     Task Parameter:CompilerApiVersion=roslyn5.6 (TaskId:18)
                     Task Parameter:IsSelfContained=False (TaskId:18)
                     Task Parameter:ProjectPath=/mnt/projects/mlkvs/vecxy.game/Game/Game.csproj (TaskId:18)
                     Task Parameter:ProjectAssetsFile=/mnt/projects/mlkvs/vecxy.game/Game/obj/project.assets.json (TaskId:18)
                     Task Parameter:TargetFramework=net10.0 (TaskId:18)
                     Task Parameter:DefaultImplicitPackages=Microsoft.NETCore.App;NETStandard.Library (TaskId:18)
                     Task Parameter:EmitAssetsLogMessages=True (TaskId:18)
                     Task Parameter:ProjectLanguage=C# (TaskId:18)
                     Task Parameter:
                         RuntimeFrameworks=
                             Microsoft.NETCore.App
                                     FrameworkName=Microsoft.NETCore.App
                                     Profile=
                                     Version=10.0.0
                             Microsoft.AspNetCore.App
                                     FrameworkName=Microsoft.AspNetCore.App
                                     Profile=
                                     Version=10.0.0 (TaskId:18)
                     Task Parameter:MarkPackageReferencesAsExternallyResolved=True (TaskId:18)
                     Task Parameter:ProjectAssetsCacheFile=/mnt/projects/mlkvs/vecxy.game/Game/obj/Debug/net10.0/Game.assets.cache (TaskId:18)
                     Task Parameter:DotNetAppHostExecutableNameWithoutExtension=apphost (TaskId:18)
                     Task Parameter:CopyLocalRuntimeTargetAssets=True (TaskId:18)
                     Task Parameter:VerifyMatchingImplicitPackageVersion=True (TaskId:18)
                     Output Item(s): 
                         _ReferenceDocumentationFiles=
                             /home/melkov/.nuget/packages/autofac/9.0.0/lib/net10.0/Autofac.xml
                                     NuGetPackageId=Autofac
                                     NuGetPackageVersion=9.0.0
                             /home/melkov/.nuget/packages/imgui.net/1.90.8.1/lib/net6.0/ImGui.NET.xml
                                     NuGetPackageId=ImGui.NET
                                     NuGetPackageVersion=1.90.8.1
                             /home/melkov/.nuget/packages/jitter2/2.8.8/lib/net10.0/Jitter2.xml
                                     NuGetPackageId=Jitter2
                                     NuGetPackageVersion=2.8.8
                             /home/melkov/.nuget/packages/microsoft.dotnet.platformabstractions/3.1.6/lib/netstandard2.0/Microsoft.DotNet.PlatformAbstractions.xml
                                     NuGetPackageId=Microsoft.DotNet.PlatformAbstractions
                                     NuGetPackageVersion=3.1.6
                             /home/melkov/.nuget/packages/microsoft.extensions.dependencymodel/9.0.9/lib/net9.0/Microsoft.Extensions.DependencyModel.xml
                                     NuGetPackageId=Microsoft.Extensions.DependencyModel
                                     NuGetPackageVersion=9.0.9
                             /home/melkov/.nuget/packages/newtonsoft.json/13.0.5-beta1/lib/net6.0/Newtonsoft.Json.xml
                                     NuGetPackageId=Newtonsoft.Json
                                     NuGetPackageVersion=13.0.5-beta1
                             /home/melkov/.nuget/packages/silk.net.core/2.23.0/lib/net6.0/Silk.NET.Core.xml
                                     NuGetPackageId=Silk.NET.Core
                                     NuGetPackageVersion=2.23.0
                             /home/melkov/.nuget/packages/silk.net.glfw/2.23.0/lib/net5.0/Silk.NET.GLFW.xml
                                     NuGetPackageId=Silk.NET.GLFW
                                     NuGetPackageVersion=2.23.0
                             /home/melkov/.nuget/packages/silk.net.input.common/2.23.0/lib/net5.0/Silk.NET.Input.Common.xml
                                     NuGetPackageId=Silk.NET.Input.Common
                                     NuGetPackageVersion=2.23.0
                             /home/melkov/.nuget/packages/silk.net.input.extensions/2.23.0/lib/net5.0/Silk.NET.Input.Extensions.xml
                                     NuGetPackageId=Silk.NET.Input.Extensions
                                     NuGetPackageVersion=2.23.0
                             /home/melkov/.nuget/packages/silk.net.input.glfw/2.23.0/lib/net5.0/Silk.NET.Input.Glfw.xml
                                     NuGetPackageId=Silk.NET.Input.Glfw
                                     NuGetPackageVersion=2.23.0
                             /home/melkov/.nuget/packages/silk.net.maths/2.23.0/lib/net5.0/Silk.NET.Maths.xml
                                     NuGetPackageId=Silk.NET.Maths
                                     NuGetPackageVersion=2.23.0
                             /home/melkov/.nuget/packages/silk.net.opengl/2.23.0/lib/net5.0/Silk.NET.OpenGL.xml
                                     NuGetPackageId=Silk.NET.OpenGL
                                     NuGetPackageVersion=2.23.0
                             /home/melkov/.nuget/packages/silk.net.opengl.extensions.imgui/2.23.0/lib/net5.0/Silk.NET.OpenGL.Extensions.ImGui.xml
                                     NuGetPackageId=Silk.NET.OpenGL.Extensions.ImGui
                                     NuGetPackageVersion=2.23.0
                             /home/melkov/.nuget/packages/silk.net.windowing.common/2.23.0/lib/netstandard2.1/Silk.NET.Windowing.Common.xml
                                     NuGetPackageId=Silk.NET.Windowing.Common
                                     NuGetPackageVersion=2.23.0
                             /home/melkov/.nuget/packages/silk.net.windowing.glfw/2.23.0/lib/net5.0/Silk.NET.Windowing.Glfw.xml
                                     NuGetPackageId=Silk.NET.Windowing.Glfw
                                     NuGetPackageVersion=2.23.0
                             /home/melkov/.nuget/packages/yamldotnet/16.3.0/lib/net8.0/YamlDotNet.xml
                                     NuGetPackageId=YamlDotNet
                                     NuGetPackageVersion=16.3.0
                             /home/melkov/.nuget/packages/yoga.net/3.2.3/lib/net10.0/Yoga.Net.xml
                                     NuGetPackageId=Yoga.Net
                                     NuGetPackageVersion=3.2.3 (TaskId:18)
                     Output Item(s): 
                         RuntimeCopyLocalItems=
                             /home/melkov/.nuget/packages/autofac/9.0.0/lib/net10.0/Autofac.dll
                                     AssetType=runtime
                                     CopyLocal=true
                                     DestinationSubPath=Autofac.dll
                                     NuGetPackageId=Autofac
                                     NuGetPackageVersion=9.0.0
                                     PathInPackage=lib/net10.0/Autofac.dll
                             /home/melkov/.nuget/packages/gltf2loader/2.0.0-preview.14/lib/net8.0/glTFLoader.dll
                                     AssetType=runtime
                                     CopyLocal=true
                                     DestinationSubPath=glTFLoader.dll
                                     NuGetPackageId=glTF2Loader
                                     NuGetPackageVersion=2.0.0-preview.14
                                     PathInPackage=lib/net8.0/glTFLoader.dll
                             /home/melkov/.nuget/packages/imgui.net/1.90.8.1/lib/net6.0/ImGui.NET.dll
                                     AssetType=runtime
                                     CopyLocal=true
                                     DestinationSubPath=ImGui.NET.dll
                                     NuGetPackageId=ImGui.NET
                                     NuGetPackageVersion=1.90.8.1
                                     PathInPackage=lib/net6.0/ImGui.NET.dll
                             /home/melkov/.nuget/packages/jitter2/2.8.8/lib/net10.0/Jitter2.dll
                                     AssetType=runtime
                                     CopyLocal=true
                                     DestinationSubPath=Jitter2.dll
                                     NuGetPackageId=Jitter2
                                     NuGetPackageVersion=2.8.8
                                     PathInPackage=lib/net10.0/Jitter2.dll
                             /home/melkov/.nuget/packages/microsoft.dotnet.platformabstractions/3.1.6/lib/netstandard2.0/Microsoft.DotNet.PlatformAbstractions.dll
                                     AssetType=runtime
                                     CopyLocal=true
                                     DestinationSubPath=Microsoft.DotNet.PlatformAbstractions.dll
                                     NuGetPackageId=Microsoft.DotNet.PlatformAbstractions
                                     NuGetPackageVersion=3.1.6
                                     PathInPackage=lib/netstandard2.0/Microsoft.DotNet.PlatformAbstractions.dll
                             /home/melkov/.nuget/packages/microsoft.extensions.dependencymodel/9.0.9/lib/net9.0/Microsoft.Extensions.DependencyModel.dll
                                     AssetType=runtime
                                     CopyLocal=true
                                     DestinationSubPath=Microsoft.Extensions.DependencyModel.dll
                                     NuGetPackageId=Microsoft.Extensions.DependencyModel
                                     NuGetPackageVersion=9.0.9
                                     PathInPackage=lib/net9.0/Microsoft.Extensions.DependencyModel.dll
                             /home/melkov/.nuget/packages/newtonsoft.json/13.0.5-beta1/lib/net6.0/Newtonsoft.Json.dll
                                     AssetType=runtime
                                     CopyLocal=true
                                     DestinationSubPath=Newtonsoft.Json.dll
                                     NuGetPackageId=Newtonsoft.Json
                                     NuGetPackageVersion=13.0.5-beta1
                                     PathInPackage=lib/net6.0/Newtonsoft.Json.dll
                             /home/melkov/.nuget/packages/silk.net.core/2.23.0/lib/net6.0/Silk.NET.Core.dll
                                     AssetType=runtime
                                     CopyLocal=true
                                     DestinationSubPath=Silk.NET.Core.dll
                                     NuGetPackageId=Silk.NET.Core
                                     NuGetPackageVersion=2.23.0
                                     PathInPackage=lib/net6.0/Silk.NET.Core.dll
                             /home/melkov/.nuget/packages/silk.net.glfw/2.23.0/lib/net5.0/Silk.NET.GLFW.dll
                                     AssetType=runtime
                                     CopyLocal=true
                                     DestinationSubPath=Silk.NET.GLFW.dll
                                     NuGetPackageId=Silk.NET.GLFW
                                     NuGetPackageVersion=2.23.0
                                     PathInPackage=lib/net5.0/Silk.NET.GLFW.dll
                             /home/melkov/.nuget/packages/silk.net.input.common/2.23.0/lib/net5.0/Silk.NET.Input.Common.dll
                                     AssetType=runtime
                                     CopyLocal=true
                                     DestinationSubPath=Silk.NET.Input.Common.dll
                                     NuGetPackageId=Silk.NET.Input.Common
                                     NuGetPackageVersion=2.23.0
                                     PathInPackage=lib/net5.0/Silk.NET.Input.Common.dll
                             /home/melkov/.nuget/packages/silk.net.input.extensions/2.23.0/lib/net5.0/Silk.NET.Input.Extensions.dll
                                     AssetType=runtime
                                     CopyLocal=true
                                     DestinationSubPath=Silk.NET.Input.Extensions.dll
                                     NuGetPackageId=Silk.NET.Input.Extensions
                                     NuGetPackageVersion=2.23.0
                                     PathInPackage=lib/net5.0/Silk.NET.Input.Extensions.dll
                             /home/melkov/.nuget/packages/silk.net.input.glfw/2.23.0/lib/net5.0/Silk.NET.Input.Glfw.dll
                                     AssetType=runtime
                                     CopyLocal=true
                                     DestinationSubPath=Silk.NET.Input.Glfw.dll
                                     NuGetPackageId=Silk.NET.Input.Glfw
                                     NuGetPackageVersion=2.23.0
                                     PathInPackage=lib/net5.0/Silk.NET.Input.Glfw.dll
                             /home/melkov/.nuget/packages/silk.net.maths/2.23.0/lib/net5.0/Silk.NET.Maths.dll
                                     AssetType=runtime
                                     CopyLocal=true
                                     DestinationSubPath=Silk.NET.Maths.dll
                                     NuGetPackageId=Silk.NET.Maths
                                     NuGetPackageVersion=2.23.0
                                     PathInPackage=lib/net5.0/Silk.NET.Maths.dll
                             /home/melkov/.nuget/packages/silk.net.opengl/2.23.0/lib/net5.0/Silk.NET.OpenGL.dll
                                     AssetType=runtime
                                     CopyLocal=true
                                     DestinationSubPath=Silk.NET.OpenGL.dll
                                     NuGetPackageId=Silk.NET.OpenGL
                                     NuGetPackageVersion=2.23.0
                                     PathInPackage=lib/net5.0/Silk.NET.OpenGL.dll
                             /home/melkov/.nuget/packages/silk.net.opengl.extensions.imgui/2.23.0/lib/net5.0/Silk.NET.OpenGL.Extensions.ImGui.dll
                                     AssetType=runtime
                                     CopyLocal=true
                                     DestinationSubPath=Silk.NET.OpenGL.Extensions.ImGui.dll
                                     NuGetPackageId=Silk.NET.OpenGL.Extensions.ImGui
                                     NuGetPackageVersion=2.23.0
                                     PathInPackage=lib/net5.0/Silk.NET.OpenGL.Extensions.ImGui.dll
                             /home/melkov/.nuget/packages/silk.net.windowing.common/2.23.0/lib/netstandard2.1/Silk.NET.Windowing.Common.dll
                                     AssetType=runtime
                                     CopyLocal=true
                                     DestinationSubPath=Silk.NET.Windowing.Common.dll
                                     NuGetPackageId=Silk.NET.Windowing.Common
                                     NuGetPackageVersion=2.23.0
                                     PathInPackage=lib/netstandard2.1/Silk.NET.Windowing.Common.dll
                             /home/melkov/.nuget/packages/silk.net.windowing.glfw/2.23.0/lib/net5.0/Silk.NET.Windowing.Glfw.dll
                                     AssetType=runtime
                                     CopyLocal=true
                                     DestinationSubPath=Silk.NET.Windowing.Glfw.dll
                                     NuGetPackageId=Silk.NET.Windowing.Glfw
                                     NuGetPackageVersion=2.23.0
                                     PathInPackage=lib/net5.0/Silk.NET.Windowing.Glfw.dll
                             /home/melkov/.nuget/packages/stbimagesharp/2.30.15/lib/netstandard2.0/StbImageSharp.dll
                                     AssetType=runtime
                                     CopyLocal=true
                                     DestinationSubPath=StbImageSharp.dll
                                     NuGetPackageId=StbImageSharp
                                     NuGetPackageVersion=2.30.15
                                     PathInPackage=lib/netstandard2.0/StbImageSharp.dll
                             /home/melkov/.nuget/packages/yamldotnet/16.3.0/lib/net8.0/YamlDotNet.dll
                                     AssetType=runtime
                                     CopyLocal=true
                                     DestinationSubPath=YamlDotNet.dll
                                     NuGetPackageId=YamlDotNet
                                     NuGetPackageVersion=16.3.0
                                     PathInPackage=lib/net8.0/YamlDotNet.dll
                             /home/melkov/.nuget/packages/yoga.net/3.2.3/lib/net10.0/Yoga.Net.dll
                                     AssetType=runtime
                                     CopyLocal=true
                                     DestinationSubPath=Yoga.Net.dll
                                     NuGetPackageId=Yoga.Net
                                     NuGetPackageVersion=3.2.3
                                     PathInPackage=lib/net10.0/Yoga.Net.dll (TaskId:18)
                     Output Item(s): 
                         RuntimeTargetsCopyLocalItems=
                             /home/melkov/.nuget/packages/imgui.net/1.90.8.1/runtimes/linux-x64/native/libcimgui.so
                                     AssetType=native
                                     CopyLocal=true
                                     DestinationSubDirectory=runtimes/linux-x64/native/
                                     DestinationSubPath=runtimes/linux-x64/native/libcimgui.so
                                     NuGetPackageId=ImGui.NET
                                     NuGetPackageVersion=1.90.8.1
                                     PathInPackage=runtimes/linux-x64/native/libcimgui.so
                                     RuntimeIdentifier=linux-x64
                             /home/melkov/.nuget/packages/imgui.net/1.90.8.1/runtimes/osx/native/libcimgui.dylib
                                     AssetType=native
                                     CopyLocal=true
                                     DestinationSubDirectory=runtimes/osx/native/
                                     DestinationSubPath=runtimes/osx/native/libcimgui.dylib
                                     NuGetPackageId=ImGui.NET
                                     NuGetPackageVersion=1.90.8.1
                                     PathInPackage=runtimes/osx/native/libcimgui.dylib
                                     RuntimeIdentifier=osx
                             /home/melkov/.nuget/packages/imgui.net/1.90.8.1/runtimes/win-arm64/native/cimgui.dll
                                     AssetType=native
                                     CopyLocal=true
                                     DestinationSubDirectory=runtimes/win-arm64/native/
                                     DestinationSubPath=runtimes/win-arm64/native/cimgui.dll
                                     NuGetPackageId=ImGui.NET
                                     NuGetPackageVersion=1.90.8.1
                                     PathInPackage=runtimes/win-arm64/native/cimgui.dll
                                     RuntimeIdentifier=win-arm64
                             /home/melkov/.nuget/packages/imgui.net/1.90.8.1/runtimes/win-x64/native/cimgui.dll
                                     AssetType=native
                                     CopyLocal=true
                                     DestinationSubDirectory=runtimes/win-x64/native/
                                     DestinationSubPath=runtimes/win-x64/native/cimgui.dll
                                     NuGetPackageId=ImGui.NET
                                     NuGetPackageVersion=1.90.8.1
                                     PathInPackage=runtimes/win-x64/native/cimgui.dll
                                     RuntimeIdentifier=win-x64
                             /home/melkov/.nuget/packages/imgui.net/1.90.8.1/runtimes/win-x86/native/cimgui.dll
                                     AssetType=native
                                     CopyLocal=true
                                     DestinationSubDirectory=runtimes/win-x86/native/
                                     DestinationSubPath=runtimes/win-x86/native/cimgui.dll
                                     NuGetPackageId=ImGui.NET
                                     NuGetPackageVersion=1.90.8.1
                                     PathInPackage=runtimes/win-x86/native/cimgui.dll
                                     RuntimeIdentifier=win-x86
                             /home/melkov/.nuget/packages/ultz.native.glfw/3.4.0/runtimes/linux-arm/native/libglfw.so.3
                                     AssetType=native
                                     CopyLocal=true
                                     DestinationSubDirectory=runtimes/linux-arm/native/
                                     DestinationSubPath=runtimes/linux-arm/native/libglfw.so.3
                                     NuGetPackageId=Ultz.Native.GLFW
                                     NuGetPackageVersion=3.4.0
                                     PathInPackage=runtimes/linux-arm/native/libglfw.so.3
                                     RuntimeIdentifier=linux-arm
                             /home/melkov/.nuget/packages/ultz.native.glfw/3.4.0/runtimes/linux-arm64/native/libglfw.so.3
                                     AssetType=native
                                     CopyLocal=true
                                     DestinationSubDirectory=runtimes/linux-arm64/native/
                                     DestinationSubPath=runtimes/linux-arm64/native/libglfw.so.3
                                     NuGetPackageId=Ultz.Native.GLFW
                                     NuGetPackageVersion=3.4.0
                                     PathInPackage=runtimes/linux-arm64/native/libglfw.so.3
                                     RuntimeIdentifier=linux-arm64
                             /home/melkov/.nuget/packages/ultz.native.glfw/3.4.0/runtimes/linux-x64/native/libglfw.so.3
                                     AssetType=native
                                     CopyLocal=true
                                     DestinationSubDirectory=runtimes/linux-x64/native/
                                     DestinationSubPath=runtimes/linux-x64/native/libglfw.so.3
                                     NuGetPackageId=Ultz.Native.GLFW
                                     NuGetPackageVersion=3.4.0
                                     PathInPackage=runtimes/linux-x64/native/libglfw.so.3
                                     RuntimeIdentifier=linux-x64
                             /home/melkov/.nuget/packages/ultz.native.glfw/3.4.0/runtimes/osx-arm64/native/libglfw.3.dylib
                                     AssetType=native
                                     CopyLocal=true
                                     DestinationSubDirectory=runtimes/osx-arm64/native/
                                     DestinationSubPath=runtimes/osx-arm64/native/libglfw.3.dylib
                                     NuGetPackageId=Ultz.Native.GLFW
                                     NuGetPackageVersion=3.4.0
                                     PathInPackage=runtimes/osx-arm64/native/libglfw.3.dylib
                                     RuntimeIdentifier=osx-arm64
                             /home/melkov/.nuget/packages/ultz.native.glfw/3.4.0/runtimes/osx-x64/native/libglfw.3.dylib
                                     AssetType=native
                                     CopyLocal=true
                                     DestinationSubDirectory=runtimes/osx-x64/native/
                                     DestinationSubPath=runtimes/osx-x64/native/libglfw.3.dylib
                                     NuGetPackageId=Ultz.Native.GLFW
                                     NuGetPackageVersion=3.4.0
                                     PathInPackage=runtimes/osx-x64/native/libglfw.3.dylib
                                     RuntimeIdentifier=osx-x64
                             /home/melkov/.nuget/packages/ultz.native.glfw/3.4.0/runtimes/win-arm64/native/glfw3.dll
                                     AssetType=native
                                     CopyLocal=true
                                     DestinationSubDirectory=runtimes/win-arm64/native/
                                     DestinationSubPath=runtimes/win-arm64/native/glfw3.dll
                                     NuGetPackageId=Ultz.Native.GLFW
                                     NuGetPackageVersion=3.4.0
                                     PathInPackage=runtimes/win-arm64/native/glfw3.dll
                                     RuntimeIdentifier=win-arm64
                             /home/melkov/.nuget/packages/ultz.native.glfw/3.4.0/runtimes/win-x64/native/glfw3.dll
                                     AssetType=native
                                     CopyLocal=true
                                     DestinationSubDirectory=runtimes/win-x64/native/
                                     DestinationSubPath=runtimes/win-x64/native/glfw3.dll
                                     NuGetPackageId=Ultz.Native.GLFW
                                     NuGetPackageVersion=3.4.0
                                     PathInPackage=runtimes/win-x64/native/glfw3.dll
                                     RuntimeIdentifier=win-x64
                             /home/melkov/.nuget/packages/ultz.native.glfw/3.4.0/runtimes/win-x86/native/glfw3.dll
                                     AssetType=native
                                     CopyLocal=true
                                     DestinationSubDirectory=runtimes/win-x86/native/
                                     DestinationSubPath=runtimes/win-x86/native/glfw3.dll
                                     NuGetPackageId=Ultz.Native.GLFW
                                     NuGetPackageVersion=3.4.0
                                     PathInPackage=runtimes/win-x86/native/glfw3.dll
                                     RuntimeIdentifier=win-x86 (TaskId:18)
                     Output Item(s): 
                         ResolvedCompileFileDefinitions=
                             /home/melkov/.nuget/packages/autofac/9.0.0/lib/net10.0/Autofac.dll
                                     ExternallyResolved=true
                                     HintPath=/home/melkov/.nuget/packages/autofac/9.0.0/lib/net10.0/Autofac.dll
                                     NuGetPackageId=Autofac
                                     NuGetPackageVersion=9.0.0
                                     NuGetSourceType=Package
                                     PathInPackage=lib/net10.0/Autofac.dll
                                     Private=false
                             /home/melkov/.nuget/packages/gltf2loader/2.0.0-preview.14/lib/net8.0/glTFLoader.dll
                                     ExternallyResolved=true
                                     HintPath=/home/melkov/.nuget/packages/gltf2loader/2.0.0-preview.14/lib/net8.0/glTFLoader.dll
                                     NuGetPackageId=glTF2Loader
                                     NuGetPackageVersion=2.0.0-preview.14
                                     NuGetSourceType=Package
                                     PathInPackage=lib/net8.0/glTFLoader.dll
                                     Private=false
                             /home/melkov/.nuget/packages/imgui.net/1.90.8.1/lib/net6.0/ImGui.NET.dll
                                     ExternallyResolved=true
                                     HintPath=/home/melkov/.nuget/packages/imgui.net/1.90.8.1/lib/net6.0/ImGui.NET.dll
                                     NuGetPackageId=ImGui.NET
                                     NuGetPackageVersion=1.90.8.1
                                     NuGetSourceType=Package
                                     PathInPackage=lib/net6.0/ImGui.NET.dll
                                     Private=false
                             /home/melkov/.nuget/packages/jitter2/2.8.8/lib/net10.0/Jitter2.dll
                                     ExternallyResolved=true
                                     HintPath=/home/melkov/.nuget/packages/jitter2/2.8.8/lib/net10.0/Jitter2.dll
                                     NuGetPackageId=Jitter2
                                     NuGetPackageVersion=2.8.8
                                     NuGetSourceType=Package
                                     PathInPackage=lib/net10.0/Jitter2.dll
                                     Private=false
                             /home/melkov/.nuget/packages/microsoft.dotnet.platformabstractions/3.1.6/lib/netstandard2.0/Microsoft.DotNet.PlatformAbstractions.dll
                                     ExternallyResolved=true
                                     HintPath=/home/melkov/.nuget/packages/microsoft.dotnet.platformabstractions/3.1.6/lib/netstandard2.0/Microsoft.DotNet.PlatformAbstractions.dll
                                     NuGetPackageId=Microsoft.DotNet.PlatformAbstractions
                                     NuGetPackageVersion=3.1.6
                                     NuGetSourceType=Package
                                     PathInPackage=lib/netstandard2.0/Microsoft.DotNet.PlatformAbstractions.dll
                                     Private=false
                             /home/melkov/.nuget/packages/microsoft.extensions.dependencymodel/9.0.9/lib/net9.0/Microsoft.Extensions.DependencyModel.dll
                                     ExternallyResolved=true
                                     HintPath=/home/melkov/.nuget/packages/microsoft.extensions.dependencymodel/9.0.9/lib/net9.0/Microsoft.Extensions.DependencyModel.dll
                                     NuGetPackageId=Microsoft.Extensions.DependencyModel
                                     NuGetPackageVersion=9.0.9
                                     NuGetSourceType=Package
                                     PathInPackage=lib/net9.0/Microsoft.Extensions.DependencyModel.dll
                                     Private=false
                             /home/melkov/.nuget/packages/newtonsoft.json/13.0.5-beta1/lib/net6.0/Newtonsoft.Json.dll
                                     ExternallyResolved=true
                                     HintPath=/home/melkov/.nuget/packages/newtonsoft.json/13.0.5-beta1/lib/net6.0/Newtonsoft.Json.dll
                                     NuGetPackageId=Newtonsoft.Json
                                     NuGetPackageVersion=13.0.5-beta1
                                     NuGetSourceType=Package
                                     PathInPackage=lib/net6.0/Newtonsoft.Json.dll
                                     Private=false
                             /home/melkov/.nuget/packages/silk.net.core/2.23.0/lib/net6.0/Silk.NET.Core.dll
                                     ExternallyResolved=true
                                     HintPath=/home/melkov/.nuget/packages/silk.net.core/2.23.0/lib/net6.0/Silk.NET.Core.dll
                                     NuGetPackageId=Silk.NET.Core
                                     NuGetPackageVersion=2.23.0
                                     NuGetSourceType=Package
                                     PathInPackage=lib/net6.0/Silk.NET.Core.dll
                                     Private=false
                             /home/melkov/.nuget/packages/silk.net.glfw/2.23.0/lib/net5.0/Silk.NET.GLFW.dll
                                     ExternallyResolved=true
                                     HintPath=/home/melkov/.nuget/packages/silk.net.glfw/2.23.0/lib/net5.0/Silk.NET.GLFW.dll
                                     NuGetPackageId=Silk.NET.GLFW
                                     NuGetPackageVersion=2.23.0
                                     NuGetSourceType=Package
                                     PathInPackage=lib/net5.0/Silk.NET.GLFW.dll
                                     Private=false
                             /home/melkov/.nuget/packages/silk.net.input.common/2.23.0/lib/net5.0/Silk.NET.Input.Common.dll
                                     ExternallyResolved=true
                                     HintPath=/home/melkov/.nuget/packages/silk.net.input.common/2.23.0/lib/net5.0/Silk.NET.Input.Common.dll
                                     NuGetPackageId=Silk.NET.Input.Common
                                     NuGetPackageVersion=2.23.0
                                     NuGetSourceType=Package
                                     PathInPackage=lib/net5.0/Silk.NET.Input.Common.dll
                                     Private=false
                             /home/melkov/.nuget/packages/silk.net.input.extensions/2.23.0/lib/net5.0/Silk.NET.Input.Extensions.dll
                                     ExternallyResolved=true
                                     HintPath=/home/melkov/.nuget/packages/silk.net.input.extensions/2.23.0/lib/net5.0/Silk.NET.Input.Extensions.dll
                                     NuGetPackageId=Silk.NET.Input.Extensions
                                     NuGetPackageVersion=2.23.0
                                     NuGetSourceType=Package
                                     PathInPackage=lib/net5.0/Silk.NET.Input.Extensions.dll
                                     Private=false
                             /home/melkov/.nuget/packages/silk.net.input.glfw/2.23.0/lib/net5.0/Silk.NET.Input.Glfw.dll
                                     ExternallyResolved=true
                                     HintPath=/home/melkov/.nuget/packages/silk.net.input.glfw/2.23.0/lib/net5.0/Silk.NET.Input.Glfw.dll
                                     NuGetPackageId=Silk.NET.Input.Glfw
                                     NuGetPackageVersion=2.23.0
                                     NuGetSourceType=Package
                                     PathInPackage=lib/net5.0/Silk.NET.Input.Glfw.dll
                                     Private=false
                             /home/melkov/.nuget/packages/silk.net.maths/2.23.0/lib/net5.0/Silk.NET.Maths.dll
                                     ExternallyResolved=true
                                     HintPath=/home/melkov/.nuget/packages/silk.net.maths/2.23.0/lib/net5.0/Silk.NET.Maths.dll
                                     NuGetPackageId=Silk.NET.Maths
                                     NuGetPackageVersion=2.23.0
                                     NuGetSourceType=Package
                                     PathInPackage=lib/net5.0/Silk.NET.Maths.dll
                                     Private=false
                             /home/melkov/.nuget/packages/silk.net.opengl/2.23.0/lib/net5.0/Silk.NET.OpenGL.dll
                                     ExternallyResolved=true
                                     HintPath=/home/melkov/.nuget/packages/silk.net.opengl/2.23.0/lib/net5.0/Silk.NET.OpenGL.dll
                                     NuGetPackageId=Silk.NET.OpenGL
                                     NuGetPackageVersion=2.23.0
                                     NuGetSourceType=Package
                                     PathInPackage=lib/net5.0/Silk.NET.OpenGL.dll
                                     Private=false
                             /home/melkov/.nuget/packages/silk.net.opengl.extensions.imgui/2.23.0/lib/net5.0/Silk.NET.OpenGL.Extensions.ImGui.dll
                                     ExternallyResolved=true
                                     HintPath=/home/melkov/.nuget/packages/silk.net.opengl.extensions.imgui/2.23.0/lib/net5.0/Silk.NET.OpenGL.Extensions.ImGui.dll
                                     NuGetPackageId=Silk.NET.OpenGL.Extensions.ImGui
                                     NuGetPackageVersion=2.23.0
                                     NuGetSourceType=Package
                                     PathInPackage=lib/net5.0/Silk.NET.OpenGL.Extensions.ImGui.dll
                                     Private=false
                             /home/melkov/.nuget/packages/silk.net.windowing.common/2.23.0/lib/netstandard2.1/Silk.NET.Windowing.Common.dll
                                     ExternallyResolved=true
                                     HintPath=/home/melkov/.nuget/packages/silk.net.windowing.common/2.23.0/lib/netstandard2.1/Silk.NET.Windowing.Common.dll
                                     NuGetPackageId=Silk.NET.Windowing.Common
                                     NuGetPackageVersion=2.23.0
                                     NuGetSourceType=Package
                                     PathInPackage=lib/netstandard2.1/Silk.NET.Windowing.Common.dll
                                     Private=false
                             /home/melkov/.nuget/packages/silk.net.windowing.glfw/2.23.0/lib/net5.0/Silk.NET.Windowing.Glfw.dll
                                     ExternallyResolved=true
                                     HintPath=/home/melkov/.nuget/packages/silk.net.windowing.glfw/2.23.0/lib/net5.0/Silk.NET.Windowing.Glfw.dll
                                     NuGetPackageId=Silk.NET.Windowing.Glfw
                                     NuGetPackageVersion=2.23.0
                                     NuGetSourceType=Package
                                     PathInPackage=lib/net5.0/Silk.NET.Windowing.Glfw.dll
                                     Private=false
                             /home/melkov/.nuget/packages/stbimagesharp/2.30.15/lib/netstandard2.0/StbImageSharp.dll
                                     ExternallyResolved=true
                                     HintPath=/home/melkov/.nuget/packages/stbimagesharp/2.30.15/lib/netstandard2.0/StbImageSharp.dll
                                     NuGetPackageId=StbImageSharp
                                     NuGetPackageVersion=2.30.15
                                     NuGetSourceType=Package
                                     PathInPackage=lib/netstandard2.0/StbImageSharp.dll
                                     Private=false
                             /home/melkov/.nuget/packages/yamldotnet/16.3.0/lib/net8.0/YamlDotNet.dll
                                     ExternallyResolved=true
                                     HintPath=/home/melkov/.nuget/packages/yamldotnet/16.3.0/lib/net8.0/YamlDotNet.dll
                                     NuGetPackageId=YamlDotNet
                                     NuGetPackageVersion=16.3.0
                                     NuGetSourceType=Package
                                     PathInPackage=lib/net8.0/YamlDotNet.dll
                                     Private=false
                             /home/melkov/.nuget/packages/yoga.net/3.2.3/lib/net10.0/Yoga.Net.dll
                                     ExternallyResolved=true
                                     HintPath=/home/melkov/.nuget/packages/yoga.net/3.2.3/lib/net10.0/Yoga.Net.dll
                                     NuGetPackageId=Yoga.Net
                                     NuGetPackageVersion=3.2.3
                                     NuGetSourceType=Package
                                     PathInPackage=lib/net10.0/Yoga.Net.dll
                                     Private=false (TaskId:18)
                     Output Item(s): 
                         _TransitiveProjectReferences=
                             ../Engine/Vecxy/Code/Vecxy.Assets/Vecxy.Assets.csproj
                                     NuGetPackageId=Vecxy.Assets
                                     NuGetPackageVersion=1.0.0
                             ../Engine/Vecxy/Code/Vecxy.Diagnostics/Vecxy.Diagnostics.csproj
                                     NuGetPackageId=Vecxy.Diagnostics
                                     NuGetPackageVersion=1.0.0
                             ../Engine/Vecxy/Code/Vecxy.Kernel/Vecxy.Kernel.csproj
                                     NuGetPackageId=Vecxy.Kernel
                                     NuGetPackageVersion=1.0.0
                             ../Engine/Vecxy/Code/Vecxy.Rendering/Vecxy.Rendering.csproj
                                     NuGetPackageId=Vecxy.Rendering
                                     NuGetPackageVersion=1.0.0 (TaskId:18)
                     Output Item(s): AssetsFilePackageFolder=/home/melkov/.nuget/packages/ (TaskId:18)
                     Output Item(s): 
                         PackageDependencies=
                             Autofac
                             glTF2Loader
                             ImGui.NET
                             Jitter2
                             Microsoft.DotNet.PlatformAbstractions
                             Microsoft.Extensions.DependencyModel
                             Newtonsoft.Json
                             Silk.NET.Core
                             Silk.NET.GLFW
                             Silk.NET.Input
                             Silk.NET.Input.Common
                             Silk.NET.Input.Extensions
                             Silk.NET.Input.Glfw
                             Silk.NET.Maths
                             Silk.NET.OpenGL
                             Silk.NET.OpenGL.Extensions.ImGui
                             Silk.NET.Windowing
                             Silk.NET.Windowing.Common
                             Silk.NET.Windowing.Glfw
                             StbImageSharp
                             Ultz.Native.GLFW
                             YamlDotNet
                             Yoga.Net (TaskId:18)
                   Done executing task "ResolvePackageAssets". (TaskId:18)
00:59:18.324     1>Done building target "ResolvePackageAssets" in project "Game.csproj".: (TargetId:34)
00:59:18.324     1>Target "ResolveLockFileReferences: (TargetId:35)" in file "/home/melkov/.dotnet/sdk/10.0.302/Sdks/Microsoft.NET.Sdk/targets/Microsoft.PackageDependencyResolution.targets" from project "/mnt/projects/mlkvs/vecxy.game/Game/Game.csproj" (target "ResolvePackageDependenciesForBuild" depends on it):
                   Using "JoinItems" task from assembly "/home/melkov/.dotnet/sdk/10.0.302/Sdks/Microsoft.NET.Sdk/targets/../tools/net10.0/Microsoft.NET.Build.Tasks.dll".
                   Task "JoinItems" (TaskId:19)
                     Task Parameter:LeftMetadata=* (TaskId:19)
                     Task Parameter:
                         Left=
                             /home/melkov/.nuget/packages/autofac/9.0.0/lib/net10.0/Autofac.dll
                                     ExternallyResolved=true
                                     HintPath=/home/melkov/.nuget/packages/autofac/9.0.0/lib/net10.0/Autofac.dll
                                     NuGetPackageId=Autofac
                                     NuGetPackageVersion=9.0.0
                                     NuGetSourceType=Package
                                     PathInPackage=lib/net10.0/Autofac.dll
                                     Private=false
                             /home/melkov/.nuget/packages/gltf2loader/2.0.0-preview.14/lib/net8.0/glTFLoader.dll
                                     ExternallyResolved=true
                                     HintPath=/home/melkov/.nuget/packages/gltf2loader/2.0.0-preview.14/lib/net8.0/glTFLoader.dll
                                     NuGetPackageId=glTF2Loader
                                     NuGetPackageVersion=2.0.0-preview.14
                                     NuGetSourceType=Package
                                     PathInPackage=lib/net8.0/glTFLoader.dll
                                     Private=false
                             /home/melkov/.nuget/packages/imgui.net/1.90.8.1/lib/net6.0/ImGui.NET.dll
                                     ExternallyResolved=true
                                     HintPath=/home/melkov/.nuget/packages/imgui.net/1.90.8.1/lib/net6.0/ImGui.NET.dll
                                     NuGetPackageId=ImGui.NET
                                     NuGetPackageVersion=1.90.8.1
                                     NuGetSourceType=Package
                                     PathInPackage=lib/net6.0/ImGui.NET.dll
                                     Private=false
                             /home/melkov/.nuget/packages/jitter2/2.8.8/lib/net10.0/Jitter2.dll
                                     ExternallyResolved=true
                                     HintPath=/home/melkov/.nuget/packages/jitter2/2.8.8/lib/net10.0/Jitter2.dll
                                     NuGetPackageId=Jitter2
                                     NuGetPackageVersion=2.8.8
                                     NuGetSourceType=Package
                                     PathInPackage=lib/net10.0/Jitter2.dll
                                     Private=false
                             /home/melkov/.nuget/packages/microsoft.dotnet.platformabstractions/3.1.6/lib/netstandard2.0/Microsoft.DotNet.PlatformAbstractions.dll
                                     ExternallyResolved=true
                                     HintPath=/home/melkov/.nuget/packages/microsoft.dotnet.platformabstractions/3.1.6/lib/netstandard2.0/Microsoft.DotNet.PlatformAbstractions.dll
                                     NuGetPackageId=Microsoft.DotNet.PlatformAbstractions
                                     NuGetPackageVersion=3.1.6
                                     NuGetSourceType=Package
                                     PathInPackage=lib/netstandard2.0/Microsoft.DotNet.PlatformAbstractions.dll
                                     Private=false
                             /home/melkov/.nuget/packages/microsoft.extensions.dependencymodel/9.0.9/lib/net9.0/Microsoft.Extensions.DependencyModel.dll
                                     ExternallyResolved=true
                                     HintPath=/home/melkov/.nuget/packages/microsoft.extensions.dependencymodel/9.0.9/lib/net9.0/Microsoft.Extensions.DependencyModel.dll
                                     NuGetPackageId=Microsoft.Extensions.DependencyModel
                                     NuGetPackageVersion=9.0.9
                                     NuGetSourceType=Package
                                     PathInPackage=lib/net9.0/Microsoft.Extensions.DependencyModel.dll
                                     Private=false
                             /home/melkov/.nuget/packages/newtonsoft.json/13.0.5-beta1/lib/net6.0/Newtonsoft.Json.dll
                                     ExternallyResolved=true
                                     HintPath=/home/melkov/.nuget/packages/newtonsoft.json/13.0.5-beta1/lib/net6.0/Newtonsoft.Json.dll
                                     NuGetPackageId=Newtonsoft.Json
                                     NuGetPackageVersion=13.0.5-beta1
                                     NuGetSourceType=Package
                                     PathInPackage=lib/net6.0/Newtonsoft.Json.dll
                                     Private=false
                             /home/melkov/.nuget/packages/silk.net.core/2.23.0/lib/net6.0/Silk.NET.Core.dll
                                     ExternallyResolved=true
                                     HintPath=/home/melkov/.nuget/packages/silk.net.core/2.23.0/lib/net6.0/Silk.NET.Core.dll
                                     NuGetPackageId=Silk.NET.Core
                                     NuGetPackageVersion=2.23.0
                                     NuGetSourceType=Package
                                     PathInPackage=lib/net6.0/Silk.NET.Core.dll
                                     Private=false
                             /home/melkov/.nuget/packages/silk.net.glfw/2.23.0/lib/net5.0/Silk.NET.GLFW.dll
                                     ExternallyResolved=true
                                     HintPath=/home/melkov/.nuget/packages/silk.net.glfw/2.23.0/lib/net5.0/Silk.NET.GLFW.dll
                                     NuGetPackageId=Silk.NET.GLFW
                                     NuGetPackageVersion=2.23.0
                                     NuGetSourceType=Package
                                     PathInPackage=lib/net5.0/Silk.NET.GLFW.dll
                                     Private=false
                             /home/melkov/.nuget/packages/silk.net.input.common/2.23.0/lib/net5.0/Silk.NET.Input.Common.dll
                                     ExternallyResolved=true
                                     HintPath=/home/melkov/.nuget/packages/silk.net.input.common/2.23.0/lib/net5.0/Silk.NET.Input.Common.dll
                                     NuGetPackageId=Silk.NET.Input.Common
                                     NuGetPackageVersion=2.23.0
                                     NuGetSourceType=Package
                                     PathInPackage=lib/net5.0/Silk.NET.Input.Common.dll
                                     Private=false
                             /home/melkov/.nuget/packages/silk.net.input.extensions/2.23.0/lib/net5.0/Silk.NET.Input.Extensions.dll
                                     ExternallyResolved=true
                                     HintPath=/home/melkov/.nuget/packages/silk.net.input.extensions/2.23.0/lib/net5.0/Silk.NET.Input.Extensions.dll
                                     NuGetPackageId=Silk.NET.Input.Extensions
                                     NuGetPackageVersion=2.23.0
                                     NuGetSourceType=Package
                                     PathInPackage=lib/net5.0/Silk.NET.Input.Extensions.dll
                                     Private=false
                             /home/melkov/.nuget/packages/silk.net.input.glfw/2.23.0/lib/net5.0/Silk.NET.Input.Glfw.dll
                                     ExternallyResolved=true
                                     HintPath=/home/melkov/.nuget/packages/silk.net.input.glfw/2.23.0/lib/net5.0/Silk.NET.Input.Glfw.dll
                                     NuGetPackageId=Silk.NET.Input.Glfw
                                     NuGetPackageVersion=2.23.0
                                     NuGetSourceType=Package
                                     PathInPackage=lib/net5.0/Silk.NET.Input.Glfw.dll
                                     Private=false
                             /home/melkov/.nuget/packages/silk.net.maths/2.23.0/lib/net5.0/Silk.NET.Maths.dll
                                     ExternallyResolved=true
                                     HintPath=/home/melkov/.nuget/packages/silk.net.maths/2.23.0/lib/net5.0/Silk.NET.Maths.dll
                                     NuGetPackageId=Silk.NET.Maths
                                     NuGetPackageVersion=2.23.0
                                     NuGetSourceType=Package
                                     PathInPackage=lib/net5.0/Silk.NET.Maths.dll
                                     Private=false
                             /home/melkov/.nuget/packages/silk.net.opengl/2.23.0/lib/net5.0/Silk.NET.OpenGL.dll
                                     ExternallyResolved=true
                                     HintPath=/home/melkov/.nuget/packages/silk.net.opengl/2.23.0/lib/net5.0/Silk.NET.OpenGL.dll
                                     NuGetPackageId=Silk.NET.OpenGL
                                     NuGetPackageVersion=2.23.0
                                     NuGetSourceType=Package
                                     PathInPackage=lib/net5.0/Silk.NET.OpenGL.dll
                                     Private=false
                             /home/melkov/.nuget/packages/silk.net.opengl.extensions.imgui/2.23.0/lib/net5.0/Silk.NET.OpenGL.Extensions.ImGui.dll
                                     ExternallyResolved=true
                                     HintPath=/home/melkov/.nuget/packages/silk.net.opengl.extensions.imgui/2.23.0/lib/net5.0/Silk.NET.OpenGL.Extensions.ImGui.dll
                                     NuGetPackageId=Silk.NET.OpenGL.Extensions.ImGui
                                     NuGetPackageVersion=2.23.0
                                     NuGetSourceType=Package
                                     PathInPackage=lib/net5.0/Silk.NET.OpenGL.Extensions.ImGui.dll
                                     Private=false
                             /home/melkov/.nuget/packages/silk.net.windowing.common/2.23.0/lib/netstandard2.1/Silk.NET.Windowing.Common.dll
                                     ExternallyResolved=true
                                     HintPath=/home/melkov/.nuget/packages/silk.net.windowing.common/2.23.0/lib/netstandard2.1/Silk.NET.Windowing.Common.dll
                                     NuGetPackageId=Silk.NET.Windowing.Common
                                     NuGetPackageVersion=2.23.0
                                     NuGetSourceType=Package
                                     PathInPackage=lib/netstandard2.1/Silk.NET.Windowing.Common.dll
                                     Private=false
                             /home/melkov/.nuget/packages/silk.net.windowing.glfw/2.23.0/lib/net5.0/Silk.NET.Windowing.Glfw.dll
                                     ExternallyResolved=true
                                     HintPath=/home/melkov/.nuget/packages/silk.net.windowing.glfw/2.23.0/lib/net5.0/Silk.NET.Windowing.Glfw.dll
                                     NuGetPackageId=Silk.NET.Windowing.Glfw
                                     NuGetPackageVersion=2.23.0
                                     NuGetSourceType=Package
                                     PathInPackage=lib/net5.0/Silk.NET.Windowing.Glfw.dll
                                     Private=false
                             /home/melkov/.nuget/packages/stbimagesharp/2.30.15/lib/netstandard2.0/StbImageSharp.dll
                                     ExternallyResolved=true
                                     HintPath=/home/melkov/.nuget/packages/stbimagesharp/2.30.15/lib/netstandard2.0/StbImageSharp.dll
                                     NuGetPackageId=StbImageSharp
                                     NuGetPackageVersion=2.30.15
                                     NuGetSourceType=Package
                                     PathInPackage=lib/netstandard2.0/StbImageSharp.dll
                                     Private=false
                             /home/melkov/.nuget/packages/yamldotnet/16.3.0/lib/net8.0/YamlDotNet.dll
                                     ExternallyResolved=true
                                     HintPath=/home/melkov/.nuget/packages/yamldotnet/16.3.0/lib/net8.0/YamlDotNet.dll
                                     NuGetPackageId=YamlDotNet
                                     NuGetPackageVersion=16.3.0
                                     NuGetSourceType=Package
                                     PathInPackage=lib/net8.0/YamlDotNet.dll
                                     Private=false
                             /home/melkov/.nuget/packages/yoga.net/3.2.3/lib/net10.0/Yoga.Net.dll
                                     ExternallyResolved=true
                                     HintPath=/home/melkov/.nuget/packages/yoga.net/3.2.3/lib/net10.0/Yoga.Net.dll
                                     NuGetPackageId=Yoga.Net
                                     NuGetPackageVersion=3.2.3
                                     NuGetSourceType=Package
                                     PathInPackage=lib/net10.0/Yoga.Net.dll
                                     Private=false (TaskId:19)
                     Task Parameter:RightMetadata=* (TaskId:19)
                     Task Parameter:LeftKey=FileName (TaskId:19)
                   Done executing task "JoinItems". (TaskId:19)
                   Added Item(s): 
                       ResolvedCompileFileDefinitionsToAdd=
                           /home/melkov/.nuget/packages/autofac/9.0.0/lib/net10.0/Autofac.dll
                                   ExternallyResolved=true
                                   HintPath=/home/melkov/.nuget/packages/autofac/9.0.0/lib/net10.0/Autofac.dll
                                   NuGetPackageId=Autofac
                                   NuGetPackageVersion=9.0.0
                                   NuGetSourceType=Package
                                   PathInPackage=lib/net10.0/Autofac.dll
                                   Private=false
                           /home/melkov/.nuget/packages/gltf2loader/2.0.0-preview.14/lib/net8.0/glTFLoader.dll
                                   ExternallyResolved=true
                                   HintPath=/home/melkov/.nuget/packages/gltf2loader/2.0.0-preview.14/lib/net8.0/glTFLoader.dll
                                   NuGetPackageId=glTF2Loader
                                   NuGetPackageVersion=2.0.0-preview.14
                                   NuGetSourceType=Package
                                   PathInPackage=lib/net8.0/glTFLoader.dll
                                   Private=false
                           /home/melkov/.nuget/packages/imgui.net/1.90.8.1/lib/net6.0/ImGui.NET.dll
                                   ExternallyResolved=true
                                   HintPath=/home/melkov/.nuget/packages/imgui.net/1.90.8.1/lib/net6.0/ImGui.NET.dll
                                   NuGetPackageId=ImGui.NET
                                   NuGetPackageVersion=1.90.8.1
                                   NuGetSourceType=Package
                                   PathInPackage=lib/net6.0/ImGui.NET.dll
                                   Private=false
                           /home/melkov/.nuget/packages/jitter2/2.8.8/lib/net10.0/Jitter2.dll
                                   ExternallyResolved=true
                                   HintPath=/home/melkov/.nuget/packages/jitter2/2.8.8/lib/net10.0/Jitter2.dll
                                   NuGetPackageId=Jitter2
                                   NuGetPackageVersion=2.8.8
                                   NuGetSourceType=Package
                                   PathInPackage=lib/net10.0/Jitter2.dll
                                   Private=false
                           /home/melkov/.nuget/packages/microsoft.dotnet.platformabstractions/3.1.6/lib/netstandard2.0/Microsoft.DotNet.PlatformAbstractions.dll
                                   ExternallyResolved=true
                                   HintPath=/home/melkov/.nuget/packages/microsoft.dotnet.platformabstractions/3.1.6/lib/netstandard2.0/Microsoft.DotNet.PlatformAbstractions.dll
                                   NuGetPackageId=Microsoft.DotNet.PlatformAbstractions
                                   NuGetPackageVersion=3.1.6
                                   NuGetSourceType=Package
                                   PathInPackage=lib/netstandard2.0/Microsoft.DotNet.PlatformAbstractions.dll
                                   Private=false
                           /home/melkov/.nuget/packages/microsoft.extensions.dependencymodel/9.0.9/lib/net9.0/Microsoft.Extensions.DependencyModel.dll
                                   ExternallyResolved=true
                                   HintPath=/home/melkov/.nuget/packages/microsoft.extensions.dependencymodel/9.0.9/lib/net9.0/Microsoft.Extensions.DependencyModel.dll
                                   NuGetPackageId=Microsoft.Extensions.DependencyModel
                                   NuGetPackageVersion=9.0.9
                                   NuGetSourceType=Package
                                   PathInPackage=lib/net9.0/Microsoft.Extensions.DependencyModel.dll
                                   Private=false
                           /home/melkov/.nuget/packages/newtonsoft.json/13.0.5-beta1/lib/net6.0/Newtonsoft.Json.dll
                                   ExternallyResolved=true
                                   HintPath=/home/melkov/.nuget/packages/newtonsoft.json/13.0.5-beta1/lib/net6.0/Newtonsoft.Json.dll
                                   NuGetPackageId=Newtonsoft.Json
                                   NuGetPackageVersion=13.0.5-beta1
                                   NuGetSourceType=Package
                                   PathInPackage=lib/net6.0/Newtonsoft.Json.dll
                                   Private=false
                           /home/melkov/.nuget/packages/silk.net.core/2.23.0/lib/net6.0/Silk.NET.Core.dll
                                   ExternallyResolved=true
                                   HintPath=/home/melkov/.nuget/packages/silk.net.core/2.23.0/lib/net6.0/Silk.NET.Core.dll
                                   NuGetPackageId=Silk.NET.Core
                                   NuGetPackageVersion=2.23.0
                                   NuGetSourceType=Package
                                   PathInPackage=lib/net6.0/Silk.NET.Core.dll
                                   Private=false
                           /home/melkov/.nuget/packages/silk.net.glfw/2.23.0/lib/net5.0/Silk.NET.GLFW.dll
                                   ExternallyResolved=true
                                   HintPath=/home/melkov/.nuget/packages/silk.net.glfw/2.23.0/lib/net5.0/Silk.NET.GLFW.dll
                                   NuGetPackageId=Silk.NET.GLFW
                                   NuGetPackageVersion=2.23.0
                                   NuGetSourceType=Package
                                   PathInPackage=lib/net5.0/Silk.NET.GLFW.dll
                                   Private=false
                           /home/melkov/.nuget/packages/silk.net.input.common/2.23.0/lib/net5.0/Silk.NET.Input.Common.dll
                                   ExternallyResolved=true
                                   HintPath=/home/melkov/.nuget/packages/silk.net.input.common/2.23.0/lib/net5.0/Silk.NET.Input.Common.dll
                                   NuGetPackageId=Silk.NET.Input.Common
                                   NuGetPackageVersion=2.23.0
                                   NuGetSourceType=Package
                                   PathInPackage=lib/net5.0/Silk.NET.Input.Common.dll
                                   Private=false
                           /home/melkov/.nuget/packages/silk.net.input.extensions/2.23.0/lib/net5.0/Silk.NET.Input.Extensions.dll
                                   ExternallyResolved=true
                                   HintPath=/home/melkov/.nuget/packages/silk.net.input.extensions/2.23.0/lib/net5.0/Silk.NET.Input.Extensions.dll
                                   NuGetPackageId=Silk.NET.Input.Extensions
                                   NuGetPackageVersion=2.23.0
                                   NuGetSourceType=Package
                                   PathInPackage=lib/net5.0/Silk.NET.Input.Extensions.dll
                                   Private=false
                           /home/melkov/.nuget/packages/silk.net.input.glfw/2.23.0/lib/net5.0/Silk.NET.Input.Glfw.dll
                                   ExternallyResolved=true
                                   HintPath=/home/melkov/.nuget/packages/silk.net.input.glfw/2.23.0/lib/net5.0/Silk.NET.Input.Glfw.dll
                                   NuGetPackageId=Silk.NET.Input.Glfw
                                   NuGetPackageVersion=2.23.0
                                   NuGetSourceType=Package
                                   PathInPackage=lib/net5.0/Silk.NET.Input.Glfw.dll
                                   Private=false
                           /home/melkov/.nuget/packages/silk.net.maths/2.23.0/lib/net5.0/Silk.NET.Maths.dll
                                   ExternallyResolved=true
                                   HintPath=/home/melkov/.nuget/packages/silk.net.maths/2.23.0/lib/net5.0/Silk.NET.Maths.dll
                                   NuGetPackageId=Silk.NET.Maths
                                   NuGetPackageVersion=2.23.0
                                   NuGetSourceType=Package
                                   PathInPackage=lib/net5.0/Silk.NET.Maths.dll
                                   Private=false
                           /home/melkov/.nuget/packages/silk.net.opengl/2.23.0/lib/net5.0/Silk.NET.OpenGL.dll
                                   ExternallyResolved=true
                                   HintPath=/home/melkov/.nuget/packages/silk.net.opengl/2.23.0/lib/net5.0/Silk.NET.OpenGL.dll
                                   NuGetPackageId=Silk.NET.OpenGL
                                   NuGetPackageVersion=2.23.0
                                   NuGetSourceType=Package
                                   PathInPackage=lib/net5.0/Silk.NET.OpenGL.dll
                                   Private=false
                           /home/melkov/.nuget/packages/silk.net.opengl.extensions.imgui/2.23.0/lib/net5.0/Silk.NET.OpenGL.Extensions.ImGui.dll
                                   ExternallyResolved=true
                                   HintPath=/home/melkov/.nuget/packages/silk.net.opengl.extensions.imgui/2.23.0/lib/net5.0/Silk.NET.OpenGL.Extensions.ImGui.dll
                                   NuGetPackageId=Silk.NET.OpenGL.Extensions.ImGui
                                   NuGetPackageVersion=2.23.0
                                   NuGetSourceType=Package
                                   PathInPackage=lib/net5.0/Silk.NET.OpenGL.Extensions.ImGui.dll
                                   Private=false
                           /home/melkov/.nuget/packages/silk.net.windowing.common/2.23.0/lib/netstandard2.1/Silk.NET.Windowing.Common.dll
                                   ExternallyResolved=true
                                   HintPath=/home/melkov/.nuget/packages/silk.net.windowing.common/2.23.0/lib/netstandard2.1/Silk.NET.Windowing.Common.dll
                                   NuGetPackageId=Silk.NET.Windowing.Common
                                   NuGetPackageVersion=2.23.0
                                   NuGetSourceType=Package
                                   PathInPackage=lib/netstandard2.1/Silk.NET.Windowing.Common.dll
                                   Private=false
                           /home/melkov/.nuget/packages/silk.net.windowing.glfw/2.23.0/lib/net5.0/Silk.NET.Windowing.Glfw.dll
                                   ExternallyResolved=true
                                   HintPath=/home/melkov/.nuget/packages/silk.net.windowing.glfw/2.23.0/lib/net5.0/Silk.NET.Windowing.Glfw.dll
                                   NuGetPackageId=Silk.NET.Windowing.Glfw
                                   NuGetPackageVersion=2.23.0
                                   NuGetSourceType=Package
                                   PathInPackage=lib/net5.0/Silk.NET.Windowing.Glfw.dll
                                   Private=false
                           /home/melkov/.nuget/packages/stbimagesharp/2.30.15/lib/netstandard2.0/StbImageSharp.dll
                                   ExternallyResolved=true
                                   HintPath=/home/melkov/.nuget/packages/stbimagesharp/2.30.15/lib/netstandard2.0/StbImageSharp.dll
                                   NuGetPackageId=StbImageSharp
                                   NuGetPackageVersion=2.30.15
                                   NuGetSourceType=Package
                                   PathInPackage=lib/netstandard2.0/StbImageSharp.dll
                                   Private=false
                           /home/melkov/.nuget/packages/yamldotnet/16.3.0/lib/net8.0/YamlDotNet.dll
                                   ExternallyResolved=true
                                   HintPath=/home/melkov/.nuget/packages/yamldotnet/16.3.0/lib/net8.0/YamlDotNet.dll
                                   NuGetPackageId=YamlDotNet
                                   NuGetPackageVersion=16.3.0
                                   NuGetSourceType=Package
                                   PathInPackage=lib/net8.0/YamlDotNet.dll
                                   Private=false
                           /home/melkov/.nuget/packages/yoga.net/3.2.3/lib/net10.0/Yoga.Net.dll
                                   ExternallyResolved=true
                                   HintPath=/home/melkov/.nuget/packages/yoga.net/3.2.3/lib/net10.0/Yoga.Net.dll
                                   NuGetPackageId=Yoga.Net
                                   NuGetPackageVersion=3.2.3
                                   NuGetSourceType=Package
                                   PathInPackage=lib/net10.0/Yoga.Net.dll
                                   Private=false
                   Added Item(s): 
                       Reference=
                           /home/melkov/.nuget/packages/autofac/9.0.0/lib/net10.0/Autofac.dll
                                   ExternallyResolved=true
                                   HintPath=/home/melkov/.nuget/packages/autofac/9.0.0/lib/net10.0/Autofac.dll
                                   NuGetPackageId=Autofac
                                   NuGetPackageVersion=9.0.0
                                   NuGetSourceType=Package
                                   PathInPackage=lib/net10.0/Autofac.dll
                                   Private=false
                           /home/melkov/.nuget/packages/gltf2loader/2.0.0-preview.14/lib/net8.0/glTFLoader.dll
                                   ExternallyResolved=true
                                   HintPath=/home/melkov/.nuget/packages/gltf2loader/2.0.0-preview.14/lib/net8.0/glTFLoader.dll
                                   NuGetPackageId=glTF2Loader
                                   NuGetPackageVersion=2.0.0-preview.14
                                   NuGetSourceType=Package
                                   PathInPackage=lib/net8.0/glTFLoader.dll
                                   Private=false
                           /home/melkov/.nuget/packages/imgui.net/1.90.8.1/lib/net6.0/ImGui.NET.dll
                                   ExternallyResolved=true
                                   HintPath=/home/melkov/.nuget/packages/imgui.net/1.90.8.1/lib/net6.0/ImGui.NET.dll
                                   NuGetPackageId=ImGui.NET
                                   NuGetPackageVersion=1.90.8.1
                                   NuGetSourceType=Package
                                   PathInPackage=lib/net6.0/ImGui.NET.dll
                                   Private=false
                           /home/melkov/.nuget/packages/jitter2/2.8.8/lib/net10.0/Jitter2.dll
                                   ExternallyResolved=true
                                   HintPath=/home/melkov/.nuget/packages/jitter2/2.8.8/lib/net10.0/Jitter2.dll
                                   NuGetPackageId=Jitter2
                                   NuGetPackageVersion=2.8.8
                                   NuGetSourceType=Package
                                   PathInPackage=lib/net10.0/Jitter2.dll
                                   Private=false
                           /home/melkov/.nuget/packages/microsoft.dotnet.platformabstractions/3.1.6/lib/netstandard2.0/Microsoft.DotNet.PlatformAbstractions.dll
                                   ExternallyResolved=true
                                   HintPath=/home/melkov/.nuget/packages/microsoft.dotnet.platformabstractions/3.1.6/lib/netstandard2.0/Microsoft.DotNet.PlatformAbstractions.dll
                                   NuGetPackageId=Microsoft.DotNet.PlatformAbstractions
                                   NuGetPackageVersion=3.1.6
                                   NuGetSourceType=Package
                                   PathInPackage=lib/netstandard2.0/Microsoft.DotNet.PlatformAbstractions.dll
                                   Private=false
                           /home/melkov/.nuget/packages/microsoft.extensions.dependencymodel/9.0.9/lib/net9.0/Microsoft.Extensions.DependencyModel.dll
                                   ExternallyResolved=true
                                   HintPath=/home/melkov/.nuget/packages/microsoft.extensions.dependencymodel/9.0.9/lib/net9.0/Microsoft.Extensions.DependencyModel.dll
                                   NuGetPackageId=Microsoft.Extensions.DependencyModel
                                   NuGetPackageVersion=9.0.9
                                   NuGetSourceType=Package
                                   PathInPackage=lib/net9.0/Microsoft.Extensions.DependencyModel.dll
                                   Private=false
                           /home/melkov/.nuget/packages/newtonsoft.json/13.0.5-beta1/lib/net6.0/Newtonsoft.Json.dll
                                   ExternallyResolved=true
                                   HintPath=/home/melkov/.nuget/packages/newtonsoft.json/13.0.5-beta1/lib/net6.0/Newtonsoft.Json.dll
                                   NuGetPackageId=Newtonsoft.Json
                                   NuGetPackageVersion=13.0.5-beta1
                                   NuGetSourceType=Package
                                   PathInPackage=lib/net6.0/Newtonsoft.Json.dll
                                   Private=false
                           /home/melkov/.nuget/packages/silk.net.core/2.23.0/lib/net6.0/Silk.NET.Core.dll
                                   ExternallyResolved=true
                                   HintPath=/home/melkov/.nuget/packages/silk.net.core/2.23.0/lib/net6.0/Silk.NET.Core.dll
                                   NuGetPackageId=Silk.NET.Core
                                   NuGetPackageVersion=2.23.0
                                   NuGetSourceType=Package
                                   PathInPackage=lib/net6.0/Silk.NET.Core.dll
                                   Private=false
                           /home/melkov/.nuget/packages/silk.net.glfw/2.23.0/lib/net5.0/Silk.NET.GLFW.dll
                                   ExternallyResolved=true
                                   HintPath=/home/melkov/.nuget/packages/silk.net.glfw/2.23.0/lib/net5.0/Silk.NET.GLFW.dll
                                   NuGetPackageId=Silk.NET.GLFW
                                   NuGetPackageVersion=2.23.0
                                   NuGetSourceType=Package
                                   PathInPackage=lib/net5.0/Silk.NET.GLFW.dll
                                   Private=false
                           /home/melkov/.nuget/packages/silk.net.input.common/2.23.0/lib/net5.0/Silk.NET.Input.Common.dll
                                   ExternallyResolved=true
                                   HintPath=/home/melkov/.nuget/packages/silk.net.input.common/2.23.0/lib/net5.0/Silk.NET.Input.Common.dll
                                   NuGetPackageId=Silk.NET.Input.Common
                                   NuGetPackageVersion=2.23.0
                                   NuGetSourceType=Package
                                   PathInPackage=lib/net5.0/Silk.NET.Input.Common.dll
                                   Private=false
                           /home/melkov/.nuget/packages/silk.net.input.extensions/2.23.0/lib/net5.0/Silk.NET.Input.Extensions.dll
                                   ExternallyResolved=true
                                   HintPath=/home/melkov/.nuget/packages/silk.net.input.extensions/2.23.0/lib/net5.0/Silk.NET.Input.Extensions.dll
                                   NuGetPackageId=Silk.NET.Input.Extensions
                                   NuGetPackageVersion=2.23.0
                                   NuGetSourceType=Package
                                   PathInPackage=lib/net5.0/Silk.NET.Input.Extensions.dll
                                   Private=false
                           /home/melkov/.nuget/packages/silk.net.input.glfw/2.23.0/lib/net5.0/Silk.NET.Input.Glfw.dll
                                   ExternallyResolved=true
                                   HintPath=/home/melkov/.nuget/packages/silk.net.input.glfw/2.23.0/lib/net5.0/Silk.NET.Input.Glfw.dll
                                   NuGetPackageId=Silk.NET.Input.Glfw
                                   NuGetPackageVersion=2.23.0
                                   NuGetSourceType=Package
                                   PathInPackage=lib/net5.0/Silk.NET.Input.Glfw.dll
                                   Private=false
                           /home/melkov/.nuget/packages/silk.net.maths/2.23.0/lib/net5.0/Silk.NET.Maths.dll
                                   ExternallyResolved=true
                                   HintPath=/home/melkov/.nuget/packages/silk.net.maths/2.23.0/lib/net5.0/Silk.NET.Maths.dll
                                   NuGetPackageId=Silk.NET.Maths
                                   NuGetPackageVersion=2.23.0
                                   NuGetSourceType=Package
                                   PathInPackage=lib/net5.0/Silk.NET.Maths.dll
                                   Private=false
                           /home/melkov/.nuget/packages/silk.net.opengl/2.23.0/lib/net5.0/Silk.NET.OpenGL.dll
                                   ExternallyResolved=true
                                   HintPath=/home/melkov/.nuget/packages/silk.net.opengl/2.23.0/lib/net5.0/Silk.NET.OpenGL.dll
                                   NuGetPackageId=Silk.NET.OpenGL
                                   NuGetPackageVersion=2.23.0
                                   NuGetSourceType=Package
                                   PathInPackage=lib/net5.0/Silk.NET.OpenGL.dll
                                   Private=false
                           /home/melkov/.nuget/packages/silk.net.opengl.extensions.imgui/2.23.0/lib/net5.0/Silk.NET.OpenGL.Extensions.ImGui.dll
                                   ExternallyResolved=true
                                   HintPath=/home/melkov/.nuget/packages/silk.net.opengl.extensions.imgui/2.23.0/lib/net5.0/Silk.NET.OpenGL.Extensions.ImGui.dll
                                   NuGetPackageId=Silk.NET.OpenGL.Extensions.ImGui
                                   NuGetPackageVersion=2.23.0
                                   NuGetSourceType=Package
                                   PathInPackage=lib/net5.0/Silk.NET.OpenGL.Extensions.ImGui.dll
                                   Private=false
                           /home/melkov/.nuget/packages/silk.net.windowing.common/2.23.0/lib/netstandard2.1/Silk.NET.Windowing.Common.dll
                                   ExternallyResolved=true
                                   HintPath=/home/melkov/.nuget/packages/silk.net.windowing.common/2.23.0/lib/netstandard2.1/Silk.NET.Windowing.Common.dll
                                   NuGetPackageId=Silk.NET.Windowing.Common
                                   NuGetPackageVersion=2.23.0
                                   NuGetSourceType=Package
                                   PathInPackage=lib/netstandard2.1/Silk.NET.Windowing.Common.dll
                                   Private=false
                           /home/melkov/.nuget/packages/silk.net.windowing.glfw/2.23.0/lib/net5.0/Silk.NET.Windowing.Glfw.dll
                                   ExternallyResolved=true
                                   HintPath=/home/melkov/.nuget/packages/silk.net.windowing.glfw/2.23.0/lib/net5.0/Silk.NET.Windowing.Glfw.dll
                                   NuGetPackageId=Silk.NET.Windowing.Glfw
                                   NuGetPackageVersion=2.23.0
                                   NuGetSourceType=Package
                                   PathInPackage=lib/net5.0/Silk.NET.Windowing.Glfw.dll
                                   Private=false
                           /home/melkov/.nuget/packages/stbimagesharp/2.30.15/lib/netstandard2.0/StbImageSharp.dll
                                   ExternallyResolved=true
                                   HintPath=/home/melkov/.nuget/packages/stbimagesharp/2.30.15/lib/netstandard2.0/StbImageSharp.dll
                                   NuGetPackageId=StbImageSharp
                                   NuGetPackageVersion=2.30.15
                                   NuGetSourceType=Package
                                   PathInPackage=lib/netstandard2.0/StbImageSharp.dll
                                   Private=false
                           /home/melkov/.nuget/packages/yamldotnet/16.3.0/lib/net8.0/YamlDotNet.dll
                                   ExternallyResolved=true
                                   HintPath=/home/melkov/.nuget/packages/yamldotnet/16.3.0/lib/net8.0/YamlDotNet.dll
                                   NuGetPackageId=YamlDotNet
                                   NuGetPackageVersion=16.3.0
                                   NuGetSourceType=Package
                                   PathInPackage=lib/net8.0/YamlDotNet.dll
                                   Private=false
                           /home/melkov/.nuget/packages/yoga.net/3.2.3/lib/net10.0/Yoga.Net.dll
                                   ExternallyResolved=true
                                   HintPath=/home/melkov/.nuget/packages/yoga.net/3.2.3/lib/net10.0/Yoga.Net.dll
                                   NuGetPackageId=Yoga.Net
                                   NuGetPackageVersion=3.2.3
                                   NuGetSourceType=Package
                                   PathInPackage=lib/net10.0/Yoga.Net.dll
                                   Private=false
00:59:18.325     1>Done building target "ResolveLockFileReferences" in project "Game.csproj".: (TargetId:35)
                   Target "ResolvePackageAssets" skipped. Previously built successfully.
00:59:18.325     1>Target "ResolveLockFileAnalyzers: (TargetId:36)" in file "/home/melkov/.dotnet/sdk/10.0.302/Sdks/Microsoft.NET.Sdk/targets/Microsoft.PackageDependencyResolution.targets" from project "/mnt/projects/mlkvs/vecxy.game/Game/Game.csproj" (target "ResolvePackageDependenciesForBuild" depends on it):
00:59:18.325     1>Done building target "ResolveLockFileAnalyzers" in project "Game.csproj".: (TargetId:36)
                   Target "ResolvePackageAssets" skipped. Previously built successfully.
00:59:18.325     1>Target "ResolveLockFileCopyLocalFiles: (TargetId:37)" in file "/home/melkov/.dotnet/sdk/10.0.302/Sdks/Microsoft.NET.Sdk/targets/Microsoft.PackageDependencyResolution.targets" from project "/mnt/projects/mlkvs/vecxy.game/Game/Game.csproj" (target "ResolvePackageDependenciesForBuild" depends on it):
                   Added Item(s): 
                       _ResolvedCopyLocalBuildAssets=
                           /home/melkov/.nuget/packages/autofac/9.0.0/lib/net10.0/Autofac.dll
                                   AssetType=runtime
                                   CopyLocal=true
                                   DestinationSubPath=Autofac.dll
                                   NuGetPackageId=Autofac
                                   NuGetPackageVersion=9.0.0
                                   PathInPackage=lib/net10.0/Autofac.dll
                           /home/melkov/.nuget/packages/gltf2loader/2.0.0-preview.14/lib/net8.0/glTFLoader.dll
                                   AssetType=runtime
                                   CopyLocal=true
                                   DestinationSubPath=glTFLoader.dll
                                   NuGetPackageId=glTF2Loader
                                   NuGetPackageVersion=2.0.0-preview.14
                                   PathInPackage=lib/net8.0/glTFLoader.dll
                           /home/melkov/.nuget/packages/imgui.net/1.90.8.1/lib/net6.0/ImGui.NET.dll
                                   AssetType=runtime
                                   CopyLocal=true
                                   DestinationSubPath=ImGui.NET.dll
                                   NuGetPackageId=ImGui.NET
                                   NuGetPackageVersion=1.90.8.1
                                   PathInPackage=lib/net6.0/ImGui.NET.dll
                           /home/melkov/.nuget/packages/jitter2/2.8.8/lib/net10.0/Jitter2.dll
                                   AssetType=runtime
                                   CopyLocal=true
                                   DestinationSubPath=Jitter2.dll
                                   NuGetPackageId=Jitter2
                                   NuGetPackageVersion=2.8.8
                                   PathInPackage=lib/net10.0/Jitter2.dll
                           /home/melkov/.nuget/packages/microsoft.dotnet.platformabstractions/3.1.6/lib/netstandard2.0/Microsoft.DotNet.PlatformAbstractions.dll
                                   AssetType=runtime
                                   CopyLocal=true
                                   DestinationSubPath=Microsoft.DotNet.PlatformAbstractions.dll
                                   NuGetPackageId=Microsoft.DotNet.PlatformAbstractions
                                   NuGetPackageVersion=3.1.6
                                   PathInPackage=lib/netstandard2.0/Microsoft.DotNet.PlatformAbstractions.dll
                           /home/melkov/.nuget/packages/microsoft.extensions.dependencymodel/9.0.9/lib/net9.0/Microsoft.Extensions.DependencyModel.dll
                                   AssetType=runtime
                                   CopyLocal=true
                                   DestinationSubPath=Microsoft.Extensions.DependencyModel.dll
                                   NuGetPackageId=Microsoft.Extensions.DependencyModel
                                   NuGetPackageVersion=9.0.9
                                   PathInPackage=lib/net9.0/Microsoft.Extensions.DependencyModel.dll
                           /home/melkov/.nuget/packages/newtonsoft.json/13.0.5-beta1/lib/net6.0/Newtonsoft.Json.dll
                                   AssetType=runtime
                                   CopyLocal=true
                                   DestinationSubPath=Newtonsoft.Json.dll
                                   NuGetPackageId=Newtonsoft.Json
                                   NuGetPackageVersion=13.0.5-beta1
                                   PathInPackage=lib/net6.0/Newtonsoft.Json.dll
                           /home/melkov/.nuget/packages/silk.net.core/2.23.0/lib/net6.0/Silk.NET.Core.dll
                                   AssetType=runtime
                                   CopyLocal=true
                                   DestinationSubPath=Silk.NET.Core.dll
                                   NuGetPackageId=Silk.NET.Core
                                   NuGetPackageVersion=2.23.0
                                   PathInPackage=lib/net6.0/Silk.NET.Core.dll
                           /home/melkov/.nuget/packages/silk.net.glfw/2.23.0/lib/net5.0/Silk.NET.GLFW.dll
                                   AssetType=runtime
                                   CopyLocal=true
                                   DestinationSubPath=Silk.NET.GLFW.dll
                                   NuGetPackageId=Silk.NET.GLFW
                                   NuGetPackageVersion=2.23.0
                                   PathInPackage=lib/net5.0/Silk.NET.GLFW.dll
                           /home/melkov/.nuget/packages/silk.net.input.common/2.23.0/lib/net5.0/Silk.NET.Input.Common.dll
                                   AssetType=runtime
                                   CopyLocal=true
                                   DestinationSubPath=Silk.NET.Input.Common.dll
                                   NuGetPackageId=Silk.NET.Input.Common
                                   NuGetPackageVersion=2.23.0
                                   PathInPackage=lib/net5.0/Silk.NET.Input.Common.dll
                           /home/melkov/.nuget/packages/silk.net.input.extensions/2.23.0/lib/net5.0/Silk.NET.Input.Extensions.dll
                                   AssetType=runtime
                                   CopyLocal=true
                                   DestinationSubPath=Silk.NET.Input.Extensions.dll
                                   NuGetPackageId=Silk.NET.Input.Extensions
                                   NuGetPackageVersion=2.23.0
                                   PathInPackage=lib/net5.0/Silk.NET.Input.Extensions.dll
                           /home/melkov/.nuget/packages/silk.net.input.glfw/2.23.0/lib/net5.0/Silk.NET.Input.Glfw.dll
                                   AssetType=runtime
                                   CopyLocal=true
                                   DestinationSubPath=Silk.NET.Input.Glfw.dll
                                   NuGetPackageId=Silk.NET.Input.Glfw
                                   NuGetPackageVersion=2.23.0
                                   PathInPackage=lib/net5.0/Silk.NET.Input.Glfw.dll
                           /home/melkov/.nuget/packages/silk.net.maths/2.23.0/lib/net5.0/Silk.NET.Maths.dll
                                   AssetType=runtime
                                   CopyLocal=true
                                   DestinationSubPath=Silk.NET.Maths.dll
                                   NuGetPackageId=Silk.NET.Maths
                                   NuGetPackageVersion=2.23.0
                                   PathInPackage=lib/net5.0/Silk.NET.Maths.dll
                           /home/melkov/.nuget/packages/silk.net.opengl/2.23.0/lib/net5.0/Silk.NET.OpenGL.dll
                                   AssetType=runtime
                                   CopyLocal=true
                                   DestinationSubPath=Silk.NET.OpenGL.dll
                                   NuGetPackageId=Silk.NET.OpenGL
                                   NuGetPackageVersion=2.23.0
                                   PathInPackage=lib/net5.0/Silk.NET.OpenGL.dll
                           /home/melkov/.nuget/packages/silk.net.opengl.extensions.imgui/2.23.0/lib/net5.0/Silk.NET.OpenGL.Extensions.ImGui.dll
                                   AssetType=runtime
                                   CopyLocal=true
                                   DestinationSubPath=Silk.NET.OpenGL.Extensions.ImGui.dll
                                   NuGetPackageId=Silk.NET.OpenGL.Extensions.ImGui
                                   NuGetPackageVersion=2.23.0
                                   PathInPackage=lib/net5.0/Silk.NET.OpenGL.Extensions.ImGui.dll
                           /home/melkov/.nuget/packages/silk.net.windowing.common/2.23.0/lib/netstandard2.1/Silk.NET.Windowing.Common.dll
                                   AssetType=runtime
                                   CopyLocal=true
                                   DestinationSubPath=Silk.NET.Windowing.Common.dll
                                   NuGetPackageId=Silk.NET.Windowing.Common
                                   NuGetPackageVersion=2.23.0
                                   PathInPackage=lib/netstandard2.1/Silk.NET.Windowing.Common.dll
                           /home/melkov/.nuget/packages/silk.net.windowing.glfw/2.23.0/lib/net5.0/Silk.NET.Windowing.Glfw.dll
                                   AssetType=runtime
                                   CopyLocal=true
                                   DestinationSubPath=Silk.NET.Windowing.Glfw.dll
                                   NuGetPackageId=Silk.NET.Windowing.Glfw
                                   NuGetPackageVersion=2.23.0
                                   PathInPackage=lib/net5.0/Silk.NET.Windowing.Glfw.dll
                           /home/melkov/.nuget/packages/stbimagesharp/2.30.15/lib/netstandard2.0/StbImageSharp.dll
                                   AssetType=runtime
                                   CopyLocal=true
                                   DestinationSubPath=StbImageSharp.dll
                                   NuGetPackageId=StbImageSharp
                                   NuGetPackageVersion=2.30.15
                                   PathInPackage=lib/netstandard2.0/StbImageSharp.dll
                           /home/melkov/.nuget/packages/yamldotnet/16.3.0/lib/net8.0/YamlDotNet.dll
                                   AssetType=runtime
                                   CopyLocal=true
                                   DestinationSubPath=YamlDotNet.dll
                                   NuGetPackageId=YamlDotNet
                                   NuGetPackageVersion=16.3.0
                                   PathInPackage=lib/net8.0/YamlDotNet.dll
                           /home/melkov/.nuget/packages/yoga.net/3.2.3/lib/net10.0/Yoga.Net.dll
                                   AssetType=runtime
                                   CopyLocal=true
                                   DestinationSubPath=Yoga.Net.dll
                                   NuGetPackageId=Yoga.Net
                                   NuGetPackageVersion=3.2.3
                                   PathInPackage=lib/net10.0/Yoga.Net.dll
                   Added Item(s): 
                       _ResolvedCopyLocalBuildAssets=
                           /home/melkov/.nuget/packages/imgui.net/1.90.8.1/runtimes/linux-x64/native/libcimgui.so
                                   AssetType=native
                                   CopyLocal=true
                                   DestinationSubDirectory=runtimes/linux-x64/native/
                                   DestinationSubPath=runtimes/linux-x64/native/libcimgui.so
                                   NuGetPackageId=ImGui.NET
                                   NuGetPackageVersion=1.90.8.1
                                   PathInPackage=runtimes/linux-x64/native/libcimgui.so
                                   RuntimeIdentifier=linux-x64
                           /home/melkov/.nuget/packages/imgui.net/1.90.8.1/runtimes/osx/native/libcimgui.dylib
                                   AssetType=native
                                   CopyLocal=true
                                   DestinationSubDirectory=runtimes/osx/native/
                                   DestinationSubPath=runtimes/osx/native/libcimgui.dylib
                                   NuGetPackageId=ImGui.NET
                                   NuGetPackageVersion=1.90.8.1
                                   PathInPackage=runtimes/osx/native/libcimgui.dylib
                                   RuntimeIdentifier=osx
                           /home/melkov/.nuget/packages/imgui.net/1.90.8.1/runtimes/win-arm64/native/cimgui.dll
                                   AssetType=native
                                   CopyLocal=true
                                   DestinationSubDirectory=runtimes/win-arm64/native/
                                   DestinationSubPath=runtimes/win-arm64/native/cimgui.dll
                                   NuGetPackageId=ImGui.NET
                                   NuGetPackageVersion=1.90.8.1
                                   PathInPackage=runtimes/win-arm64/native/cimgui.dll
                                   RuntimeIdentifier=win-arm64
                           /home/melkov/.nuget/packages/imgui.net/1.90.8.1/runtimes/win-x64/native/cimgui.dll
                                   AssetType=native
                                   CopyLocal=true
                                   DestinationSubDirectory=runtimes/win-x64/native/
                                   DestinationSubPath=runtimes/win-x64/native/cimgui.dll
                                   NuGetPackageId=ImGui.NET
                                   NuGetPackageVersion=1.90.8.1
                                   PathInPackage=runtimes/win-x64/native/cimgui.dll
                                   RuntimeIdentifier=win-x64
                           /home/melkov/.nuget/packages/imgui.net/1.90.8.1/runtimes/win-x86/native/cimgui.dll
                                   AssetType=native
                                   CopyLocal=true
                                   DestinationSubDirectory=runtimes/win-x86/native/
                                   DestinationSubPath=runtimes/win-x86/native/cimgui.dll
                                   NuGetPackageId=ImGui.NET
                                   NuGetPackageVersion=1.90.8.1
                                   PathInPackage=runtimes/win-x86/native/cimgui.dll
                                   RuntimeIdentifier=win-x86
                           /home/melkov/.nuget/packages/ultz.native.glfw/3.4.0/runtimes/linux-arm/native/libglfw.so.3
                                   AssetType=native
                                   CopyLocal=true
                                   DestinationSubDirectory=runtimes/linux-arm/native/
                                   DestinationSubPath=runtimes/linux-arm/native/libglfw.so.3
                                   NuGetPackageId=Ultz.Native.GLFW
                                   NuGetPackageVersion=3.4.0
                                   PathInPackage=runtimes/linux-arm/native/libglfw.so.3
                                   RuntimeIdentifier=linux-arm
                           /home/melkov/.nuget/packages/ultz.native.glfw/3.4.0/runtimes/linux-arm64/native/libglfw.so.3
                                   AssetType=native
                                   CopyLocal=true
                                   DestinationSubDirectory=runtimes/linux-arm64/native/
                                   DestinationSubPath=runtimes/linux-arm64/native/libglfw.so.3
                                   NuGetPackageId=Ultz.Native.GLFW
                                   NuGetPackageVersion=3.4.0
                                   PathInPackage=runtimes/linux-arm64/native/libglfw.so.3
                                   RuntimeIdentifier=linux-arm64
                           /home/melkov/.nuget/packages/ultz.native.glfw/3.4.0/runtimes/linux-x64/native/libglfw.so.3
                                   AssetType=native
                                   CopyLocal=true
                                   DestinationSubDirectory=runtimes/linux-x64/native/
                                   DestinationSubPath=runtimes/linux-x64/native/libglfw.so.3
                                   NuGetPackageId=Ultz.Native.GLFW
                                   NuGetPackageVersion=3.4.0
                                   PathInPackage=runtimes/linux-x64/native/libglfw.so.3
                                   RuntimeIdentifier=linux-x64
                           /home/melkov/.nuget/packages/ultz.native.glfw/3.4.0/runtimes/osx-arm64/native/libglfw.3.dylib
                                   AssetType=native
                                   CopyLocal=true
                                   DestinationSubDirectory=runtimes/osx-arm64/native/
                                   DestinationSubPath=runtimes/osx-arm64/native/libglfw.3.dylib
                                   NuGetPackageId=Ultz.Native.GLFW
                                   NuGetPackageVersion=3.4.0
                                   PathInPackage=runtimes/osx-arm64/native/libglfw.3.dylib
                                   RuntimeIdentifier=osx-arm64
                           /home/melkov/.nuget/packages/ultz.native.glfw/3.4.0/runtimes/osx-x64/native/libglfw.3.dylib
                                   AssetType=native
                                   CopyLocal=true
                                   DestinationSubDirectory=runtimes/osx-x64/native/
                                   DestinationSubPath=runtimes/osx-x64/native/libglfw.3.dylib
                                   NuGetPackageId=Ultz.Native.GLFW
                                   NuGetPackageVersion=3.4.0
                                   PathInPackage=runtimes/osx-x64/native/libglfw.3.dylib
                                   RuntimeIdentifier=osx-x64
                           /home/melkov/.nuget/packages/ultz.native.glfw/3.4.0/runtimes/win-arm64/native/glfw3.dll
                                   AssetType=native
                                   CopyLocal=true
                                   DestinationSubDirectory=runtimes/win-arm64/native/
                                   DestinationSubPath=runtimes/win-arm64/native/glfw3.dll
                                   NuGetPackageId=Ultz.Native.GLFW
                                   NuGetPackageVersion=3.4.0
                                   PathInPackage=runtimes/win-arm64/native/glfw3.dll
                                   RuntimeIdentifier=win-arm64
                           /home/melkov/.nuget/packages/ultz.native.glfw/3.4.0/runtimes/win-x64/native/glfw3.dll
                                   AssetType=native
                                   CopyLocal=true
                                   DestinationSubDirectory=runtimes/win-x64/native/
                                   DestinationSubPath=runtimes/win-x64/native/glfw3.dll
                                   NuGetPackageId=Ultz.Native.GLFW
                                   NuGetPackageVersion=3.4.0
                                   PathInPackage=runtimes/win-x64/native/glfw3.dll
                                   RuntimeIdentifier=win-x64
                           /home/melkov/.nuget/packages/ultz.native.glfw/3.4.0/runtimes/win-x86/native/glfw3.dll
                                   AssetType=native
                                   CopyLocal=true
                                   DestinationSubDirectory=runtimes/win-x86/native/
                                   DestinationSubPath=runtimes/win-x86/native/glfw3.dll
                                   NuGetPackageId=Ultz.Native.GLFW
                                   NuGetPackageVersion=3.4.0
                                   PathInPackage=runtimes/win-x86/native/glfw3.dll
                                   RuntimeIdentifier=win-x86
                   Added Item(s): 
                       ReferenceCopyLocalPaths=
                           /home/melkov/.nuget/packages/autofac/9.0.0/lib/net10.0/Autofac.dll
                                   AssetType=runtime
                                   CopyLocal=true
                                   DestinationSubPath=Autofac.dll
                                   NuGetPackageId=Autofac
                                   NuGetPackageVersion=9.0.0
                                   PathInPackage=lib/net10.0/Autofac.dll
                           /home/melkov/.nuget/packages/gltf2loader/2.0.0-preview.14/lib/net8.0/glTFLoader.dll
                                   AssetType=runtime
                                   CopyLocal=true
                                   DestinationSubPath=glTFLoader.dll
                                   NuGetPackageId=glTF2Loader
                                   NuGetPackageVersion=2.0.0-preview.14
                                   PathInPackage=lib/net8.0/glTFLoader.dll
                           /home/melkov/.nuget/packages/imgui.net/1.90.8.1/lib/net6.0/ImGui.NET.dll
                                   AssetType=runtime
                                   CopyLocal=true
                                   DestinationSubPath=ImGui.NET.dll
                                   NuGetPackageId=ImGui.NET
                                   NuGetPackageVersion=1.90.8.1
                                   PathInPackage=lib/net6.0/ImGui.NET.dll
                           /home/melkov/.nuget/packages/jitter2/2.8.8/lib/net10.0/Jitter2.dll
                                   AssetType=runtime
                                   CopyLocal=true
                                   DestinationSubPath=Jitter2.dll
                                   NuGetPackageId=Jitter2
                                   NuGetPackageVersion=2.8.8
                                   PathInPackage=lib/net10.0/Jitter2.dll
                           /home/melkov/.nuget/packages/microsoft.dotnet.platformabstractions/3.1.6/lib/netstandard2.0/Microsoft.DotNet.PlatformAbstractions.dll
                                   AssetType=runtime
                                   CopyLocal=true
                                   DestinationSubPath=Microsoft.DotNet.PlatformAbstractions.dll
                                   NuGetPackageId=Microsoft.DotNet.PlatformAbstractions
                                   NuGetPackageVersion=3.1.6
                                   PathInPackage=lib/netstandard2.0/Microsoft.DotNet.PlatformAbstractions.dll
                           /home/melkov/.nuget/packages/microsoft.extensions.dependencymodel/9.0.9/lib/net9.0/Microsoft.Extensions.DependencyModel.dll
                                   AssetType=runtime
                                   CopyLocal=true
                                   DestinationSubPath=Microsoft.Extensions.DependencyModel.dll
                                   NuGetPackageId=Microsoft.Extensions.DependencyModel
                                   NuGetPackageVersion=9.0.9
                                   PathInPackage=lib/net9.0/Microsoft.Extensions.DependencyModel.dll
                           /home/melkov/.nuget/packages/newtonsoft.json/13.0.5-beta1/lib/net6.0/Newtonsoft.Json.dll
                                   AssetType=runtime
                                   CopyLocal=true
                                   DestinationSubPath=Newtonsoft.Json.dll
                                   NuGetPackageId=Newtonsoft.Json
                                   NuGetPackageVersion=13.0.5-beta1
                                   PathInPackage=lib/net6.0/Newtonsoft.Json.dll
                           /home/melkov/.nuget/packages/silk.net.core/2.23.0/lib/net6.0/Silk.NET.Core.dll
                                   AssetType=runtime
                                   CopyLocal=true
                                   DestinationSubPath=Silk.NET.Core.dll
                                   NuGetPackageId=Silk.NET.Core
                                   NuGetPackageVersion=2.23.0
                                   PathInPackage=lib/net6.0/Silk.NET.Core.dll
                           /home/melkov/.nuget/packages/silk.net.glfw/2.23.0/lib/net5.0/Silk.NET.GLFW.dll
                                   AssetType=runtime
                                   CopyLocal=true
                                   DestinationSubPath=Silk.NET.GLFW.dll
                                   NuGetPackageId=Silk.NET.GLFW
                                   NuGetPackageVersion=2.23.0
                                   PathInPackage=lib/net5.0/Silk.NET.GLFW.dll
                           /home/melkov/.nuget/packages/silk.net.input.common/2.23.0/lib/net5.0/Silk.NET.Input.Common.dll
                                   AssetType=runtime
                                   CopyLocal=true
                                   DestinationSubPath=Silk.NET.Input.Common.dll
                                   NuGetPackageId=Silk.NET.Input.Common
                                   NuGetPackageVersion=2.23.0
                                   PathInPackage=lib/net5.0/Silk.NET.Input.Common.dll
                           /home/melkov/.nuget/packages/silk.net.input.extensions/2.23.0/lib/net5.0/Silk.NET.Input.Extensions.dll
                                   AssetType=runtime
                                   CopyLocal=true
                                   DestinationSubPath=Silk.NET.Input.Extensions.dll
                                   NuGetPackageId=Silk.NET.Input.Extensions
                                   NuGetPackageVersion=2.23.0
                                   PathInPackage=lib/net5.0/Silk.NET.Input.Extensions.dll
                           /home/melkov/.nuget/packages/silk.net.input.glfw/2.23.0/lib/net5.0/Silk.NET.Input.Glfw.dll
                                   AssetType=runtime
                                   CopyLocal=true
                                   DestinationSubPath=Silk.NET.Input.Glfw.dll
                                   NuGetPackageId=Silk.NET.Input.Glfw
                                   NuGetPackageVersion=2.23.0
                                   PathInPackage=lib/net5.0/Silk.NET.Input.Glfw.dll
                           /home/melkov/.nuget/packages/silk.net.maths/2.23.0/lib/net5.0/Silk.NET.Maths.dll
                                   AssetType=runtime
                                   CopyLocal=true
                                   DestinationSubPath=Silk.NET.Maths.dll
                                   NuGetPackageId=Silk.NET.Maths
                                   NuGetPackageVersion=2.23.0
                                   PathInPackage=lib/net5.0/Silk.NET.Maths.dll
                           /home/melkov/.nuget/packages/silk.net.opengl/2.23.0/lib/net5.0/Silk.NET.OpenGL.dll
                                   AssetType=runtime
                                   CopyLocal=true
                                   DestinationSubPath=Silk.NET.OpenGL.dll
                                   NuGetPackageId=Silk.NET.OpenGL
                                   NuGetPackageVersion=2.23.0
                                   PathInPackage=lib/net5.0/Silk.NET.OpenGL.dll
                           /home/melkov/.nuget/packages/silk.net.opengl.extensions.imgui/2.23.0/lib/net5.0/Silk.NET.OpenGL.Extensions.ImGui.dll
                                   AssetType=runtime
                                   CopyLocal=true
                                   DestinationSubPath=Silk.NET.OpenGL.Extensions.ImGui.dll
                                   NuGetPackageId=Silk.NET.OpenGL.Extensions.ImGui
                                   NuGetPackageVersion=2.23.0
                                   PathInPackage=lib/net5.0/Silk.NET.OpenGL.Extensions.ImGui.dll
                           /home/melkov/.nuget/packages/silk.net.windowing.common/2.23.0/lib/netstandard2.1/Silk.NET.Windowing.Common.dll
                                   AssetType=runtime
                                   CopyLocal=true
                                   DestinationSubPath=Silk.NET.Windowing.Common.dll
                                   NuGetPackageId=Silk.NET.Windowing.Common
                                   NuGetPackageVersion=2.23.0
                                   PathInPackage=lib/netstandard2.1/Silk.NET.Windowing.Common.dll
                           /home/melkov/.nuget/packages/silk.net.windowing.glfw/2.23.0/lib/net5.0/Silk.NET.Windowing.Glfw.dll
                                   AssetType=runtime
                                   CopyLocal=true
                                   DestinationSubPath=Silk.NET.Windowing.Glfw.dll
                                   NuGetPackageId=Silk.NET.Windowing.Glfw
                                   NuGetPackageVersion=2.23.0
                                   PathInPackage=lib/net5.0/Silk.NET.Windowing.Glfw.dll
                           /home/melkov/.nuget/packages/stbimagesharp/2.30.15/lib/netstandard2.0/StbImageSharp.dll
                                   AssetType=runtime
                                   CopyLocal=true
                                   DestinationSubPath=StbImageSharp.dll
                                   NuGetPackageId=StbImageSharp
                                   NuGetPackageVersion=2.30.15
                                   PathInPackage=lib/netstandard2.0/StbImageSharp.dll
                           /home/melkov/.nuget/packages/yamldotnet/16.3.0/lib/net8.0/YamlDotNet.dll
                                   AssetType=runtime
                                   CopyLocal=true
                                   DestinationSubPath=YamlDotNet.dll
                                   NuGetPackageId=YamlDotNet
                                   NuGetPackageVersion=16.3.0
                                   PathInPackage=lib/net8.0/YamlDotNet.dll
                           /home/melkov/.nuget/packages/yoga.net/3.2.3/lib/net10.0/Yoga.Net.dll
                                   AssetType=runtime
                                   CopyLocal=true
                                   DestinationSubPath=Yoga.Net.dll
                                   NuGetPackageId=Yoga.Net
                                   NuGetPackageVersion=3.2.3
                                   PathInPackage=lib/net10.0/Yoga.Net.dll
                           /home/melkov/.nuget/packages/imgui.net/1.90.8.1/runtimes/linux-x64/native/libcimgui.so
                                   AssetType=native
                                   CopyLocal=true
                                   DestinationSubDirectory=runtimes/linux-x64/native/
                                   DestinationSubPath=runtimes/linux-x64/native/libcimgui.so
                                   NuGetPackageId=ImGui.NET
                                   NuGetPackageVersion=1.90.8.1
                                   PathInPackage=runtimes/linux-x64/native/libcimgui.so
                                   RuntimeIdentifier=linux-x64
                           /home/melkov/.nuget/packages/imgui.net/1.90.8.1/runtimes/osx/native/libcimgui.dylib
                                   AssetType=native
                                   CopyLocal=true
                                   DestinationSubDirectory=runtimes/osx/native/
                                   DestinationSubPath=runtimes/osx/native/libcimgui.dylib
                                   NuGetPackageId=ImGui.NET
                                   NuGetPackageVersion=1.90.8.1
                                   PathInPackage=runtimes/osx/native/libcimgui.dylib
                                   RuntimeIdentifier=osx
                           /home/melkov/.nuget/packages/imgui.net/1.90.8.1/runtimes/win-arm64/native/cimgui.dll
                                   AssetType=native
                                   CopyLocal=true
                                   DestinationSubDirectory=runtimes/win-arm64/native/
                                   DestinationSubPath=runtimes/win-arm64/native/cimgui.dll
                                   NuGetPackageId=ImGui.NET
                                   NuGetPackageVersion=1.90.8.1
                                   PathInPackage=runtimes/win-arm64/native/cimgui.dll
                                   RuntimeIdentifier=win-arm64
                           /home/melkov/.nuget/packages/imgui.net/1.90.8.1/runtimes/win-x64/native/cimgui.dll
                                   AssetType=native
                                   CopyLocal=true
                                   DestinationSubDirectory=runtimes/win-x64/native/
                                   DestinationSubPath=runtimes/win-x64/native/cimgui.dll
                                   NuGetPackageId=ImGui.NET
                                   NuGetPackageVersion=1.90.8.1
                                   PathInPackage=runtimes/win-x64/native/cimgui.dll
                                   RuntimeIdentifier=win-x64
                           /home/melkov/.nuget/packages/imgui.net/1.90.8.1/runtimes/win-x86/native/cimgui.dll
                                   AssetType=native
                                   CopyLocal=true
                                   DestinationSubDirectory=runtimes/win-x86/native/
                                   DestinationSubPath=runtimes/win-x86/native/cimgui.dll
                                   NuGetPackageId=ImGui.NET
                                   NuGetPackageVersion=1.90.8.1
                                   PathInPackage=runtimes/win-x86/native/cimgui.dll
                                   RuntimeIdentifier=win-x86
                           /home/melkov/.nuget/packages/ultz.native.glfw/3.4.0/runtimes/linux-arm/native/libglfw.so.3
                                   AssetType=native
                                   CopyLocal=true
                                   DestinationSubDirectory=runtimes/linux-arm/native/
                                   DestinationSubPath=runtimes/linux-arm/native/libglfw.so.3
                                   NuGetPackageId=Ultz.Native.GLFW
                                   NuGetPackageVersion=3.4.0
                                   PathInPackage=runtimes/linux-arm/native/libglfw.so.3
                                   RuntimeIdentifier=linux-arm
                           /home/melkov/.nuget/packages/ultz.native.glfw/3.4.0/runtimes/linux-arm64/native/libglfw.so.3
                                   AssetType=native
                                   CopyLocal=true
                                   DestinationSubDirectory=runtimes/linux-arm64/native/
                                   DestinationSubPath=runtimes/linux-arm64/native/libglfw.so.3
                                   NuGetPackageId=Ultz.Native.GLFW
                                   NuGetPackageVersion=3.4.0
                                   PathInPackage=runtimes/linux-arm64/native/libglfw.so.3
                                   RuntimeIdentifier=linux-arm64
                           /home/melkov/.nuget/packages/ultz.native.glfw/3.4.0/runtimes/linux-x64/native/libglfw.so.3
                                   AssetType=native
                                   CopyLocal=true
                                   DestinationSubDirectory=runtimes/linux-x64/native/
                                   DestinationSubPath=runtimes/linux-x64/native/libglfw.so.3
                                   NuGetPackageId=Ultz.Native.GLFW
                                   NuGetPackageVersion=3.4.0
                                   PathInPackage=runtimes/linux-x64/native/libglfw.so.3
                                   RuntimeIdentifier=linux-x64
                           /home/melkov/.nuget/packages/ultz.native.glfw/3.4.0/runtimes/osx-arm64/native/libglfw.3.dylib
                                   AssetType=native
                                   CopyLocal=true
                                   DestinationSubDirectory=runtimes/osx-arm64/native/
                                   DestinationSubPath=runtimes/osx-arm64/native/libglfw.3.dylib
                                   NuGetPackageId=Ultz.Native.GLFW
                                   NuGetPackageVersion=3.4.0
                                   PathInPackage=runtimes/osx-arm64/native/libglfw.3.dylib
                                   RuntimeIdentifier=osx-arm64
                           /home/melkov/.nuget/packages/ultz.native.glfw/3.4.0/runtimes/osx-x64/native/libglfw.3.dylib
                                   AssetType=native
                                   CopyLocal=true
                                   DestinationSubDirectory=runtimes/osx-x64/native/
                                   DestinationSubPath=runtimes/osx-x64/native/libglfw.3.dylib
                                   NuGetPackageId=Ultz.Native.GLFW
                                   NuGetPackageVersion=3.4.0
                                   PathInPackage=runtimes/osx-x64/native/libglfw.3.dylib
                                   RuntimeIdentifier=osx-x64
                           /home/melkov/.nuget/packages/ultz.native.glfw/3.4.0/runtimes/win-arm64/native/glfw3.dll
                                   AssetType=native
                                   CopyLocal=true
                                   DestinationSubDirectory=runtimes/win-arm64/native/
                                   DestinationSubPath=runtimes/win-arm64/native/glfw3.dll
                                   NuGetPackageId=Ultz.Native.GLFW
                                   NuGetPackageVersion=3.4.0
                                   PathInPackage=runtimes/win-arm64/native/glfw3.dll
                                   RuntimeIdentifier=win-arm64
                           /home/melkov/.nuget/packages/ultz.native.glfw/3.4.0/runtimes/win-x64/native/glfw3.dll
                                   AssetType=native
                                   CopyLocal=true
                                   DestinationSubDirectory=runtimes/win-x64/native/
                                   DestinationSubPath=runtimes/win-x64/native/glfw3.dll
                                   NuGetPackageId=Ultz.Native.GLFW
                                   NuGetPackageVersion=3.4.0
                                   PathInPackage=runtimes/win-x64/native/glfw3.dll
                                   RuntimeIdentifier=win-x64
                           /home/melkov/.nuget/packages/ultz.native.glfw/3.4.0/runtimes/win-x86/native/glfw3.dll
                                   AssetType=native
                                   CopyLocal=true
                                   DestinationSubDirectory=runtimes/win-x86/native/
                                   DestinationSubPath=runtimes/win-x86/native/glfw3.dll
                                   NuGetPackageId=Ultz.Native.GLFW
                                   NuGetPackageVersion=3.4.0
                                   PathInPackage=runtimes/win-x86/native/glfw3.dll
                                   RuntimeIdentifier=win-x86
00:59:18.325     1>Done building target "ResolveLockFileCopyLocalFiles" in project "Game.csproj".: (TargetId:37)
                   Target "ResolvePackageAssets" skipped. Previously built successfully.
00:59:18.325     1>Target "IncludeTransitiveProjectReferences: (TargetId:38)" in file "/home/melkov/.dotnet/sdk/10.0.302/Sdks/Microsoft.NET.Sdk/targets/Microsoft.PackageDependencyResolution.targets" from project "/mnt/projects/mlkvs/vecxy.game/Game/Game.csproj" (target "ResolvePackageDependenciesForBuild" depends on it):
                   Added Item(s): 
                       ProjectReference=
                           ../Engine/Vecxy/Code/Vecxy.Assets/Vecxy.Assets.csproj
                                   NuGetPackageId=Vecxy.Assets
                                   NuGetPackageVersion=1.0.0
                                   OutputItemType=
                                   ReferenceSourceTarget=ProjectReference
                                   Targets=
                           ../Engine/Vecxy/Code/Vecxy.Diagnostics/Vecxy.Diagnostics.csproj
                                   NuGetPackageId=Vecxy.Diagnostics
                                   NuGetPackageVersion=1.0.0
                                   OutputItemType=
                                   ReferenceSourceTarget=ProjectReference
                                   Targets=
                           ../Engine/Vecxy/Code/Vecxy.Kernel/Vecxy.Kernel.csproj
                                   NuGetPackageId=Vecxy.Kernel
                                   NuGetPackageVersion=1.0.0
                                   OutputItemType=
                                   ReferenceSourceTarget=ProjectReference
                                   Targets=
                           ../Engine/Vecxy/Code/Vecxy.Rendering/Vecxy.Rendering.csproj
                                   NuGetPackageId=Vecxy.Rendering
                                   NuGetPackageVersion=1.0.0
                                   OutputItemType=
                                   ReferenceSourceTarget=ProjectReference
                                   Targets=
00:59:18.325     1>Done building target "IncludeTransitiveProjectReferences" in project "Game.csproj".: (TargetId:38)
00:59:18.325     1>Target "ResolvePackageDependenciesForBuild: (TargetId:39)" in file "/home/melkov/.dotnet/sdk/10.0.302/Sdks/Microsoft.NET.Sdk/targets/Microsoft.PackageDependencyResolution.targets" from project "/mnt/projects/mlkvs/vecxy.game/Game/Game.csproj" (target "AssignProjectConfiguration" depends on it):
00:59:18.325     1>Done building target "ResolvePackageDependenciesForBuild" in project "Game.csproj".: (TargetId:39)
00:59:18.325     1>Target "AssignProjectConfiguration: (TargetId:40)" in file "/home/melkov/.dotnet/sdk/10.0.302/Microsoft.Common.CurrentVersion.targets" from project "/mnt/projects/mlkvs/vecxy.game/Game/Game.csproj" (target "ResolveReferences" depends on it):
                   Set Property: OnlyReferenceAndBuildProjectsEnabledInSolutionConfiguration=true
                   Set Property: ShouldUnsetParentConfigurationAndPlatform=false
                   Set Property: AddSyntheticProjectReferencesForSolutionDependencies=true
                   Using "AssignProjectConfiguration" task from assembly "Microsoft.Build.Tasks.Core, Version=15.1.0.0, Culture=neutral, PublicKeyToken=b03f5f7f11d50a3a".
                   Task "AssignProjectConfiguration" (TaskId:20)
                     Task Parameter:OutputType=Exe (TaskId:20)
                     Task Parameter:CurrentProjectConfiguration=Debug (TaskId:20)
                     Task Parameter:CurrentProjectPlatform=AnyCPU (TaskId:20)
                     Task Parameter:ShouldUnsetParentConfigurationAndPlatform=False (TaskId:20)
                     Task Parameter:OnlyReferenceAndBuildProjectsEnabledInSolutionConfiguration=True (TaskId:20)
                     Task Parameter:
                         ProjectReferences=
                             ../Engine/Vecxy/Code/Vecxy.Editor/Vecxy.Editor.csproj
                                     OutputItemType=
                                     ReferenceSourceTarget=ProjectReference
                                     Targets=
                             ../Engine/Vecxy/Code/Vecxy.Engine/Vecxy.Engine.csproj
                                     OutputItemType=
                                     ReferenceSourceTarget=ProjectReference
                                     Targets=
                             ../Engine/Vecxy/Code/Vecxy.Input/Vecxy.Input.csproj
                                     OutputItemType=
                                     ReferenceSourceTarget=ProjectReference
                                     Targets=
                             ../Engine/Vecxy/Code/Vecxy.Physics/Vecxy.Physics.csproj
                                     OutputItemType=
                                     ReferenceSourceTarget=ProjectReference
                                     Targets=
                             ../Engine/Vecxy/Code/Vecxy.Scene/Vecxy.Scene.csproj
                                     OutputItemType=
                                     ReferenceSourceTarget=ProjectReference
                                     Targets=
                             ../Engine/Vecxy/Code/Vecxy.Assets/Vecxy.Assets.csproj
                                     NuGetPackageId=Vecxy.Assets
                                     NuGetPackageVersion=1.0.0
                                     OutputItemType=
                                     ReferenceSourceTarget=ProjectReference
                                     Targets=
                             ../Engine/Vecxy/Code/Vecxy.Diagnostics/Vecxy.Diagnostics.csproj
                                     NuGetPackageId=Vecxy.Diagnostics
                                     NuGetPackageVersion=1.0.0
                                     OutputItemType=
                                     ReferenceSourceTarget=ProjectReference
                                     Targets=
                             ../Engine/Vecxy/Code/Vecxy.Kernel/Vecxy.Kernel.csproj
                                     NuGetPackageId=Vecxy.Kernel
                                     NuGetPackageVersion=1.0.0
                                     OutputItemType=
                                     ReferenceSourceTarget=ProjectReference
                                     Targets=
                             ../Engine/Vecxy/Code/Vecxy.Rendering/Vecxy.Rendering.csproj
                                     NuGetPackageId=Vecxy.Rendering
                                     NuGetPackageVersion=1.0.0
                                     OutputItemType=
                                     ReferenceSourceTarget=ProjectReference
                                     Targets= (TaskId:20)
                     Task Parameter:ResolveConfigurationPlatformUsingMappings=False (TaskId:20)
                     Task Parameter:CurrentProject=/mnt/projects/mlkvs/vecxy.game/Game/Game.csproj (TaskId:20)
                     Task Parameter:AddSyntheticProjectReferencesForSolutionDependencies=True (TaskId:20)
                     Project reference "../Engine/Vecxy/Code/Vecxy.Editor/Vecxy.Editor.csproj" has not been resolved. (TaskId:20)
                     Project reference "../Engine/Vecxy/Code/Vecxy.Engine/Vecxy.Engine.csproj" has not been resolved. (TaskId:20)
                     Project reference "../Engine/Vecxy/Code/Vecxy.Input/Vecxy.Input.csproj" has not been resolved. (TaskId:20)
                     Project reference "../Engine/Vecxy/Code/Vecxy.Physics/Vecxy.Physics.csproj" has not been resolved. (TaskId:20)
                     Project reference "../Engine/Vecxy/Code/Vecxy.Scene/Vecxy.Scene.csproj" has not been resolved. (TaskId:20)
                     Project reference "../Engine/Vecxy/Code/Vecxy.Assets/Vecxy.Assets.csproj" has not been resolved. (TaskId:20)
                     Project reference "../Engine/Vecxy/Code/Vecxy.Diagnostics/Vecxy.Diagnostics.csproj" has not been resolved. (TaskId:20)
                     Project reference "../Engine/Vecxy/Code/Vecxy.Kernel/Vecxy.Kernel.csproj" has not been resolved. (TaskId:20)
                     Project reference "../Engine/Vecxy/Code/Vecxy.Rendering/Vecxy.Rendering.csproj" has not been resolved. (TaskId:20)
                     Output Item(s): 
                         _ProjectReferenceWithConfiguration=
                             ../Engine/Vecxy/Code/Vecxy.Editor/Vecxy.Editor.csproj
                                     OutputItemType=
                                     ReferenceSourceTarget=ProjectReference
                                     Targets=
                             ../Engine/Vecxy/Code/Vecxy.Engine/Vecxy.Engine.csproj
                                     OutputItemType=
                                     ReferenceSourceTarget=ProjectReference
                                     Targets=
                             ../Engine/Vecxy/Code/Vecxy.Input/Vecxy.Input.csproj
                                     OutputItemType=
                                     ReferenceSourceTarget=ProjectReference
                                     Targets=
                             ../Engine/Vecxy/Code/Vecxy.Physics/Vecxy.Physics.csproj
                                     OutputItemType=
                                     ReferenceSourceTarget=ProjectReference
                                     Targets=
                             ../Engine/Vecxy/Code/Vecxy.Scene/Vecxy.Scene.csproj
                                     OutputItemType=
                                     ReferenceSourceTarget=ProjectReference
                                     Targets=
                             ../Engine/Vecxy/Code/Vecxy.Assets/Vecxy.Assets.csproj
                                     NuGetPackageId=Vecxy.Assets
                                     NuGetPackageVersion=1.0.0
                                     OutputItemType=
                                     ReferenceSourceTarget=ProjectReference
                                     Targets=
                             ../Engine/Vecxy/Code/Vecxy.Diagnostics/Vecxy.Diagnostics.csproj
                                     NuGetPackageId=Vecxy.Diagnostics
                                     NuGetPackageVersion=1.0.0
                                     OutputItemType=
                                     ReferenceSourceTarget=ProjectReference
                                     Targets=
                             ../Engine/Vecxy/Code/Vecxy.Kernel/Vecxy.Kernel.csproj
                                     NuGetPackageId=Vecxy.Kernel
                                     NuGetPackageVersion=1.0.0
                                     OutputItemType=
                                     ReferenceSourceTarget=ProjectReference
                                     Targets=
                             ../Engine/Vecxy/Code/Vecxy.Rendering/Vecxy.Rendering.csproj
                                     NuGetPackageId=Vecxy.Rendering
                                     NuGetPackageVersion=1.0.0
                                     OutputItemType=
                                     ReferenceSourceTarget=ProjectReference
                                     Targets= (TaskId:20)
                     Output Item(s): 
                         ProjectReferenceWithConfiguration=
                             ../Engine/Vecxy/Code/Vecxy.Editor/Vecxy.Editor.csproj
                                     OutputItemType=
                                     ReferenceSourceTarget=ProjectReference
                                     Targets=
                             ../Engine/Vecxy/Code/Vecxy.Engine/Vecxy.Engine.csproj
                                     OutputItemType=
                                     ReferenceSourceTarget=ProjectReference
                                     Targets=
                             ../Engine/Vecxy/Code/Vecxy.Input/Vecxy.Input.csproj
                                     OutputItemType=
                                     ReferenceSourceTarget=ProjectReference
                                     Targets=
                             ../Engine/Vecxy/Code/Vecxy.Physics/Vecxy.Physics.csproj
                                     OutputItemType=
                                     ReferenceSourceTarget=ProjectReference
                                     Targets=
                             ../Engine/Vecxy/Code/Vecxy.Scene/Vecxy.Scene.csproj
                                     OutputItemType=
                                     ReferenceSourceTarget=ProjectReference
                                     Targets=
                             ../Engine/Vecxy/Code/Vecxy.Assets/Vecxy.Assets.csproj
                                     NuGetPackageId=Vecxy.Assets
                                     NuGetPackageVersion=1.0.0
                                     OutputItemType=
                                     ReferenceSourceTarget=ProjectReference
                                     Targets=
                             ../Engine/Vecxy/Code/Vecxy.Diagnostics/Vecxy.Diagnostics.csproj
                                     NuGetPackageId=Vecxy.Diagnostics
                                     NuGetPackageVersion=1.0.0
                                     OutputItemType=
                                     ReferenceSourceTarget=ProjectReference
                                     Targets=
                             ../Engine/Vecxy/Code/Vecxy.Kernel/Vecxy.Kernel.csproj
                                     NuGetPackageId=Vecxy.Kernel
                                     NuGetPackageVersion=1.0.0
                                     OutputItemType=
                                     ReferenceSourceTarget=ProjectReference
                                     Targets=
                             ../Engine/Vecxy/Code/Vecxy.Rendering/Vecxy.Rendering.csproj
                                     NuGetPackageId=Vecxy.Rendering
                                     NuGetPackageVersion=1.0.0
                                     OutputItemType=
                                     ReferenceSourceTarget=ProjectReference
                                     Targets= (TaskId:20)
                   Done executing task "AssignProjectConfiguration". (TaskId:20)
00:59:18.327     1>Done building target "AssignProjectConfiguration" in project "Game.csproj".: (TargetId:40)
                   Target "AssignProjectConfiguration" skipped. Previously built successfully.
00:59:18.327     1>Target "_SplitProjectReferencesByFileExistence: (TargetId:41)" in file "/home/melkov/.dotnet/sdk/10.0.302/Microsoft.Common.CurrentVersion.targets" from project "/mnt/projects/mlkvs/vecxy.game/Game/Game.csproj" (target "PrepareProjectReferences" depends on it):
                   Added Item(s): 
                       _MSBuildProjectReference=
                           ../Engine/Vecxy/Code/Vecxy.Editor/Vecxy.Editor.csproj
                                   BuildReference=true
                                   OutputItemType=
                                   ReferenceOutputAssembly=true
                                   ReferenceSourceTarget=ProjectReference
                                   Targets=
                           ../Engine/Vecxy/Code/Vecxy.Engine/Vecxy.Engine.csproj
                                   BuildReference=true
                                   OutputItemType=
                                   ReferenceOutputAssembly=true
                                   ReferenceSourceTarget=ProjectReference
                                   Targets=
                           ../Engine/Vecxy/Code/Vecxy.Input/Vecxy.Input.csproj
                                   BuildReference=true
                                   OutputItemType=
                                   ReferenceOutputAssembly=true
                                   ReferenceSourceTarget=ProjectReference
                                   Targets=
                           ../Engine/Vecxy/Code/Vecxy.Physics/Vecxy.Physics.csproj
                                   BuildReference=true
                                   OutputItemType=
                                   ReferenceOutputAssembly=true
                                   ReferenceSourceTarget=ProjectReference
                                   Targets=
                           ../Engine/Vecxy/Code/Vecxy.Scene/Vecxy.Scene.csproj
                                   BuildReference=true
                                   OutputItemType=
                                   ReferenceOutputAssembly=true
                                   ReferenceSourceTarget=ProjectReference
                                   Targets=
                           ../Engine/Vecxy/Code/Vecxy.Assets/Vecxy.Assets.csproj
                                   BuildReference=true
                                   NuGetPackageId=Vecxy.Assets
                                   NuGetPackageVersion=1.0.0
                                   OutputItemType=
                                   ReferenceOutputAssembly=true
                                   ReferenceSourceTarget=ProjectReference
                                   Targets=
                           ../Engine/Vecxy/Code/Vecxy.Diagnostics/Vecxy.Diagnostics.csproj
                                   BuildReference=true
                                   NuGetPackageId=Vecxy.Diagnostics
                                   NuGetPackageVersion=1.0.0
                                   OutputItemType=
                                   ReferenceOutputAssembly=true
                                   ReferenceSourceTarget=ProjectReference
                                   Targets=
                           ../Engine/Vecxy/Code/Vecxy.Kernel/Vecxy.Kernel.csproj
                                   BuildReference=true
                                   NuGetPackageId=Vecxy.Kernel
                                   NuGetPackageVersion=1.0.0
                                   OutputItemType=
                                   ReferenceOutputAssembly=true
                                   ReferenceSourceTarget=ProjectReference
                                   Targets=
                           ../Engine/Vecxy/Code/Vecxy.Rendering/Vecxy.Rendering.csproj
                                   BuildReference=true
                                   NuGetPackageId=Vecxy.Rendering
                                   NuGetPackageVersion=1.0.0
                                   OutputItemType=
                                   ReferenceOutputAssembly=true
                                   ReferenceSourceTarget=ProjectReference
                                   Targets=
                   Added Item(s): 
                       _MSBuildProjectReferenceExistent=
                           ../Engine/Vecxy/Code/Vecxy.Editor/Vecxy.Editor.csproj
                                   BuildReference=true
                                   OutputItemType=
                                   ReferenceOutputAssembly=true
                                   ReferenceSourceTarget=ProjectReference
                                   Targets=
                   Added Item(s): 
                       _MSBuildProjectReferenceExistent=
                           ../Engine/Vecxy/Code/Vecxy.Engine/Vecxy.Engine.csproj
                                   BuildReference=true
                                   OutputItemType=
                                   ReferenceOutputAssembly=true
                                   ReferenceSourceTarget=ProjectReference
                                   Targets=
                   Added Item(s): 
                       _MSBuildProjectReferenceExistent=
                           ../Engine/Vecxy/Code/Vecxy.Input/Vecxy.Input.csproj
                                   BuildReference=true
                                   OutputItemType=
                                   ReferenceOutputAssembly=true
                                   ReferenceSourceTarget=ProjectReference
                                   Targets=
                   Added Item(s): 
                       _MSBuildProjectReferenceExistent=
                           ../Engine/Vecxy/Code/Vecxy.Physics/Vecxy.Physics.csproj
                                   BuildReference=true
                                   OutputItemType=
                                   ReferenceOutputAssembly=true
                                   ReferenceSourceTarget=ProjectReference
                                   Targets=
                   Added Item(s): 
                       _MSBuildProjectReferenceExistent=
                           ../Engine/Vecxy/Code/Vecxy.Scene/Vecxy.Scene.csproj
                                   BuildReference=true
                                   OutputItemType=
                                   ReferenceOutputAssembly=true
                                   ReferenceSourceTarget=ProjectReference
                                   Targets=
                   Added Item(s): 
                       _MSBuildProjectReferenceExistent=
                           ../Engine/Vecxy/Code/Vecxy.Assets/Vecxy.Assets.csproj
                                   BuildReference=true
                                   NuGetPackageId=Vecxy.Assets
                                   NuGetPackageVersion=1.0.0
                                   OutputItemType=
                                   ReferenceOutputAssembly=true
                                   ReferenceSourceTarget=ProjectReference
                                   Targets=
                   Added Item(s): 
                       _MSBuildProjectReferenceExistent=
                           ../Engine/Vecxy/Code/Vecxy.Diagnostics/Vecxy.Diagnostics.csproj
                                   BuildReference=true
                                   NuGetPackageId=Vecxy.Diagnostics
                                   NuGetPackageVersion=1.0.0
                                   OutputItemType=
                                   ReferenceOutputAssembly=true
                                   ReferenceSourceTarget=ProjectReference
                                   Targets=
                   Added Item(s): 
                       _MSBuildProjectReferenceExistent=
                           ../Engine/Vecxy/Code/Vecxy.Kernel/Vecxy.Kernel.csproj
                                   BuildReference=true
                                   NuGetPackageId=Vecxy.Kernel
                                   NuGetPackageVersion=1.0.0
                                   OutputItemType=
                                   ReferenceOutputAssembly=true
                                   ReferenceSourceTarget=ProjectReference
                                   Targets=
                   Added Item(s): 
                       _MSBuildProjectReferenceExistent=
                           ../Engine/Vecxy/Code/Vecxy.Rendering/Vecxy.Rendering.csproj
                                   BuildReference=true
                                   NuGetPackageId=Vecxy.Rendering
                                   NuGetPackageVersion=1.0.0
                                   OutputItemType=
                                   ReferenceOutputAssembly=true
                                   ReferenceSourceTarget=ProjectReference
                                   Targets=
00:59:18.328     1>Done building target "_SplitProjectReferencesByFileExistence" in project "Game.csproj".: (TargetId:41)
00:59:18.328     1>Target "_AddOutputPathToGlobalPropertiesToRemove: (TargetId:42)" in file "/home/melkov/.dotnet/sdk/10.0.302/Microsoft.Common.CurrentVersion.targets" from project "/mnt/projects/mlkvs/vecxy.game/Game/Game.csproj" (target "_GetProjectReferenceTargetFrameworkProperties" depends on it):
00:59:18.328     1>Done building target "_AddOutputPathToGlobalPropertiesToRemove" in project "Game.csproj".: (TargetId:42)
00:59:18.328     1>Target "_GetProjectReferenceTargetFrameworkProperties: (TargetId:43)" in file "/home/melkov/.dotnet/sdk/10.0.302/Microsoft.Common.CurrentVersion.targets" from project "/mnt/projects/mlkvs/vecxy.game/Game/Game.csproj" (target "PrepareProjectReferences" depends on it):
                   Set Property: ReferringTargetFrameworkForProjectReferences=.NETCoreApp,Version=v10.0
                   Using "MSBuild" task from assembly "Microsoft.Build.Tasks.Core, Version=15.1.0.0, Culture=neutral, PublicKeyToken=b03f5f7f11d50a3a".
                   Task "MSBuild" (TaskId:21)
                     Task Parameter:Targets=GetTargetFrameworks (TaskId:21)
                     Task Parameter:BuildInParallel=True (TaskId:21)
                     Task Parameter:
                         Projects=
                             ../Engine/Vecxy/Code/Vecxy.Editor/Vecxy.Editor.csproj
                                     BuildReference=true
                                     OutputItemType=
                                     ReferenceOutputAssembly=true
                                     ReferenceSourceTarget=ProjectReference
                                     Targets=
                             ../Engine/Vecxy/Code/Vecxy.Engine/Vecxy.Engine.csproj
                                     BuildReference=true
                                     OutputItemType=
                                     ReferenceOutputAssembly=true
                                     ReferenceSourceTarget=ProjectReference
                                     Targets=
                             ../Engine/Vecxy/Code/Vecxy.Input/Vecxy.Input.csproj
                                     BuildReference=true
                                     OutputItemType=
                                     ReferenceOutputAssembly=true
                                     ReferenceSourceTarget=ProjectReference
                                     Targets=
                             ../Engine/Vecxy/Code/Vecxy.Physics/Vecxy.Physics.csproj
                                     BuildReference=true
                                     OutputItemType=
                                     ReferenceOutputAssembly=true
                                     ReferenceSourceTarget=ProjectReference
                                     Targets=
                             ../Engine/Vecxy/Code/Vecxy.Scene/Vecxy.Scene.csproj
                                     BuildReference=true
                                     OutputItemType=
                                     ReferenceOutputAssembly=true
                                     ReferenceSourceTarget=ProjectReference
                                     Targets=
                             ../Engine/Vecxy/Code/Vecxy.Assets/Vecxy.Assets.csproj
                                     BuildReference=true
                                     NuGetPackageId=Vecxy.Assets
                                     NuGetPackageVersion=1.0.0
                                     OutputItemType=
                                     ReferenceOutputAssembly=true
                                     ReferenceSourceTarget=ProjectReference
                                     Targets=
                             ../Engine/Vecxy/Code/Vecxy.Diagnostics/Vecxy.Diagnostics.csproj
                                     BuildReference=true
                                     NuGetPackageId=Vecxy.Diagnostics
                                     NuGetPackageVersion=1.0.0
                                     OutputItemType=
                                     ReferenceOutputAssembly=true
                                     ReferenceSourceTarget=ProjectReference
                                     Targets=
                             ../Engine/Vecxy/Code/Vecxy.Kernel/Vecxy.Kernel.csproj
                                     BuildReference=true
                                     NuGetPackageId=Vecxy.Kernel
                                     NuGetPackageVersion=1.0.0
                                     OutputItemType=
                                     ReferenceOutputAssembly=true
                                     ReferenceSourceTarget=ProjectReference
                                     Targets=
                             ../Engine/Vecxy/Code/Vecxy.Rendering/Vecxy.Rendering.csproj
                                     BuildReference=true
                                     NuGetPackageId=Vecxy.Rendering
                                     NuGetPackageVersion=1.0.0
                                     OutputItemType=
                                     ReferenceOutputAssembly=true
                                     ReferenceSourceTarget=ProjectReference
                                     Targets= (TaskId:21)
                     Task Parameter:RemoveProperties=;TargetFramework;RuntimeIdentifier;SelfContained; (TaskId:21)
                     Task Parameter:SkipNonexistentTargets=True (TaskId:21)
                     Removing Properties: (TaskId:21)
                       TargetFramework (TaskId:21)
                       RuntimeIdentifier (TaskId:21)
                       SelfContained (TaskId:21)
00:59:18.336     0>/home/melkov/.dotnet/sdk/10.0.302/Sdks/Microsoft.NET.Sdk/Sdk/Sdk.props(49,11): message : Property 'MSBuildExtensionsPath' with value '/home/melkov/.dotnet/sdk/10.0.302/' expanded from the environment.
                   /home/melkov/.dotnet/sdk/10.0.302/Current/Microsoft.Common.props(60,5): message : Property reassignment: $(MSBuildProjectExtensionsPath)="/mnt/projects/mlkvs/vecxy.game/Engine/Vecxy/Code/Vecxy.Editor/obj/" (previous value: "obj\") at /home/melkov/.dotnet/sdk/10.0.302/Current/Microsoft.Common.props (60,5)
                   /home/melkov/.dotnet/sdk/10.0.302/Current/Microsoft.Common.props(84,119): message : Property 'MSBuildUserExtensionsPath' with value '/home/melkov/.local/share/Microsoft\MSBuild' expanded from the environment.
                   /home/melkov/.dotnet/sdk/10.0.302/Sdks/Microsoft.NET.Sdk/targets/Microsoft.NET.Sdk.props(90,5): message : Property reassignment: $(AssemblySearchPaths)="{CandidateAssemblyFiles};{HintPathFromItem}" (previous value: "{CandidateAssemblyFiles}") at /home/melkov/.dotnet/sdk/10.0.302/Sdks/Microsoft.NET.Sdk/targets/Microsoft.NET.Sdk.props (90,5)
                   /home/melkov/.dotnet/sdk/10.0.302/Sdks/Microsoft.NET.Sdk/targets/Microsoft.NET.Sdk.props(91,5): message : Property reassignment: $(AssemblySearchPaths)="{CandidateAssemblyFiles};{HintPathFromItem};{TargetFrameworkDirectory}" (previous value: "{CandidateAssemblyFiles};{HintPathFromItem}") at /home/melkov/.dotnet/sdk/10.0.302/Sdks/Microsoft.NET.Sdk/targets/Microsoft.NET.Sdk.props (91,5)
                   /home/melkov/.dotnet/sdk/10.0.302/Sdks/Microsoft.NET.Sdk/targets/Microsoft.NET.Sdk.props(92,5): message : Property reassignment: $(AssemblySearchPaths)="{CandidateAssemblyFiles};{HintPathFromItem};{TargetFrameworkDirectory};{RawFileName}" (previous value: "{CandidateAssemblyFiles};{HintPathFromItem};{TargetFrameworkDirectory}") at /home/melkov/.dotnet/sdk/10.0.302/Sdks/Microsoft.NET.Sdk/targets/Microsoft.NET.Sdk.props (92,5)
                   /home/melkov/.dotnet/sdk/10.0.302/Sdks/Microsoft.NET.Sdk/targets/Microsoft.NET.Sdk.ImportPublishProfile.targets(28,5): message : Property reassignment: $(PublishProfileImported)="false" (previous value: "true") at /home/melkov/.dotnet/sdk/10.0.302/Sdks/Microsoft.NET.Sdk/targets/Microsoft.NET.Sdk.ImportPublishProfile.targets (28,5)
                   Assembly loaded during Evaluation: System.IO.Pipes, Version=10.0.0.0, Culture=neutral, PublicKeyToken=b03f5f7f11d50a3a (location: /home/melkov/.dotnet/shared/Microsoft.NETCore.App/10.0.10/System.IO.Pipes.dll, MVID: 16003c9b-4611-42b7-a988-67b4b88607ec, AssemblyLoadContext: Default)
                   /home/melkov/.dotnet/sdk/10.0.302/Sdks/Microsoft.NET.Sdk/targets/Microsoft.NET.TargetFrameworkInference.targets(81,5): message : Property reassignment: $(TargetPlatformVersion)="" (previous value: "0.0") at /home/melkov/.dotnet/sdk/10.0.302/Sdks/Microsoft.NET.Sdk/targets/Microsoft.NET.TargetFrameworkInference.targets (81,5)
                   /home/melkov/.dotnet/sdk/10.0.302/Sdks/Microsoft.NET.Sdk/targets/Microsoft.NET.DefaultOutputPaths.targets(127,5): message : Property reassignment: $(DefaultItemExcludes)=";bin\Debug//**;obj\Debug//**" (previous value: ";bin\Debug//**") at /home/melkov/.dotnet/sdk/10.0.302/Sdks/Microsoft.NET.Sdk/targets/Microsoft.NET.DefaultOutputPaths.targets (127,5)
                   /home/melkov/.dotnet/sdk/10.0.302/Sdks/Microsoft.NET.Sdk/targets/Microsoft.NET.DefaultOutputPaths.targets(142,5): message : Property reassignment: $(OutputPath)="bin\Debug/net10.0/" (previous value: "bin\Debug/") at /home/melkov/.dotnet/sdk/10.0.302/Sdks/Microsoft.NET.Sdk/targets/Microsoft.NET.DefaultOutputPaths.targets (142,5)
                   /home/melkov/.dotnet/sdk/10.0.302/Sdks/Microsoft.NET.Sdk/targets/Microsoft.NET.DefaultOutputPaths.targets(147,5): message : Property reassignment: $(IntermediateOutputPath)="obj\Debug/net10.0/" (previous value: "obj\Debug/") at /home/melkov/.dotnet/sdk/10.0.302/Sdks/Microsoft.NET.Sdk/targets/Microsoft.NET.DefaultOutputPaths.targets (147,5)
                   /home/melkov/.dotnet/sdk/10.0.302/Sdks/Microsoft.NET.Sdk/targets/Microsoft.NET.Sdk.BeforeCommon.targets(379,5): message : Property reassignment: $(RoslynTargetsPath)="/home/melkov/.dotnet/sdk/10.0.302/Sdks/Microsoft.NET.Sdk/targets/../../../Roslyn" (previous value: "/home/melkov/.dotnet/sdk/10.0.302/Roslyn") at /home/melkov/.dotnet/sdk/10.0.302/Sdks/Microsoft.NET.Sdk/targets/Microsoft.NET.Sdk.BeforeCommon.targets (379,5)
                   Assembly loaded during Evaluation: System.Net.Sockets, Version=10.0.0.0, Culture=neutral, PublicKeyToken=b03f5f7f11d50a3a (location: /home/melkov/.dotnet/shared/Microsoft.NETCore.App/10.0.10/System.Net.Sockets.dll, MVID: 01f9776f-0bd7-4db7-9a9c-f9bd2e70a1f9, AssemblyLoadContext: Default)
                   /home/melkov/.dotnet/sdk/10.0.302/Roslyn/Microsoft.Managed.Core.targets(6,5): message : Property reassignment: $(_BuildTasksDirectory)="/home/melkov/.dotnet/sdk/10.0.302/Sdks/Microsoft.NET.Sdk/targets/../../../Roslyn/" (previous value: "/home/melkov/.dotnet/sdk/10.0.302/Roslyn/") at /home/melkov/.dotnet/sdk/10.0.302/Roslyn/Microsoft.Managed.Core.targets (6,5)
                   /home/melkov/.dotnet/sdk/10.0.302/Roslyn/Microsoft.CSharp.Core.targets(213,5): message : Property reassignment: $(CommandLineArgsForDesignTimeEvaluation)="-langversion:14.0 -define:TRACE" (previous value: "-langversion:14.0") at /home/melkov/.dotnet/sdk/10.0.302/Roslyn/Microsoft.CSharp.Core.targets (213,5)
                   /home/melkov/.dotnet/sdk/10.0.302/Microsoft.Common.CurrentVersion.targets(175,5): message : Property reassignment: $(_DebugSymbolsProduced)="true" (previous value: "false") at /home/melkov/.dotnet/sdk/10.0.302/Microsoft.Common.CurrentVersion.targets (175,5)
                   /home/melkov/.dotnet/sdk/10.0.302/Microsoft.Common.CurrentVersion.targets(185,5): message : Property reassignment: $(_DocumentationFileProduced)="false" (previous value: "true") at /home/melkov/.dotnet/sdk/10.0.302/Microsoft.Common.CurrentVersion.targets (185,5)
                   /home/melkov/.dotnet/sdk/10.0.302/Microsoft.Common.CurrentVersion.targets(392,5): message : Property reassignment: $(MSBuildCopyMarkerName)="Vecxy.Ed.E89BF183" (previous value: "Vecxy.Editor.csproj") at /home/melkov/.dotnet/sdk/10.0.302/Microsoft.Common.CurrentVersion.targets (392,5)
                   /home/melkov/.dotnet/sdk/10.0.302/Microsoft.Common.CurrentVersion.targets(393,5): message : Property reassignment: $(MSBuildCopyMarkerName)="Vecxy.Ed.E89BF183.Up2Date" (previous value: "Vecxy.Ed.E89BF183") at /home/melkov/.dotnet/sdk/10.0.302/Microsoft.Common.CurrentVersion.targets (393,5)
                   /home/melkov/.dotnet/sdk/10.0.302/Microsoft.Common.CurrentVersion.targets(541,5): message : Property reassignment: $(ProcessorArchitecture)="msil" (previous value: "") at /home/melkov/.dotnet/sdk/10.0.302/Microsoft.Common.CurrentVersion.targets (541,5)
                   /home/melkov/.dotnet/sdk/10.0.302/Microsoft.Common.CurrentVersion.targets(580,5): message : Property reassignment: $(DelaySign)="" (previous value: "false") at /home/melkov/.dotnet/sdk/10.0.302/Microsoft.Common.CurrentVersion.targets (580,5)
                   /home/melkov/.dotnet/sdk/10.0.302/Microsoft.Common.CurrentVersion.targets(2622,5): message : Property 'LocalAppData' with value '/home/melkov/.local/share' expanded from the environment.
                   /home/melkov/.dotnet/sdk/10.0.302/Microsoft.Common.CurrentVersion.targets(3950,5): message : Property reassignment: $(_SGenGenerateSerializationAssembliesConfig)="Auto" (previous value: "") at /home/melkov/.dotnet/sdk/10.0.302/Microsoft.Common.CurrentVersion.targets (3950,5)
                   /home/melkov/.dotnet/sdk/10.0.302/Microsoft.Common.CurrentVersion.targets(3951,5): message : Property reassignment: $(_SGenGenerateSerializationAssembliesConfig)="Off" (previous value: "Auto") at /home/melkov/.dotnet/sdk/10.0.302/Microsoft.Common.CurrentVersion.targets (3951,5)
                   /home/melkov/.dotnet/sdk/10.0.302/Microsoft.Common.CurrentVersion.targets(5162,5): message : Property reassignment: $(_TargetsThatPrepareProjectReferences)="
                   /home/melkov/.dotnet/sdk/10.0.302/Microsoft.Common.CurrentVersion.targets(5162,5): message :       AssignProjectConfiguration;
                   /home/melkov/.dotnet/sdk/10.0.302/Microsoft.Common.CurrentVersion.targets(5162,5): message :       _SplitProjectReferencesByFileExistence
                   /home/melkov/.dotnet/sdk/10.0.302/Microsoft.Common.CurrentVersion.targets(5162,5): message :     " (previous value: "_SplitProjectReferencesByFileExistence") at /home/melkov/.dotnet/sdk/10.0.302/Microsoft.Common.CurrentVersion.targets (5162,5)
                   /home/melkov/.dotnet/sdk/10.0.302/Microsoft.Common.CurrentVersion.targets(6975,5): message : Property 'MSBuildExtensionsPath32' with value '/home/melkov/.dotnet/sdk/10.0.302' expanded from the environment.
                   /home/melkov/.dotnet/sdk/10.0.302/Sdks/Microsoft.NET.Sdk/targets/Microsoft.PackageDependencyResolution.targets(29,5): message : Property reassignment: $(ProjectAssetsCacheFile)="/mnt/projects/mlkvs/vecxy.game/Engine/Vecxy/Code/Vecxy.Editor/obj/Debug/net10.0/Vecxy.Editor.assets.cache" (previous value: "obj\Debug/net10.0/Vecxy.Editor.assets.cache") at /home/melkov/.dotnet/sdk/10.0.302/Sdks/Microsoft.NET.Sdk/targets/Microsoft.PackageDependencyResolution.targets (29,5)
                   /home/melkov/.dotnet/sdk/10.0.302/Sdks/Microsoft.NET.Sdk/targets/Microsoft.PackageDependencyResolution.targets(80,5): message : Property reassignment: $(ResolveAssemblyReferencesDependsOn)="
                   /home/melkov/.dotnet/sdk/10.0.302/Sdks/Microsoft.NET.Sdk/targets/Microsoft.PackageDependencyResolution.targets(80,5): message :       
                   /home/melkov/.dotnet/sdk/10.0.302/Sdks/Microsoft.NET.Sdk/targets/Microsoft.PackageDependencyResolution.targets(80,5): message :       ResolveProjectReferences;
                   /home/melkov/.dotnet/sdk/10.0.302/Sdks/Microsoft.NET.Sdk/targets/Microsoft.PackageDependencyResolution.targets(80,5): message :       FindInvalidProjectReferences;
                   /home/melkov/.dotnet/sdk/10.0.302/Sdks/Microsoft.NET.Sdk/targets/Microsoft.PackageDependencyResolution.targets(80,5): message :       GetFrameworkPaths;
                   /home/melkov/.dotnet/sdk/10.0.302/Sdks/Microsoft.NET.Sdk/targets/Microsoft.PackageDependencyResolution.targets(80,5): message :       GetReferenceAssemblyPaths;
                   /home/melkov/.dotnet/sdk/10.0.302/Sdks/Microsoft.NET.Sdk/targets/Microsoft.PackageDependencyResolution.targets(80,5): message :       PrepareForBuild;
                   /home/melkov/.dotnet/sdk/10.0.302/Sdks/Microsoft.NET.Sdk/targets/Microsoft.PackageDependencyResolution.targets(80,5): message :       ResolveSDKReferences;
                   /home/melkov/.dotnet/sdk/10.0.302/Sdks/Microsoft.NET.Sdk/targets/Microsoft.PackageDependencyResolution.targets(80,5): message :       ExpandSDKReferences;
                   /home/melkov/.dotnet/sdk/10.0.302/Sdks/Microsoft.NET.Sdk/targets/Microsoft.PackageDependencyResolution.targets(80,5): message :     ;
                   /home/melkov/.dotnet/sdk/10.0.302/Sdks/Microsoft.NET.Sdk/targets/Microsoft.PackageDependencyResolution.targets(80,5): message :       ResolvePackageDependenciesForBuild;
                   /home/melkov/.dotnet/sdk/10.0.302/Sdks/Microsoft.NET.Sdk/targets/Microsoft.PackageDependencyResolution.targets(80,5): message :       _HandlePackageFileConflicts;
                   /home/melkov/.dotnet/sdk/10.0.302/Sdks/Microsoft.NET.Sdk/targets/Microsoft.PackageDependencyResolution.targets(80,5): message :     " (previous value: "
                   /home/melkov/.dotnet/sdk/10.0.302/Sdks/Microsoft.NET.Sdk/targets/Microsoft.PackageDependencyResolution.targets(80,5): message :       ResolveProjectReferences;
                   /home/melkov/.dotnet/sdk/10.0.302/Sdks/Microsoft.NET.Sdk/targets/Microsoft.PackageDependencyResolution.targets(80,5): message :       FindInvalidProjectReferences;
                   /home/melkov/.dotnet/sdk/10.0.302/Sdks/Microsoft.NET.Sdk/targets/Microsoft.PackageDependencyResolution.targets(80,5): message :       GetFrameworkPaths;
                   /home/melkov/.dotnet/sdk/10.0.302/Sdks/Microsoft.NET.Sdk/targets/Microsoft.PackageDependencyResolution.targets(80,5): message :       GetReferenceAssemblyPaths;
                   /home/melkov/.dotnet/sdk/10.0.302/Sdks/Microsoft.NET.Sdk/targets/Microsoft.PackageDependencyResolution.targets(80,5): message :       PrepareForBuild;
                   /home/melkov/.dotnet/sdk/10.0.302/Sdks/Microsoft.NET.Sdk/targets/Microsoft.PackageDependencyResolution.targets(80,5): message :       ResolveSDKReferences;
                   /home/melkov/.dotnet/sdk/10.0.302/Sdks/Microsoft.NET.Sdk/targets/Microsoft.PackageDependencyResolution.targets(80,5): message :       ExpandSDKReferences;
                   /home/melkov/.dotnet/sdk/10.0.302/Sdks/Microsoft.NET.Sdk/targets/Microsoft.PackageDependencyResolution.targets(80,5): message :     ") at /home/melkov/.dotnet/sdk/10.0.302/Sdks/Microsoft.NET.Sdk/targets/Microsoft.PackageDependencyResolution.targets (80,5)
                   /home/melkov/.dotnet/sdk/10.0.302/Sdks/Microsoft.NET.Sdk/targets/Microsoft.PackageDependencyResolution.targets(86,5): message : Property reassignment: $(PrepareResourcesDependsOn)="
                   /home/melkov/.dotnet/sdk/10.0.302/Sdks/Microsoft.NET.Sdk/targets/Microsoft.PackageDependencyResolution.targets(86,5): message :       ResolvePackageDependenciesForBuild;
                   /home/melkov/.dotnet/sdk/10.0.302/Sdks/Microsoft.NET.Sdk/targets/Microsoft.PackageDependencyResolution.targets(86,5): message :       _HandlePackageFileConflicts;
                   /home/melkov/.dotnet/sdk/10.0.302/Sdks/Microsoft.NET.Sdk/targets/Microsoft.PackageDependencyResolution.targets(86,5): message :       
                   /home/melkov/.dotnet/sdk/10.0.302/Sdks/Microsoft.NET.Sdk/targets/Microsoft.PackageDependencyResolution.targets(86,5): message :       ;
                   /home/melkov/.dotnet/sdk/10.0.302/Sdks/Microsoft.NET.Sdk/targets/Microsoft.PackageDependencyResolution.targets(86,5): message :       PrepareResourceNames;
                   /home/melkov/.dotnet/sdk/10.0.302/Sdks/Microsoft.NET.Sdk/targets/Microsoft.PackageDependencyResolution.targets(86,5): message :       ResGen;
                   /home/melkov/.dotnet/sdk/10.0.302/Sdks/Microsoft.NET.Sdk/targets/Microsoft.PackageDependencyResolution.targets(86,5): message :       CompileLicxFiles
                   /home/melkov/.dotnet/sdk/10.0.302/Sdks/Microsoft.NET.Sdk/targets/Microsoft.PackageDependencyResolution.targets(86,5): message :     
                   /home/melkov/.dotnet/sdk/10.0.302/Sdks/Microsoft.NET.Sdk/targets/Microsoft.PackageDependencyResolution.targets(86,5): message :     " (previous value: "
                   /home/melkov/.dotnet/sdk/10.0.302/Sdks/Microsoft.NET.Sdk/targets/Microsoft.PackageDependencyResolution.targets(86,5): message :       ;
                   /home/melkov/.dotnet/sdk/10.0.302/Sdks/Microsoft.NET.Sdk/targets/Microsoft.PackageDependencyResolution.targets(86,5): message :       PrepareResourceNames;
                   /home/melkov/.dotnet/sdk/10.0.302/Sdks/Microsoft.NET.Sdk/targets/Microsoft.PackageDependencyResolution.targets(86,5): message :       ResGen;
                   /home/melkov/.dotnet/sdk/10.0.302/Sdks/Microsoft.NET.Sdk/targets/Microsoft.PackageDependencyResolution.targets(86,5): message :       CompileLicxFiles
                   /home/melkov/.dotnet/sdk/10.0.302/Sdks/Microsoft.NET.Sdk/targets/Microsoft.PackageDependencyResolution.targets(86,5): message :     ") at /home/melkov/.dotnet/sdk/10.0.302/Sdks/Microsoft.NET.Sdk/targets/Microsoft.PackageDependencyResolution.targets (86,5)
                   /home/melkov/.dotnet/sdk/10.0.302/Sdks/Microsoft.NET.Sdk/targets/Microsoft.NET.Sdk.DefaultItems.targets(35,5): message : Property reassignment: $(DefaultItemExcludes)=";bin\Debug//**;obj\Debug//**;bin\/**" (previous value: ";bin\Debug//**;obj\Debug//**") at /home/melkov/.dotnet/sdk/10.0.302/Sdks/Microsoft.NET.Sdk/targets/Microsoft.NET.Sdk.DefaultItems.targets (35,5)
                   /home/melkov/.dotnet/sdk/10.0.302/Sdks/Microsoft.NET.Sdk/targets/Microsoft.NET.Sdk.DefaultItems.targets(37,5): message : Property reassignment: $(DefaultItemExcludes)=";bin\Debug//**;obj\Debug//**;bin\/**;obj\/**" (previous value: ";bin\Debug//**;obj\Debug//**;bin\/**") at /home/melkov/.dotnet/sdk/10.0.302/Sdks/Microsoft.NET.Sdk/targets/Microsoft.NET.Sdk.DefaultItems.targets (37,5)
                   /home/melkov/.dotnet/sdk/10.0.302/Sdks/Microsoft.NET.Sdk/targets/Microsoft.NET.Sdk.DefaultItems.targets(41,5): message : Property reassignment: $(DefaultItemExcludes)=";bin\Debug//**;obj\Debug//**;bin\/**;obj\/**;bin\Debug/net10.0/publish//**" (previous value: ";bin\Debug//**;obj\Debug//**;bin\/**;obj\/**") at /home/melkov/.dotnet/sdk/10.0.302/Sdks/Microsoft.NET.Sdk/targets/Microsoft.NET.Sdk.DefaultItems.targets (41,5)
                   /home/melkov/.dotnet/sdk/10.0.302/Sdks/Microsoft.NET.Sdk/targets/Microsoft.NET.Sdk.DefaultItems.targets(44,5): message : Property reassignment: $(DefaultItemExcludes)=";bin\Debug//**;obj\Debug//**;bin\/**;obj\/**;bin\Debug/net10.0/publish//**;**/*.user" (previous value: ";bin\Debug//**;obj\Debug//**;bin\/**;obj\/**;bin\Debug/net10.0/publish//**") at /home/melkov/.dotnet/sdk/10.0.302/Sdks/Microsoft.NET.Sdk/targets/Microsoft.NET.Sdk.DefaultItems.targets (44,5)
                   /home/melkov/.dotnet/sdk/10.0.302/Sdks/Microsoft.NET.Sdk/targets/Microsoft.NET.Sdk.DefaultItems.targets(45,5): message : Property reassignment: $(DefaultItemExcludes)=";bin\Debug//**;obj\Debug//**;bin\/**;obj\/**;bin\Debug/net10.0/publish//**;**/*.user;**/*.*proj" (previous value: ";bin\Debug//**;obj\Debug//**;bin\/**;obj\/**;bin\Debug/net10.0/publish//**;**/*.user") at /home/melkov/.dotnet/sdk/10.0.302/Sdks/Microsoft.NET.Sdk/targets/Microsoft.NET.Sdk.DefaultItems.targets (45,5)
                   /home/melkov/.dotnet/sdk/10.0.302/Sdks/Microsoft.NET.Sdk/targets/Microsoft.NET.Sdk.DefaultItems.targets(46,5): message : Property reassignment: $(DefaultItemExcludes)=";bin\Debug//**;obj\Debug//**;bin\/**;obj\/**;bin\Debug/net10.0/publish//**;**/*.user;**/*.*proj;**/*.sln" (previous value: ";bin\Debug//**;obj\Debug//**;bin\/**;obj\/**;bin\Debug/net10.0/publish//**;**/*.user;**/*.*proj") at /home/melkov/.dotnet/sdk/10.0.302/Sdks/Microsoft.NET.Sdk/targets/Microsoft.NET.Sdk.DefaultItems.targets (46,5)
                   /home/melkov/.dotnet/sdk/10.0.302/Sdks/Microsoft.NET.Sdk/targets/Microsoft.NET.Sdk.DefaultItems.targets(47,5): message : Property reassignment: $(DefaultItemExcludes)=";bin\Debug//**;obj\Debug//**;bin\/**;obj\/**;bin\Debug/net10.0/publish//**;**/*.user;**/*.*proj;**/*.sln;**/*.slnx" (previous value: ";bin\Debug//**;obj\Debug//**;bin\/**;obj\/**;bin\Debug/net10.0/publish//**;**/*.user;**/*.*proj;**/*.sln") at /home/melkov/.dotnet/sdk/10.0.302/Sdks/Microsoft.NET.Sdk/targets/Microsoft.NET.Sdk.DefaultItems.targets (47,5)
                   /home/melkov/.dotnet/sdk/10.0.302/Sdks/Microsoft.NET.Sdk/targets/Microsoft.NET.Sdk.DefaultItems.targets(48,5): message : Property reassignment: $(DefaultItemExcludes)=";bin\Debug//**;obj\Debug//**;bin\/**;obj\/**;bin\Debug/net10.0/publish//**;**/*.user;**/*.*proj;**/*.sln;**/*.slnx;**/*.vssscc" (previous value: ";bin\Debug//**;obj\Debug//**;bin\/**;obj\/**;bin\Debug/net10.0/publish//**;**/*.user;**/*.*proj;**/*.sln;**/*.slnx") at /home/melkov/.dotnet/sdk/10.0.302/Sdks/Microsoft.NET.Sdk/targets/Microsoft.NET.Sdk.DefaultItems.targets (48,5)
                   /home/melkov/.dotnet/sdk/10.0.302/Sdks/Microsoft.NET.Sdk/targets/Microsoft.NET.Sdk.DefaultItems.targets(49,5): message : Property reassignment: $(DefaultItemExcludes)=";bin\Debug//**;obj\Debug//**;bin\/**;obj\/**;bin\Debug/net10.0/publish//**;**/*.user;**/*.*proj;**/*.sln;**/*.slnx;**/*.vssscc;**/.DS_Store" (previous value: ";bin\Debug//**;obj\Debug//**;bin\/**;obj\/**;bin\Debug/net10.0/publish//**;**/*.user;**/*.*proj;**/*.sln;**/*.slnx;**/*.vssscc") at /home/melkov/.dotnet/sdk/10.0.302/Sdks/Microsoft.NET.Sdk/targets/Microsoft.NET.Sdk.DefaultItems.targets (49,5)
                   /home/melkov/.dotnet/sdk/10.0.302/Sdks/Microsoft.NET.Sdk/targets/Microsoft.NET.Sdk.FrameworkReferenceResolution.targets(14,5): message : Property reassignment: $(ResolveAssemblyReferencesDependsOn)="
                   /home/melkov/.dotnet/sdk/10.0.302/Sdks/Microsoft.NET.Sdk/targets/Microsoft.NET.Sdk.FrameworkReferenceResolution.targets(14,5): message :       
                   /home/melkov/.dotnet/sdk/10.0.302/Sdks/Microsoft.NET.Sdk/targets/Microsoft.NET.Sdk.FrameworkReferenceResolution.targets(14,5): message :       
                   /home/melkov/.dotnet/sdk/10.0.302/Sdks/Microsoft.NET.Sdk/targets/Microsoft.NET.Sdk.FrameworkReferenceResolution.targets(14,5): message :       ResolveProjectReferences;
                   /home/melkov/.dotnet/sdk/10.0.302/Sdks/Microsoft.NET.Sdk/targets/Microsoft.NET.Sdk.FrameworkReferenceResolution.targets(14,5): message :       FindInvalidProjectReferences;
                   /home/melkov/.dotnet/sdk/10.0.302/Sdks/Microsoft.NET.Sdk/targets/Microsoft.NET.Sdk.FrameworkReferenceResolution.targets(14,5): message :       GetFrameworkPaths;
                   /home/melkov/.dotnet/sdk/10.0.302/Sdks/Microsoft.NET.Sdk/targets/Microsoft.NET.Sdk.FrameworkReferenceResolution.targets(14,5): message :       GetReferenceAssemblyPaths;
                   /home/melkov/.dotnet/sdk/10.0.302/Sdks/Microsoft.NET.Sdk/targets/Microsoft.NET.Sdk.FrameworkReferenceResolution.targets(14,5): message :       PrepareForBuild;
                   /home/melkov/.dotnet/sdk/10.0.302/Sdks/Microsoft.NET.Sdk/targets/Microsoft.NET.Sdk.FrameworkReferenceResolution.targets(14,5): message :       ResolveSDKReferences;
                   /home/melkov/.dotnet/sdk/10.0.302/Sdks/Microsoft.NET.Sdk/targets/Microsoft.NET.Sdk.FrameworkReferenceResolution.targets(14,5): message :       ExpandSDKReferences;
                   /home/melkov/.dotnet/sdk/10.0.302/Sdks/Microsoft.NET.Sdk/targets/Microsoft.NET.Sdk.FrameworkReferenceResolution.targets(14,5): message :     ;
                   /home/melkov/.dotnet/sdk/10.0.302/Sdks/Microsoft.NET.Sdk/targets/Microsoft.NET.Sdk.FrameworkReferenceResolution.targets(14,5): message :       ResolvePackageDependenciesForBuild;
                   /home/melkov/.dotnet/sdk/10.0.302/Sdks/Microsoft.NET.Sdk/targets/Microsoft.NET.Sdk.FrameworkReferenceResolution.targets(14,5): message :       _HandlePackageFileConflicts;
                   /home/melkov/.dotnet/sdk/10.0.302/Sdks/Microsoft.NET.Sdk/targets/Microsoft.NET.Sdk.FrameworkReferenceResolution.targets(14,5): message :     ;
                   /home/melkov/.dotnet/sdk/10.0.302/Sdks/Microsoft.NET.Sdk/targets/Microsoft.NET.Sdk.FrameworkReferenceResolution.targets(14,5): message :       ResolveTargetingPackAssets;
                   /home/melkov/.dotnet/sdk/10.0.302/Sdks/Microsoft.NET.Sdk/targets/Microsoft.NET.Sdk.FrameworkReferenceResolution.targets(14,5): message :     " (previous value: "
                   /home/melkov/.dotnet/sdk/10.0.302/Sdks/Microsoft.NET.Sdk/targets/Microsoft.NET.Sdk.FrameworkReferenceResolution.targets(14,5): message :       
                   /home/melkov/.dotnet/sdk/10.0.302/Sdks/Microsoft.NET.Sdk/targets/Microsoft.NET.Sdk.FrameworkReferenceResolution.targets(14,5): message :       ResolveProjectReferences;
                   /home/melkov/.dotnet/sdk/10.0.302/Sdks/Microsoft.NET.Sdk/targets/Microsoft.NET.Sdk.FrameworkReferenceResolution.targets(14,5): message :       FindInvalidProjectReferences;
                   /home/melkov/.dotnet/sdk/10.0.302/Sdks/Microsoft.NET.Sdk/targets/Microsoft.NET.Sdk.FrameworkReferenceResolution.targets(14,5): message :       GetFrameworkPaths;
                   /home/melkov/.dotnet/sdk/10.0.302/Sdks/Microsoft.NET.Sdk/targets/Microsoft.NET.Sdk.FrameworkReferenceResolution.targets(14,5): message :       GetReferenceAssemblyPaths;
                   /home/melkov/.dotnet/sdk/10.0.302/Sdks/Microsoft.NET.Sdk/targets/Microsoft.NET.Sdk.FrameworkReferenceResolution.targets(14,5): message :       PrepareForBuild;
                   /home/melkov/.dotnet/sdk/10.0.302/Sdks/Microsoft.NET.Sdk/targets/Microsoft.NET.Sdk.FrameworkReferenceResolution.targets(14,5): message :       ResolveSDKReferences;
                   /home/melkov/.dotnet/sdk/10.0.302/Sdks/Microsoft.NET.Sdk/targets/Microsoft.NET.Sdk.FrameworkReferenceResolution.targets(14,5): message :       ExpandSDKReferences;
                   /home/melkov/.dotnet/sdk/10.0.302/Sdks/Microsoft.NET.Sdk/targets/Microsoft.NET.Sdk.FrameworkReferenceResolution.targets(14,5): message :     ;
                   /home/melkov/.dotnet/sdk/10.0.302/Sdks/Microsoft.NET.Sdk/targets/Microsoft.NET.Sdk.FrameworkReferenceResolution.targets(14,5): message :       ResolvePackageDependenciesForBuild;
                   /home/melkov/.dotnet/sdk/10.0.302/Sdks/Microsoft.NET.Sdk/targets/Microsoft.NET.Sdk.FrameworkReferenceResolution.targets(14,5): message :       _HandlePackageFileConflicts;
                   /home/melkov/.dotnet/sdk/10.0.302/Sdks/Microsoft.NET.Sdk/targets/Microsoft.NET.Sdk.FrameworkReferenceResolution.targets(14,5): message :     ") at /home/melkov/.dotnet/sdk/10.0.302/Sdks/Microsoft.NET.Sdk/targets/Microsoft.NET.Sdk.FrameworkReferenceResolution.targets (14,5)
                   /home/melkov/.dotnet/sdk/10.0.302/Sdks/Microsoft.NET.Sdk/targets/Microsoft.NET.Sdk.targets(44,5): message : Property reassignment: $(_GenerateRuntimeConfigurationPropertyInputsCache)="/mnt/projects/mlkvs/vecxy.game/Engine/Vecxy/Code/Vecxy.Editor/obj/Debug/net10.0/Vecxy.Editor.genruntimeconfig.cache" (previous value: "obj\Debug/net10.0/Vecxy.Editor.genruntimeconfig.cache") at /home/melkov/.dotnet/sdk/10.0.302/Sdks/Microsoft.NET.Sdk/targets/Microsoft.NET.Sdk.targets (44,5)
                   /home/melkov/.dotnet/sdk/10.0.302/Sdks/Microsoft.NET.Sdk/targets/Microsoft.NET.Sdk.targets(46,5): message : Property reassignment: $(_GeneratePublishDependencyFilePropertyInputsCache)="/mnt/projects/mlkvs/vecxy.game/Engine/Vecxy/Code/Vecxy.Editor/obj/Debug/net10.0/Vecxy.Editor.genpublishdeps.cache" (previous value: "obj\Debug/net10.0/Vecxy.Editor.genpublishdeps.cache") at /home/melkov/.dotnet/sdk/10.0.302/Sdks/Microsoft.NET.Sdk/targets/Microsoft.NET.Sdk.targets (46,5)
                   /home/melkov/.dotnet/sdk/10.0.302/Sdks/Microsoft.NET.Sdk/targets/Microsoft.NET.Sdk.targets(48,5): message : Property reassignment: $(_GenerateSingleFileBundlePropertyInputsCache)="/mnt/projects/mlkvs/vecxy.game/Engine/Vecxy/Code/Vecxy.Editor/obj/Debug/net10.0/Vecxy.Editor.genbundle.cache" (previous value: "obj\Debug/net10.0/Vecxy.Editor.genbundle.cache") at /home/melkov/.dotnet/sdk/10.0.302/Sdks/Microsoft.NET.Sdk/targets/Microsoft.NET.Sdk.targets (48,5)
                   /home/melkov/.dotnet/sdk/10.0.302/Sdks/Microsoft.NET.Sdk/targets/Microsoft.NET.Sdk.targets(81,5): message : Property reassignment: $(GenerateRuntimeConfigDevFile)="false" (previous value: "true") at /home/melkov/.dotnet/sdk/10.0.302/Sdks/Microsoft.NET.Sdk/targets/Microsoft.NET.Sdk.targets (81,5)
                   /home/melkov/.dotnet/sdk/10.0.302/Sdks/Microsoft.NET.Sdk/targets/Microsoft.NET.Sdk.targets(97,5): message : Property 'HOME' with value '/home/melkov' expanded from the environment.
                   /home/melkov/.dotnet/sdk/10.0.302/Sdks/Microsoft.NET.Sdk/targets/Microsoft.NET.Sdk.targets(99,5): message : Property reassignment: $(_DefaultUserProfileRuntimeStorePath)="/home/melkov/.dotnet/store" (previous value: "/home/melkov") at /home/melkov/.dotnet/sdk/10.0.302/Sdks/Microsoft.NET.Sdk/targets/Microsoft.NET.Sdk.targets (99,5)
                   /home/melkov/.dotnet/sdk/10.0.302/Sdks/Microsoft.NET.Sdk/targets/Microsoft.NET.Sdk.targets(144,5): message : Property reassignment: $(AvailablePlatforms)="Any CPU,x86,x64,ARM32" (previous value: "Any CPU,x86,x64") at /home/melkov/.dotnet/sdk/10.0.302/Sdks/Microsoft.NET.Sdk/targets/Microsoft.NET.Sdk.targets (144,5)
                   /home/melkov/.dotnet/sdk/10.0.302/Sdks/Microsoft.NET.Sdk/targets/Microsoft.NET.Sdk.targets(148,5): message : Property reassignment: $(AvailablePlatforms)="Any CPU,x86,x64,ARM32,ARM64" (previous value: "Any CPU,x86,x64,ARM32") at /home/melkov/.dotnet/sdk/10.0.302/Sdks/Microsoft.NET.Sdk/targets/Microsoft.NET.Sdk.targets (148,5)
                   /home/melkov/.dotnet/sdk/10.0.302/Sdks/Microsoft.NET.Sdk/targets/Microsoft.NET.Sdk.targets(204,5): message : Property reassignment: $(CoreBuildDependsOn)="
                   /home/melkov/.dotnet/sdk/10.0.302/Sdks/Microsoft.NET.Sdk/targets/Microsoft.NET.Sdk.targets(204,5): message :       _CheckForBuildWithNoBuild;
                   /home/melkov/.dotnet/sdk/10.0.302/Sdks/Microsoft.NET.Sdk/targets/Microsoft.NET.Sdk.targets(204,5): message :       
                   /home/melkov/.dotnet/sdk/10.0.302/Sdks/Microsoft.NET.Sdk/targets/Microsoft.NET.Sdk.targets(204,5): message :       BuildOnlySettings;
                   /home/melkov/.dotnet/sdk/10.0.302/Sdks/Microsoft.NET.Sdk/targets/Microsoft.NET.Sdk.targets(204,5): message :       PrepareForBuild;
                   /home/melkov/.dotnet/sdk/10.0.302/Sdks/Microsoft.NET.Sdk/targets/Microsoft.NET.Sdk.targets(204,5): message :       PreBuildEvent;
                   /home/melkov/.dotnet/sdk/10.0.302/Sdks/Microsoft.NET.Sdk/targets/Microsoft.NET.Sdk.targets(204,5): message :       ResolveReferences;
                   /home/melkov/.dotnet/sdk/10.0.302/Sdks/Microsoft.NET.Sdk/targets/Microsoft.NET.Sdk.targets(204,5): message :       PrepareResources;
                   /home/melkov/.dotnet/sdk/10.0.302/Sdks/Microsoft.NET.Sdk/targets/Microsoft.NET.Sdk.targets(204,5): message :       ResolveKeySource;
                   /home/melkov/.dotnet/sdk/10.0.302/Sdks/Microsoft.NET.Sdk/targets/Microsoft.NET.Sdk.targets(204,5): message :       Compile;
                   /home/melkov/.dotnet/sdk/10.0.302/Sdks/Microsoft.NET.Sdk/targets/Microsoft.NET.Sdk.targets(204,5): message :       ExportWindowsMDFile;
                   /home/melkov/.dotnet/sdk/10.0.302/Sdks/Microsoft.NET.Sdk/targets/Microsoft.NET.Sdk.targets(204,5): message :       UnmanagedUnregistration;
                   /home/melkov/.dotnet/sdk/10.0.302/Sdks/Microsoft.NET.Sdk/targets/Microsoft.NET.Sdk.targets(204,5): message :       GenerateSerializationAssemblies;
                   /home/melkov/.dotnet/sdk/10.0.302/Sdks/Microsoft.NET.Sdk/targets/Microsoft.NET.Sdk.targets(204,5): message :       CreateSatelliteAssemblies;
                   /home/melkov/.dotnet/sdk/10.0.302/Sdks/Microsoft.NET.Sdk/targets/Microsoft.NET.Sdk.targets(204,5): message :       GenerateManifests;
                   /home/melkov/.dotnet/sdk/10.0.302/Sdks/Microsoft.NET.Sdk/targets/Microsoft.NET.Sdk.targets(204,5): message :       GetTargetPath;
                   /home/melkov/.dotnet/sdk/10.0.302/Sdks/Microsoft.NET.Sdk/targets/Microsoft.NET.Sdk.targets(204,5): message :       PrepareForRun;
                   /home/melkov/.dotnet/sdk/10.0.302/Sdks/Microsoft.NET.Sdk/targets/Microsoft.NET.Sdk.targets(204,5): message :       UnmanagedRegistration;
                   /home/melkov/.dotnet/sdk/10.0.302/Sdks/Microsoft.NET.Sdk/targets/Microsoft.NET.Sdk.targets(204,5): message :       IncrementalClean;
                   /home/melkov/.dotnet/sdk/10.0.302/Sdks/Microsoft.NET.Sdk/targets/Microsoft.NET.Sdk.targets(204,5): message :       PostBuildEvent
                   /home/melkov/.dotnet/sdk/10.0.302/Sdks/Microsoft.NET.Sdk/targets/Microsoft.NET.Sdk.targets(204,5): message :     ;
                   /home/melkov/.dotnet/sdk/10.0.302/Sdks/Microsoft.NET.Sdk/targets/Microsoft.NET.Sdk.targets(204,5): message :       GenerateBuildDependencyFile;
                   /home/melkov/.dotnet/sdk/10.0.302/Sdks/Microsoft.NET.Sdk/targets/Microsoft.NET.Sdk.targets(204,5): message :       GenerateBuildRuntimeConfigurationFiles
                   /home/melkov/.dotnet/sdk/10.0.302/Sdks/Microsoft.NET.Sdk/targets/Microsoft.NET.Sdk.targets(204,5): message :     " (previous value: "
                   /home/melkov/.dotnet/sdk/10.0.302/Sdks/Microsoft.NET.Sdk/targets/Microsoft.NET.Sdk.targets(204,5): message :       BuildOnlySettings;
                   /home/melkov/.dotnet/sdk/10.0.302/Sdks/Microsoft.NET.Sdk/targets/Microsoft.NET.Sdk.targets(204,5): message :       PrepareForBuild;
                   /home/melkov/.dotnet/sdk/10.0.302/Sdks/Microsoft.NET.Sdk/targets/Microsoft.NET.Sdk.targets(204,5): message :       PreBuildEvent;
                   /home/melkov/.dotnet/sdk/10.0.302/Sdks/Microsoft.NET.Sdk/targets/Microsoft.NET.Sdk.targets(204,5): message :       ResolveReferences;
                   /home/melkov/.dotnet/sdk/10.0.302/Sdks/Microsoft.NET.Sdk/targets/Microsoft.NET.Sdk.targets(204,5): message :       PrepareResources;
                   /home/melkov/.dotnet/sdk/10.0.302/Sdks/Microsoft.NET.Sdk/targets/Microsoft.NET.Sdk.targets(204,5): message :       ResolveKeySource;
                   /home/melkov/.dotnet/sdk/10.0.302/Sdks/Microsoft.NET.Sdk/targets/Microsoft.NET.Sdk.targets(204,5): message :       Compile;
                   /home/melkov/.dotnet/sdk/10.0.302/Sdks/Microsoft.NET.Sdk/targets/Microsoft.NET.Sdk.targets(204,5): message :       ExportWindowsMDFile;
                   /home/melkov/.dotnet/sdk/10.0.302/Sdks/Microsoft.NET.Sdk/targets/Microsoft.NET.Sdk.targets(204,5): message :       UnmanagedUnregistration;
                   /home/melkov/.dotnet/sdk/10.0.302/Sdks/Microsoft.NET.Sdk/targets/Microsoft.NET.Sdk.targets(204,5): message :       GenerateSerializationAssemblies;
                   /home/melkov/.dotnet/sdk/10.0.302/Sdks/Microsoft.NET.Sdk/targets/Microsoft.NET.Sdk.targets(204,5): message :       CreateSatelliteAssemblies;
                   /home/melkov/.dotnet/sdk/10.0.302/Sdks/Microsoft.NET.Sdk/targets/Microsoft.NET.Sdk.targets(204,5): message :       GenerateManifests;
                   /home/melkov/.dotnet/sdk/10.0.302/Sdks/Microsoft.NET.Sdk/targets/Microsoft.NET.Sdk.targets(204,5): message :       GetTargetPath;
                   /home/melkov/.dotnet/sdk/10.0.302/Sdks/Microsoft.NET.Sdk/targets/Microsoft.NET.Sdk.targets(204,5): message :       PrepareForRun;
                   /home/melkov/.dotnet/sdk/10.0.302/Sdks/Microsoft.NET.Sdk/targets/Microsoft.NET.Sdk.targets(204,5): message :       UnmanagedRegistration;
                   /home/melkov/.dotnet/sdk/10.0.302/Sdks/Microsoft.NET.Sdk/targets/Microsoft.NET.Sdk.targets(204,5): message :       IncrementalClean;
                   /home/melkov/.dotnet/sdk/10.0.302/Sdks/Microsoft.NET.Sdk/targets/Microsoft.NET.Sdk.targets(204,5): message :       PostBuildEvent
                   /home/melkov/.dotnet/sdk/10.0.302/Sdks/Microsoft.NET.Sdk/targets/Microsoft.NET.Sdk.targets(204,5): message :     ") at /home/melkov/.dotnet/sdk/10.0.302/Sdks/Microsoft.NET.Sdk/targets/Microsoft.NET.Sdk.targets (204,5)
                   /home/melkov/.dotnet/sdk/10.0.302/Sdks/Microsoft.NET.Sdk/targets/Microsoft.NET.Sdk.targets(213,5): message : Property reassignment: $(CoreCleanDependsOn)="
                   /home/melkov/.dotnet/sdk/10.0.302/Sdks/Microsoft.NET.Sdk/targets/Microsoft.NET.Sdk.targets(213,5): message :       _SdkBeforeClean;
                   /home/melkov/.dotnet/sdk/10.0.302/Sdks/Microsoft.NET.Sdk/targets/Microsoft.NET.Sdk.targets(213,5): message :       
                   /home/melkov/.dotnet/sdk/10.0.302/Sdks/Microsoft.NET.Sdk/targets/Microsoft.NET.Sdk.targets(213,5): message :     " (previous value: "") at /home/melkov/.dotnet/sdk/10.0.302/Sdks/Microsoft.NET.Sdk/targets/Microsoft.NET.Sdk.targets (213,5)
                   /home/melkov/.dotnet/sdk/10.0.302/Sdks/Microsoft.NET.Sdk/targets/Microsoft.NET.Sdk.targets(220,5): message : Property reassignment: $(RebuildDependsOn)="
                   /home/melkov/.dotnet/sdk/10.0.302/Sdks/Microsoft.NET.Sdk/targets/Microsoft.NET.Sdk.targets(220,5): message :       _SdkBeforeRebuild;
                   /home/melkov/.dotnet/sdk/10.0.302/Sdks/Microsoft.NET.Sdk/targets/Microsoft.NET.Sdk.targets(220,5): message :       
                   /home/melkov/.dotnet/sdk/10.0.302/Sdks/Microsoft.NET.Sdk/targets/Microsoft.NET.Sdk.targets(220,5): message :       BeforeRebuild;
                   /home/melkov/.dotnet/sdk/10.0.302/Sdks/Microsoft.NET.Sdk/targets/Microsoft.NET.Sdk.targets(220,5): message :       Clean;
                   /home/melkov/.dotnet/sdk/10.0.302/Sdks/Microsoft.NET.Sdk/targets/Microsoft.NET.Sdk.targets(220,5): message :       Build;
                   /home/melkov/.dotnet/sdk/10.0.302/Sdks/Microsoft.NET.Sdk/targets/Microsoft.NET.Sdk.targets(220,5): message :       AfterRebuild;
                   /home/melkov/.dotnet/sdk/10.0.302/Sdks/Microsoft.NET.Sdk/targets/Microsoft.NET.Sdk.targets(220,5): message :     
                   /home/melkov/.dotnet/sdk/10.0.302/Sdks/Microsoft.NET.Sdk/targets/Microsoft.NET.Sdk.targets(220,5): message :     " (previous value: "
                   /home/melkov/.dotnet/sdk/10.0.302/Sdks/Microsoft.NET.Sdk/targets/Microsoft.NET.Sdk.targets(220,5): message :       BeforeRebuild;
                   /home/melkov/.dotnet/sdk/10.0.302/Sdks/Microsoft.NET.Sdk/targets/Microsoft.NET.Sdk.targets(220,5): message :       Clean;
                   /home/melkov/.dotnet/sdk/10.0.302/Sdks/Microsoft.NET.Sdk/targets/Microsoft.NET.Sdk.targets(220,5): message :       Build;
                   /home/melkov/.dotnet/sdk/10.0.302/Sdks/Microsoft.NET.Sdk/targets/Microsoft.NET.Sdk.targets(220,5): message :       AfterRebuild;
                   /home/melkov/.dotnet/sdk/10.0.302/Sdks/Microsoft.NET.Sdk/targets/Microsoft.NET.Sdk.targets(220,5): message :     ") at /home/melkov/.dotnet/sdk/10.0.302/Sdks/Microsoft.NET.Sdk/targets/Microsoft.NET.Sdk.targets (220,5)
                   /home/melkov/.dotnet/sdk/10.0.302/Sdks/Microsoft.NET.Sdk/targets/Microsoft.NET.Sdk.targets(799,5): message : Property reassignment: $(CompileDependsOn)="
                   /home/melkov/.dotnet/sdk/10.0.302/Sdks/Microsoft.NET.Sdk/targets/Microsoft.NET.Sdk.targets(799,5): message :       
                   /home/melkov/.dotnet/sdk/10.0.302/Sdks/Microsoft.NET.Sdk/targets/Microsoft.NET.Sdk.targets(799,5): message :       ResolveReferences;
                   /home/melkov/.dotnet/sdk/10.0.302/Sdks/Microsoft.NET.Sdk/targets/Microsoft.NET.Sdk.targets(799,5): message :       ResolveKeySource;
                   /home/melkov/.dotnet/sdk/10.0.302/Sdks/Microsoft.NET.Sdk/targets/Microsoft.NET.Sdk.targets(799,5): message :       SetWin32ManifestProperties;
                   /home/melkov/.dotnet/sdk/10.0.302/Sdks/Microsoft.NET.Sdk/targets/Microsoft.NET.Sdk.targets(799,5): message :       _SetPreferNativeArm64Win32ManifestProperties;
                   /home/melkov/.dotnet/sdk/10.0.302/Sdks/Microsoft.NET.Sdk/targets/Microsoft.NET.Sdk.targets(799,5): message :       FindReferenceAssembliesForReferences;
                   /home/melkov/.dotnet/sdk/10.0.302/Sdks/Microsoft.NET.Sdk/targets/Microsoft.NET.Sdk.targets(799,5): message :       _GenerateCompileInputs;
                   /home/melkov/.dotnet/sdk/10.0.302/Sdks/Microsoft.NET.Sdk/targets/Microsoft.NET.Sdk.targets(799,5): message :       BeforeCompile;
                   /home/melkov/.dotnet/sdk/10.0.302/Sdks/Microsoft.NET.Sdk/targets/Microsoft.NET.Sdk.targets(799,5): message :       _TimeStampBeforeCompile;
                   /home/melkov/.dotnet/sdk/10.0.302/Sdks/Microsoft.NET.Sdk/targets/Microsoft.NET.Sdk.targets(799,5): message :       _GenerateCompileDependencyCache;
                   /home/melkov/.dotnet/sdk/10.0.302/Sdks/Microsoft.NET.Sdk/targets/Microsoft.NET.Sdk.targets(799,5): message :       CoreCompile;
                   /home/melkov/.dotnet/sdk/10.0.302/Sdks/Microsoft.NET.Sdk/targets/Microsoft.NET.Sdk.targets(799,5): message :       _TimeStampAfterCompile;
                   /home/melkov/.dotnet/sdk/10.0.302/Sdks/Microsoft.NET.Sdk/targets/Microsoft.NET.Sdk.targets(799,5): message :       AfterCompile;
                   /home/melkov/.dotnet/sdk/10.0.302/Sdks/Microsoft.NET.Sdk/targets/Microsoft.NET.Sdk.targets(799,5): message :     ;
                   /home/melkov/.dotnet/sdk/10.0.302/Sdks/Microsoft.NET.Sdk/targets/Microsoft.NET.Sdk.targets(799,5): message :       _CreateAppHost;
                   /home/melkov/.dotnet/sdk/10.0.302/Sdks/Microsoft.NET.Sdk/targets/Microsoft.NET.Sdk.targets(799,5): message :       _CreateComHost;
                   /home/melkov/.dotnet/sdk/10.0.302/Sdks/Microsoft.NET.Sdk/targets/Microsoft.NET.Sdk.targets(799,5): message :       _GetIjwHostPaths;
                   /home/melkov/.dotnet/sdk/10.0.302/Sdks/Microsoft.NET.Sdk/targets/Microsoft.NET.Sdk.targets(799,5): message :     " (previous value: "
                   /home/melkov/.dotnet/sdk/10.0.302/Sdks/Microsoft.NET.Sdk/targets/Microsoft.NET.Sdk.targets(799,5): message :       ResolveReferences;
                   /home/melkov/.dotnet/sdk/10.0.302/Sdks/Microsoft.NET.Sdk/targets/Microsoft.NET.Sdk.targets(799,5): message :       ResolveKeySource;
                   /home/melkov/.dotnet/sdk/10.0.302/Sdks/Microsoft.NET.Sdk/targets/Microsoft.NET.Sdk.targets(799,5): message :       SetWin32ManifestProperties;
                   /home/melkov/.dotnet/sdk/10.0.302/Sdks/Microsoft.NET.Sdk/targets/Microsoft.NET.Sdk.targets(799,5): message :       _SetPreferNativeArm64Win32ManifestProperties;
                   /home/melkov/.dotnet/sdk/10.0.302/Sdks/Microsoft.NET.Sdk/targets/Microsoft.NET.Sdk.targets(799,5): message :       FindReferenceAssembliesForReferences;
                   /home/melkov/.dotnet/sdk/10.0.302/Sdks/Microsoft.NET.Sdk/targets/Microsoft.NET.Sdk.targets(799,5): message :       _GenerateCompileInputs;
                   /home/melkov/.dotnet/sdk/10.0.302/Sdks/Microsoft.NET.Sdk/targets/Microsoft.NET.Sdk.targets(799,5): message :       BeforeCompile;
                   /home/melkov/.dotnet/sdk/10.0.302/Sdks/Microsoft.NET.Sdk/targets/Microsoft.NET.Sdk.targets(799,5): message :       _TimeStampBeforeCompile;
                   /home/melkov/.dotnet/sdk/10.0.302/Sdks/Microsoft.NET.Sdk/targets/Microsoft.NET.Sdk.targets(799,5): message :       _GenerateCompileDependencyCache;
                   /home/melkov/.dotnet/sdk/10.0.302/Sdks/Microsoft.NET.Sdk/targets/Microsoft.NET.Sdk.targets(799,5): message :       CoreCompile;
                   /home/melkov/.dotnet/sdk/10.0.302/Sdks/Microsoft.NET.Sdk/targets/Microsoft.NET.Sdk.targets(799,5): message :       _TimeStampAfterCompile;
                   /home/melkov/.dotnet/sdk/10.0.302/Sdks/Microsoft.NET.Sdk/targets/Microsoft.NET.Sdk.targets(799,5): message :       AfterCompile;
                   /home/melkov/.dotnet/sdk/10.0.302/Sdks/Microsoft.NET.Sdk/targets/Microsoft.NET.Sdk.targets(799,5): message :     ") at /home/melkov/.dotnet/sdk/10.0.302/Sdks/Microsoft.NET.Sdk/targets/Microsoft.NET.Sdk.targets (799,5)
                   /home/melkov/.dotnet/sdk/10.0.302/Sdks/Microsoft.NET.Sdk/targets/Microsoft.NET.Sdk.targets(1131,5): message : Property reassignment: $(CreateSatelliteAssembliesDependsOn)="
                   /home/melkov/.dotnet/sdk/10.0.302/Sdks/Microsoft.NET.Sdk/targets/Microsoft.NET.Sdk.targets(1131,5): message :       
                   /home/melkov/.dotnet/sdk/10.0.302/Sdks/Microsoft.NET.Sdk/targets/Microsoft.NET.Sdk.targets(1131,5): message :       ;
                   /home/melkov/.dotnet/sdk/10.0.302/Sdks/Microsoft.NET.Sdk/targets/Microsoft.NET.Sdk.targets(1131,5): message :       _GenerateSatelliteAssemblyInputs;
                   /home/melkov/.dotnet/sdk/10.0.302/Sdks/Microsoft.NET.Sdk/targets/Microsoft.NET.Sdk.targets(1131,5): message :       ComputeIntermediateSatelliteAssemblies;
                   /home/melkov/.dotnet/sdk/10.0.302/Sdks/Microsoft.NET.Sdk/targets/Microsoft.NET.Sdk.targets(1131,5): message :       GenerateSatelliteAssemblies
                   /home/melkov/.dotnet/sdk/10.0.302/Sdks/Microsoft.NET.Sdk/targets/Microsoft.NET.Sdk.targets(1131,5): message :     ;
                   /home/melkov/.dotnet/sdk/10.0.302/Sdks/Microsoft.NET.Sdk/targets/Microsoft.NET.Sdk.targets(1131,5): message :       CoreGenerateSatelliteAssemblies
                   /home/melkov/.dotnet/sdk/10.0.302/Sdks/Microsoft.NET.Sdk/targets/Microsoft.NET.Sdk.targets(1131,5): message :     " (previous value: "
                   /home/melkov/.dotnet/sdk/10.0.302/Sdks/Microsoft.NET.Sdk/targets/Microsoft.NET.Sdk.targets(1131,5): message :       ;
                   /home/melkov/.dotnet/sdk/10.0.302/Sdks/Microsoft.NET.Sdk/targets/Microsoft.NET.Sdk.targets(1131,5): message :       _GenerateSatelliteAssemblyInputs;
                   /home/melkov/.dotnet/sdk/10.0.302/Sdks/Microsoft.NET.Sdk/targets/Microsoft.NET.Sdk.targets(1131,5): message :       ComputeIntermediateSatelliteAssemblies;
                   /home/melkov/.dotnet/sdk/10.0.302/Sdks/Microsoft.NET.Sdk/targets/Microsoft.NET.Sdk.targets(1131,5): message :       GenerateSatelliteAssemblies
                   /home/melkov/.dotnet/sdk/10.0.302/Sdks/Microsoft.NET.Sdk/targets/Microsoft.NET.Sdk.targets(1131,5): message :     ") at /home/melkov/.dotnet/sdk/10.0.302/Sdks/Microsoft.NET.Sdk/targets/Microsoft.NET.Sdk.targets (1131,5)
                   /home/melkov/.dotnet/sdk/10.0.302/Sdks/Microsoft.SourceLink.GitLab/build/Microsoft.SourceLink.GitLab.targets(12,5): message : Property reassignment: $(SourceLinkUrlInitializerTargets)=";_InitializeGitHubSourceLinkUrl;_InitializeGitLabSourceLinkUrl" (previous value: ";_InitializeGitHubSourceLinkUrl") at /home/melkov/.dotnet/sdk/10.0.302/Sdks/Microsoft.SourceLink.GitLab/build/Microsoft.SourceLink.GitLab.targets (12,5)
                   /home/melkov/.dotnet/sdk/10.0.302/Sdks/Microsoft.SourceLink.GitLab/build/Microsoft.SourceLink.GitLab.targets(13,5): message : Property reassignment: $(SourceControlManagerUrlTranslationTargets)=";TranslateGitHubUrlsInSourceControlInformation;TranslateGitLabUrlsInSourceControlInformation" (previous value: ";TranslateGitHubUrlsInSourceControlInformation") at /home/melkov/.dotnet/sdk/10.0.302/Sdks/Microsoft.SourceLink.GitLab/build/Microsoft.SourceLink.GitLab.targets (13,5)
                   /home/melkov/.dotnet/sdk/10.0.302/Sdks/Microsoft.SourceLink.AzureRepos.Git/build/Microsoft.SourceLink.AzureRepos.Git.targets(12,5): message : Property reassignment: $(SourceLinkUrlInitializerTargets)=";_InitializeGitHubSourceLinkUrl;_InitializeGitLabSourceLinkUrl;_InitializeAzureReposGitSourceLinkUrl" (previous value: ";_InitializeGitHubSourceLinkUrl;_InitializeGitLabSourceLinkUrl") at /home/melkov/.dotnet/sdk/10.0.302/Sdks/Microsoft.SourceLink.AzureRepos.Git/build/Microsoft.SourceLink.AzureRepos.Git.targets (12,5)
                   /home/melkov/.dotnet/sdk/10.0.302/Sdks/Microsoft.SourceLink.AzureRepos.Git/build/Microsoft.SourceLink.AzureRepos.Git.targets(13,5): message : Property reassignment: $(SourceControlManagerUrlTranslationTargets)=";TranslateGitHubUrlsInSourceControlInformation;TranslateGitLabUrlsInSourceControlInformation;TranslateAzureReposGitUrlsInSourceControlInformation" (previous value: ";TranslateGitHubUrlsInSourceControlInformation;TranslateGitLabUrlsInSourceControlInformation") at /home/melkov/.dotnet/sdk/10.0.302/Sdks/Microsoft.SourceLink.AzureRepos.Git/build/Microsoft.SourceLink.AzureRepos.Git.targets (13,5)
                   /home/melkov/.dotnet/sdk/10.0.302/Sdks/Microsoft.SourceLink.Bitbucket.Git/build/Microsoft.SourceLink.Bitbucket.Git.targets(12,5): message : Property reassignment: $(SourceLinkUrlInitializerTargets)=";_InitializeGitHubSourceLinkUrl;_InitializeGitLabSourceLinkUrl;_InitializeAzureReposGitSourceLinkUrl;_InitializeBitbucketGitSourceLinkUrl" (previous value: ";_InitializeGitHubSourceLinkUrl;_InitializeGitLabSourceLinkUrl;_InitializeAzureReposGitSourceLinkUrl") at /home/melkov/.dotnet/sdk/10.0.302/Sdks/Microsoft.SourceLink.Bitbucket.Git/build/Microsoft.SourceLink.Bitbucket.Git.targets (12,5)
                   /home/melkov/.dotnet/sdk/10.0.302/Sdks/Microsoft.SourceLink.Bitbucket.Git/build/Microsoft.SourceLink.Bitbucket.Git.targets(13,5): message : Property reassignment: $(SourceControlManagerUrlTranslationTargets)=";TranslateGitHubUrlsInSourceControlInformation;TranslateGitLabUrlsInSourceControlInformation;TranslateAzureReposGitUrlsInSourceControlInformation;TranslateBitbucketGitUrlsInSourceControlInformation" (previous value: ";TranslateGitHubUrlsInSourceControlInformation;TranslateGitLabUrlsInSourceControlInformation;TranslateAzureReposGitUrlsInSourceControlInformation") at /home/melkov/.dotnet/sdk/10.0.302/Sdks/Microsoft.SourceLink.Bitbucket.Git/build/Microsoft.SourceLink.Bitbucket.Git.targets (13,5)
                   /home/melkov/.dotnet/sdk/10.0.302/Sdks/Microsoft.NET.Sdk/targets/Microsoft.NET.DesignerSupport.targets(21,5): message : Property reassignment: $(DesignerRuntimeImplementationProjectOutputGroupDependsOn)="
                   /home/melkov/.dotnet/sdk/10.0.302/Sdks/Microsoft.NET.Sdk/targets/Microsoft.NET.DesignerSupport.targets(21,5): message :       
                   /home/melkov/.dotnet/sdk/10.0.302/Sdks/Microsoft.NET.Sdk/targets/Microsoft.NET.DesignerSupport.targets(21,5): message :       ;
                   /home/melkov/.dotnet/sdk/10.0.302/Sdks/Microsoft.NET.Sdk/targets/Microsoft.NET.DesignerSupport.targets(21,5): message :       
                   /home/melkov/.dotnet/sdk/10.0.302/Sdks/Microsoft.NET.Sdk/targets/Microsoft.NET.DesignerSupport.targets(21,5): message :       ;
                   /home/melkov/.dotnet/sdk/10.0.302/Sdks/Microsoft.NET.Sdk/targets/Microsoft.NET.DesignerSupport.targets(21,5): message :       BuildOnlySettings;
                   /home/melkov/.dotnet/sdk/10.0.302/Sdks/Microsoft.NET.Sdk/targets/Microsoft.NET.DesignerSupport.targets(21,5): message :       PrepareForBuild;
                   /home/melkov/.dotnet/sdk/10.0.302/Sdks/Microsoft.NET.Sdk/targets/Microsoft.NET.DesignerSupport.targets(21,5): message :       AssignTargetPaths;
                   /home/melkov/.dotnet/sdk/10.0.302/Sdks/Microsoft.NET.Sdk/targets/Microsoft.NET.DesignerSupport.targets(21,5): message :       ResolveReferences
                   /home/melkov/.dotnet/sdk/10.0.302/Sdks/Microsoft.NET.Sdk/targets/Microsoft.NET.DesignerSupport.targets(21,5): message :     
                   /home/melkov/.dotnet/sdk/10.0.302/Sdks/Microsoft.NET.Sdk/targets/Microsoft.NET.DesignerSupport.targets(21,5): message :     ;
                   /home/melkov/.dotnet/sdk/10.0.302/Sdks/Microsoft.NET.Sdk/targets/Microsoft.NET.DesignerSupport.targets(21,5): message :       _GenerateDesignerDepsFile;
                   /home/melkov/.dotnet/sdk/10.0.302/Sdks/Microsoft.NET.Sdk/targets/Microsoft.NET.DesignerSupport.targets(21,5): message :       _GenerateDesignerRuntimeConfigFile;
                   /home/melkov/.dotnet/sdk/10.0.302/Sdks/Microsoft.NET.Sdk/targets/Microsoft.NET.DesignerSupport.targets(21,5): message :       GetCopyToOutputDirectoryItems;
                   /home/melkov/.dotnet/sdk/10.0.302/Sdks/Microsoft.NET.Sdk/targets/Microsoft.NET.DesignerSupport.targets(21,5): message :       _GatherDesignerShadowCopyFiles;
                   /home/melkov/.dotnet/sdk/10.0.302/Sdks/Microsoft.NET.Sdk/targets/Microsoft.NET.DesignerSupport.targets(21,5): message :     " (previous value: "
                   /home/melkov/.dotnet/sdk/10.0.302/Sdks/Microsoft.NET.Sdk/targets/Microsoft.NET.DesignerSupport.targets(21,5): message :       ;
                   /home/melkov/.dotnet/sdk/10.0.302/Sdks/Microsoft.NET.Sdk/targets/Microsoft.NET.DesignerSupport.targets(21,5): message :       
                   /home/melkov/.dotnet/sdk/10.0.302/Sdks/Microsoft.NET.Sdk/targets/Microsoft.NET.DesignerSupport.targets(21,5): message :       ;
                   /home/melkov/.dotnet/sdk/10.0.302/Sdks/Microsoft.NET.Sdk/targets/Microsoft.NET.DesignerSupport.targets(21,5): message :       BuildOnlySettings;
                   /home/melkov/.dotnet/sdk/10.0.302/Sdks/Microsoft.NET.Sdk/targets/Microsoft.NET.DesignerSupport.targets(21,5): message :       PrepareForBuild;
                   /home/melkov/.dotnet/sdk/10.0.302/Sdks/Microsoft.NET.Sdk/targets/Microsoft.NET.DesignerSupport.targets(21,5): message :       AssignTargetPaths;
                   /home/melkov/.dotnet/sdk/10.0.302/Sdks/Microsoft.NET.Sdk/targets/Microsoft.NET.DesignerSupport.targets(21,5): message :       ResolveReferences
                   /home/melkov/.dotnet/sdk/10.0.302/Sdks/Microsoft.NET.Sdk/targets/Microsoft.NET.DesignerSupport.targets(21,5): message :     
                   /home/melkov/.dotnet/sdk/10.0.302/Sdks/Microsoft.NET.Sdk/targets/Microsoft.NET.DesignerSupport.targets(21,5): message :     ") at /home/melkov/.dotnet/sdk/10.0.302/Sdks/Microsoft.NET.Sdk/targets/Microsoft.NET.DesignerSupport.targets (21,5)
                   /home/melkov/.dotnet/sdk/10.0.302/Sdks/Microsoft.NET.Sdk/targets/Microsoft.NET.Sdk.CSharp.targets(31,5): message : Property reassignment: $(DefineConstants)="TRACE;DEBUG" (previous value: "TRACE") at /home/melkov/.dotnet/sdk/10.0.302/Sdks/Microsoft.NET.Sdk/targets/Microsoft.NET.Sdk.CSharp.targets (31,5)
                   /home/melkov/.dotnet/sdk/10.0.302/Sdks/Microsoft.NET.Sdk/targets/Microsoft.NET.Sdk.CSharp.targets(45,5): message : Property reassignment: $(WarningsAsErrors)=";NU1605;SYSLIB0011" (previous value: ";NU1605") at /home/melkov/.dotnet/sdk/10.0.302/Sdks/Microsoft.NET.Sdk/targets/Microsoft.NET.Sdk.CSharp.targets (45,5)
                   /home/melkov/.dotnet/sdk/10.0.302/NuGet.Build.Tasks.Pack.targets(34,5): message : Property reassignment: $(PackageDescription)="Package Description" (previous value: "") at /home/melkov/.dotnet/sdk/10.0.302/NuGet.Build.Tasks.Pack.targets (34,5)
                   /home/melkov/.dotnet/sdk/10.0.302/NuGet.Build.Tasks.Pack.targets(59,5): message : Property reassignment: $(GenerateNuspecDependsOn)="Build;_LoadPackInputItems; _GetTargetFrameworksOutput; _WalkEachTargetPerFramework; _GetPackageFiles; " (previous value: "_LoadPackInputItems; _GetTargetFrameworksOutput; _WalkEachTargetPerFramework; _GetPackageFiles; ") at /home/melkov/.dotnet/sdk/10.0.302/NuGet.Build.Tasks.Pack.targets (59,5)
                   /home/melkov/.dotnet/sdk/10.0.302/Sdks/Microsoft.NET.Sdk/Sdk/Sdk.targets(59,5): message : Property reassignment: $(_IsNotSetContainersTargetsDir)="true" (previous value: "false") at /home/melkov/.dotnet/sdk/10.0.302/Sdks/Microsoft.NET.Sdk/Sdk/Sdk.targets (59,5)
                   /home/melkov/.dotnet/sdk/10.0.302/Containers/build/Microsoft.NET.Build.Containers.targets(5,5): message : Property reassignment: $(_IsSDKContainerAllowedVersion)="true" (previous value: "false") at /home/melkov/.dotnet/sdk/10.0.302/Containers/build/Microsoft.NET.Build.Containers.targets (5,5)
                   /home/melkov/.dotnet/sdk/10.0.302/Containers/build/Microsoft.NET.Build.Containers.targets(15,5): message : Property reassignment: $(_ContainerIsTargetingNet8TFM)="true" (previous value: "false") at /home/melkov/.dotnet/sdk/10.0.302/Containers/build/Microsoft.NET.Build.Containers.targets (15,5)
                   Overriding target "ResolveFrameworkReferences" in project "/home/melkov/.dotnet/sdk/10.0.302/Microsoft.Common.CurrentVersion.targets" with target "ResolveFrameworkReferences" from project "/home/melkov/.dotnet/sdk/10.0.302/Sdks/Microsoft.NET.Sdk/targets/Microsoft.NET.Sdk.FrameworkReferenceResolution.targets".
                   Overriding target "GenerateSupportedTargetFrameworkAlias" in project "/home/melkov/.dotnet/sdk/10.0.302/Microsoft.Common.CurrentVersion.targets" with target "GenerateSupportedTargetFrameworkAlias" from project "/home/melkov/.dotnet/sdk/10.0.302/Sdks/Microsoft.NET.Sdk/targets/Microsoft.NET.Sdk.targets".
                   Overriding target "GetReferenceAssemblyPaths" in project "/home/melkov/.dotnet/sdk/10.0.302/Microsoft.Common.CurrentVersion.targets" with target "GetReferenceAssemblyPaths" from project "/home/melkov/.dotnet/sdk/10.0.302/Sdks/Microsoft.NET.Sdk/targets/Microsoft.NET.DisableStandardFrameworkResolution.targets".
                   Overriding target "GetFrameworkPaths" in project "/home/melkov/.dotnet/sdk/10.0.302/Microsoft.Common.CurrentVersion.targets" with target "GetFrameworkPaths" from project "/home/melkov/.dotnet/sdk/10.0.302/Sdks/Microsoft.NET.Sdk/targets/Microsoft.NET.DisableStandardFrameworkResolution.targets".
                   Overriding target "DesignerRuntimeImplementationProjectOutputGroup" in project "/home/melkov/.dotnet/sdk/10.0.302/Microsoft.Common.CurrentVersion.targets" with target "DesignerRuntimeImplementationProjectOutputGroup" from project "/home/melkov/.dotnet/sdk/10.0.302/Sdks/Microsoft.NET.Sdk/targets/Microsoft.NET.DesignerSupport.targets".
                   Overriding target "Publish" in project "/home/melkov/.dotnet/sdk/10.0.302/Microsoft.Common.CurrentVersion.targets" with target "Publish" from project "/home/melkov/.dotnet/sdk/10.0.302/Sdks/Microsoft.NET.Sdk/targets/Microsoft.NET.Publish.targets".
                   Overriding target "ResolveReadyToRunCompilers" in project "/home/melkov/.dotnet/sdk/10.0.302/Sdks/Microsoft.NET.Sdk/targets/Microsoft.NET.CrossGen.targets" with target "ResolveReadyToRunCompilers" from project "/home/melkov/.dotnet/sdk/10.0.302/Sdks/Microsoft.NET.Sdk/targets/Microsoft.NET.Publish.targets".
                   Overriding target "GetCopyToPublishDirectoryItems" in project "/home/melkov/.dotnet/sdk/10.0.302/Microsoft.Common.CurrentVersion.targets" with target "GetCopyToPublishDirectoryItems" from project "/home/melkov/.dotnet/sdk/10.0.302/Sdks/Microsoft.NET.Sdk/targets/Microsoft.NET.Publish.targets".
                   Overriding target "Run" in project "/home/melkov/.dotnet/sdk/10.0.302/Microsoft.Common.CurrentVersion.targets" with target "Run" from project "/home/melkov/.dotnet/sdk/10.0.302/Sdks/Microsoft.NET.Sdk/targets/Microsoft.NET.Sdk.targets".
00:59:18.512     0>Initial Properties:
                   __DisableWorkloadResolverSentinelPath = /home/melkov/.dotnet/sdk/10.0.302/DisableWorkloadResolver.sentinel
                   __WindowsAppSdkDefaultImageIncludes = **/*.png;**/*.bmp;**/*.jpg;**/*.dds;**/*.tif;**/*.tga;**/*.gif
                   _AfterSdkPublishDependsOn = Publish
                   _ApiCompatValidatePackageSemaphoreFile = obj\Debug/net10.0/Microsoft.NET.ApiCompat.ValidatePackage.semaphore
                   _BeforePublishNoBuildTargets = 
                         BuildOnlySettings;
                         _PreventProjectReferencesFromBuilding;
                         ResolveReferences;
                         PrepareResourceNames;
                         ComputeIntermediateSatelliteAssemblies;
                         ComputeEmbeddedApphostPaths;
                       
                   _BinaryFormatterObsoleteAsError = true
                   _BuildTasksAssemblyName = Microsoft.Build.Tasks.CodeAnalysis
                   _BuildTasksDirectory = /home/melkov/.dotnet/sdk/10.0.302/Sdks/Microsoft.NET.Sdk/targets/../../../Roslyn/
                   _ContainerIsSelfContained = false
                   _ContainerIsTargetingNet8TFM = true
                   _ContainersTargetsDir = /home/melkov/.dotnet/sdk/10.0.302/Sdks/Microsoft.NET.Sdk/Sdk/../../../Containers/build/
                   _CorePublishTargets = 
                         PrepareForPublish;
                         ComputeAndCopyFilesToPublishDirectory;
                         ;
                         PublishItemsOutputGroup;
                       
                   _DebugSymbolsProduced = true
                   _DefaultArtifactsPathPropsImported = true
                   _DefaultUserProfileRuntimeStorePath = /home/melkov/.dotnet/store
                   _DeploymentApplicationManifestIdentity = Native.Vecxy.Editor
                   _DeploymentBuiltUpdateInterval = 0
                   _DeploymentBuiltUpdateIntervalUnits = Days
                   _DeploymentDeployManifestIdentity = Vecxy.Editor.application
                   _DeploymentFileMappingExtension = 
                   _DeploymentLauncherBased = true
                   _DeploymentTargetApplicationManifestFileName = Native.Vecxy.Editor.manifest
                   _DeploymentUrl = 
                   _DesignerDepsFileName = Vecxy.Editor.designer.deps.json
                   _DesignerDepsFilePath = obj\Debug/net10.0/Vecxy.Editor.designer.deps.json
                   _DesignerRuntimeConfigFileName = Vecxy.Editor.designer.runtimeconfig.json
                   _DesignerRuntimeConfigFilePath = obj\Debug/net10.0/Vecxy.Editor.designer.runtimeconfig.json
                   _DirectoryBuildPropsBasePath = /mnt/projects/mlkvs/vecxy.game/Engine/Vecxy
                   _DirectoryBuildPropsFile = Directory.Build.props
                   _DirectoryBuildTargetsBasePath = 
                   _DirectoryBuildTargetsFile = Directory.Build.targets
                   _DirectoryPackagesPropsBasePath = 
                   _DirectoryPackagesPropsFile = Directory.Packages.props
                   _DocumentationFileProduced = false
                   _DotNetAppHostExecutableName = apphost
                   _DotNetAppHostExecutableNameWithoutExtension = apphost
                   _DotNetComHostLibraryName = comhost
                   _DotNetComHostLibraryNameWithoutExtension = comhost
                   _DotNetHostExecutableName = dotnet
                   _DotNetHostFxrLibraryName = libhostfxr.so
                   _DotNetHostPolicyLibraryName = libhostpolicy.so
                   _DotNetIjwHostLibraryName = Ijwhost
                   _DotNetIjwHostLibraryNameWithoutExtension = Ijwhost
                   _DotNetSingleFileHostExecutableNameWithoutExtension = singlefilehost
                   _EnableDefaultWindowsPlatform = false
                   _FirstTargetFrameworkToSupportAot = net7.0
                   _FirstTargetFrameworkToSupportSingleFile = net6.0
                   _FirstTargetFrameworkToSupportTrimming = net6.0
                   _FirstTargetFrameworkVersionToSupportAotAnalyzer = 7.0
                   _FirstTargetFrameworkVersionToSupportSingleFileAnalyzer = 6.0
                   _FirstTargetFrameworkVersionToSupportTrimAnalyzer = 6.0
                   _GenerateBindingRedirectsIntermediateAppConfig = obj\Debug/net10.0/Vecxy.Editor.dll.config
                   _GeneratePublishDependencyFilePropertyInputsCache = /mnt/projects/mlkvs/vecxy.game/Engine/Vecxy/Code/Vecxy.Editor/obj/Debug/net10.0/Vecxy.Editor.genpublishdeps.cache
                   _GenerateRestoreGraphProjectEntryInputProperties = ExcludeRestorePackageImports=true
                   _GenerateRuntimeConfigurationPropertyInputsCache = /mnt/projects/mlkvs/vecxy.game/Engine/Vecxy/Code/Vecxy.Editor/obj/Debug/net10.0/Vecxy.Editor.genruntimeconfig.cache
                   _GenerateSingleFileBundlePropertyInputsCache = /mnt/projects/mlkvs/vecxy.game/Engine/Vecxy/Code/Vecxy.Editor/obj/Debug/net10.0/Vecxy.Editor.genbundle.cache
                   _GenerateSourceLinkFileBeforeTargets = CoreCompile
                   _GenerateSourceLinkFileDependsOnTargets = 
                   _GenerateSupportedRuntimeIntermediateAppConfig = obj\Debug/net10.0/Vecxy.Editor.dll.withSupportedRuntime.config
                   _GetChildProjectCopyToOutputDirectoryItems = true
                   _GetChildProjectCopyToPublishDirectoryItems = true
                   _InitialBaseIntermediateOutputPath = obj\
                   _InitialMSBuildProjectExtensionsPath = /mnt/projects/mlkvs/vecxy.game/Engine/Vecxy/Code/Vecxy.Editor/obj/
                   _IsDisjointMSBuildVersion = False
                   _IsNETCoreOrNETStandard = true
                   _IsNotSetContainersTargetsDir = true
                   _IsSDKContainerAllowedVersion = true
                   _LatestAnalysisLevel = 10.0
                   _MaxAvailableLangVersion = 14.0
                   _MaxSupportedLangVersion = 14.0
                   _MicrosoftSourceLinkCommonAssemblyFile = /home/melkov/.dotnet/sdk/10.0.302/Sdks/Microsoft.SourceLink.Common/build/../tools/net/Microsoft.SourceLink.Common.dll
                   _MinimumNonEolSupportedNetCoreTargetFramework = net8.0
                   _MSBuildVersionMajorMinor = 18.6
                   _NativeLibraryExtension = .so
                   _NativeLibraryPrefix = lib
                   _NETAnalyzersSDKAssemblyVersion = 10.0.302
                   _NETCoreSdkIsPreview = false
                   _NetFrameworkHostedCompilersVersion = 5.6.0-2.26329.109
                   _NoneAnalysisLevel = 4.0
                   _NugetFallbackFolder = /home/melkov/.dotnet/sdk/10.0.302/Sdks/Microsoft.NET.Sdk/targets/../../../../NuGetFallbackFolder
                   _NugetTargetMonikerAndRID = .NETCoreApp,Version=v10.0
                   _OriginalConfiguration = Debug
                   _OriginalPlatform = AnyCPU
                   _PlatformWithoutConfigurationInference = AnyCPU
                   _PreviewAnalysisLevel = 11.0
                   _ProjectDefaultTargets = Build
                   _PublishNoBuildAlternativeDependsOn = 
                         BuildOnlySettings;
                         _PreventProjectReferencesFromBuilding;
                         ResolveReferences;
                         PrepareResourceNames;
                         ComputeIntermediateSatelliteAssemblies;
                         ComputeEmbeddedApphostPaths;
                       ;
                         PrepareForPublish;
                         ComputeAndCopyFilesToPublishDirectory;
                         ;
                         PublishItemsOutputGroup;
                       
                   _PublishProfileDesignerFolder = Properties
                   _PublishProfileRootFolder = /mnt/projects/mlkvs/vecxy.game/Engine/Vecxy/Code/Vecxy.Editor/Properties/PublishProfiles/
                   _RecursiveTargetForContentCopying = GetCopyToOutputDirectoryItems
                   _ResolveReferenceDependencies = false
                   _RuntimePackInWorkloadVersion6 = 6.0.36
                   _RuntimePackInWorkloadVersion7 = 7.0.20
                   _RuntimePackInWorkloadVersion8 = 8.0.29
                   _RuntimePackInWorkloadVersion9 = 9.0.18
                   _RuntimePackInWorkloadVersionCurrent = 10.0.10
                   _SGenDllCreated = false
                   _SGenDllName = Vecxy.Editor.XmlSerializers.dll
                   _SGenGenerateSerializationAssembliesConfig = Off
                   _SourceLinkAzureReposGitAssemblyFile = /home/melkov/.dotnet/sdk/10.0.302/Sdks/Microsoft.SourceLink.AzureRepos.Git/build/../tools/net/Microsoft.SourceLink.AzureRepos.Git.dll
                   _SourceLinkBitbucketAssemblyFile = /home/melkov/.dotnet/sdk/10.0.302/Sdks/Microsoft.SourceLink.Bitbucket.Git/build/../tools/net/Microsoft.SourceLink.Bitbucket.Git.dll
                   _SourceLinkGitHubAssemblyFile = /home/melkov/.dotnet/sdk/10.0.302/Sdks/Microsoft.SourceLink.GitHub/build/../tools/net/Microsoft.SourceLink.GitHub.dll
                   _SourceLinkGitLabAssemblyFile = /home/melkov/.dotnet/sdk/10.0.302/Sdks/Microsoft.SourceLink.GitLab/build/../tools/net/Microsoft.SourceLink.GitLab.dll
                   _SourceLinkPropsImported = true
                   _SourceLinkSdkSubDir = build
                   _SupportedArchitectures = amd64 arm64
                   _SupportedPlatformList = @(SupportedPlatform, ',')
                   _TargetFrameworkDirectories = 
                   _TargetFrameworkVersionValue = 0.0
                   _TargetFrameworkVersionWithoutV = 10.0
                   _TargetLatestRuntimePatchIsDefault = true
                   _TargetPlatformVersionUsesCsWinRT3 = false
                   _TargetsThatPrepareProjectReferences = 
                         AssignProjectConfiguration;
                         _SplitProjectReferencesByFileExistence
                       
                   _UseAttributeForTargetFrameworkInfoPropertyNames = true
                   _UsingDefaultForHasRuntimeOutput = true
                   _UsingDefaultPlatformTarget = true
                   _WindowsDesktopSdkTargetFrameworkVersionFloor = 3.0
                   _WorkloadLibraryPacksFolder = /home/melkov/.dotnet/library-packs
                   AddAdditionalExplicitAssemblyReferences = false
                   AllowedOutputExtensionsInPackageBuildOutputFolder = .dll; .exe; .winmd; .json; .pri; .xml ;
                   AllowedOutputExtensionsInSymbolsPackageBuildOutputFolder = .pdb; .mdb; .dll; .exe; .winmd; .json; .pri; .xml ;; 
                   AllowedReferenceAssemblyFileExtensions = 
                         .winmd;
                         .dll;
                         .exe
                       
                   AllowedReferenceRelatedFileExtensions = 
                         .pdb;
                         .xml;
                         .pri;
                         .dll.config;
                         .exe.config
                       
                   AllowUnsafeBlocks = true
                   AlwaysIncludeCoreFrameworkInRuntimeConfig = true
                   AlwaysUseNumericalSuffixInItemNames = true
                   AnalysisLevel = latest
                   AppDesignerFolder = Properties
                   AppendPlatformToOutputPath = false
                   AppendRuntimeIdentifierToOutputPath = true
                   AppendTargetFrameworkToOutputPath = true
                   AssemblyFoldersConfigFile = /home/melkov/.dotnet/sdk/10.0.302/AssemblyFolders.config
                   AssemblyFoldersSuffix = AssemblyFoldersEx
                   AssemblyName = Vecxy.Editor
                   AssemblySearchPaths = {CandidateAssemblyFiles};{HintPathFromItem};{TargetFrameworkDirectory};{RawFileName}
                   AssemblyTitle = Vecxy.Editor
                   AssetTargetFallback = ;net461;net462;net47;net471;net472;net48;net481
                   AssignTargetPathsDependsOn = 
                   Authors = Vecxy.Editor
                   AutomaticallyUseReferenceAssemblyPackages = true
                   AutoUnifyAssemblyReferences = true
                   AvailablePlatforms = Any CPU,x86,x64,ARM32,ARM64
                   BaseIntermediateOutputPath = obj\
                   BaseOutputPath = bin\
                   BaseOutputPathWasSpecified = true
                   BuildCompileAction = Build
                   BuildDependsOn = 
                         BeforeBuild;
                         CoreBuild;
                         AfterBuild
                       
                   BuildGenerateSourcesAction = Build
                   BuildingProject = false
                   BuildInParallel = true
                   BuildLinkAction = Build
                   BuildOutputTargetFolder = lib
                   BuildProjectReferences = true
                   BuiltProjectOutputGroupDependenciesDependsOn = 
                         ;
                         
                         ;
                         BuildOnlySettings;
                         PrepareForBuild;
                         AssignTargetPaths;
                         ResolveReferences
                       
                       
                   BuiltProjectOutputGroupDependsOn = PrepareForBuild
                   BundledMSBuildVersion = 18.6.11
                   BundledNETCoreAppPackageVersion = 10.0.10
                   BundledNETCoreAppTargetFrameworkVersion = 10.0
                   BundledNETCorePlatformsPackageVersion = 10.0.10-servicing.26326.116
                   BundledNETStandardPackageVersion = 2.1.0
                   BundledNETStandardTargetFrameworkVersion = 2.1
                   BundledRuntimeIdentifierGraphFile = /home/melkov/.dotnet/sdk/10.0.302/RuntimeIdentifierGraph.json
                   CheckEolWorkloads = true
                   CheckForOverflowUnderflow = false
                   CleanDependsOn = 
                         BeforeClean;
                         UnmanagedUnregistration;
                         CoreClean;
                         CleanReferencedProjects;
                         CleanPublishFolder;
                         AfterClean
                       
                   CleanFile = Vecxy.Editor.csproj.FileListAbsolute.txt
                   ClickOncePublishDir = bin\Debug/net10.0/publish/
                   CodeAnalysisRuleIds = CA1000;CA1001;CA1002;CA1003;CA1005;CA1008;CA1010;CA1012;CA1014;CA1016;CA1017;CA1018;CA1019;CA1021;CA1024;CA1027;CA1028;CA1030;CA1031;CA1032;CA1033;CA1034;CA1036;CA1040;CA1041;CA1043;CA1044;CA1045;CA1046;CA1047;CA1050;CA1051;CA1052;CA1054;CA1055;CA1056;CA1058;CA1060;CA1061;CA1062;CA1063;CA1064;CA1065;CA1066;CA1067;CA1068;CA1069;CA1070;CA1200;CA1303;CA1304;CA1305;CA1307;CA1308;CA1309;CA1310;CA1311;CA1401;CA1416;CA1417;CA1418;CA1419;CA1420;CA1421;CA1422;CA1501;CA1502;CA1505;CA1506;CA1507;CA1508;CA1509;CA1510;CA1511;CA1512;CA1513;CA1514;CA1515;CA1516;CA1700;CA1707;CA1708;CA1710;CA1711;CA1712;CA1713;CA1715;CA1716;CA1720;CA1721;CA1724;CA1725;CA1727;CA1802;CA1805;CA1806;CA1810;CA1812;CA1813;CA1814;CA1815;CA1816;CA1819;CA1820;CA1821;CA1822;CA1823;CA1824;CA1825;CA1826;CA1827;CA1828;CA1829;CA1830;CA1831;CA1832;CA1833;CA1834;CA1835;CA1836;CA1837;CA1838;CA1839;CA1840;CA1841;CA1842;CA1843;CA1844;CA1845;CA1846;CA1847;CA1848;CA1849;CA1850;CA1851;CA1852;CA1853;CA1854;CA1855;CA1856;CA1857;CA1858;CA1859;CA1860;CA1861;CA1862;CA1863;CA1864;CA1865;CA1866;CA1867;CA1868;CA1869;CA1870;CA1871;CA1872;CA1873;CA1874;CA1875;CA2000;CA2002;CA2007;CA2008;CA2009;CA2011;CA2012;CA2013;CA2014;CA2015;CA2016;CA2017;CA2018;CA2019;CA2020;CA2021;CA2022;CA2023;CA2024;CA2025;CA2100;CA2101;CA2119;CA2153;CA2200;CA2201;CA2207;CA2208;CA2211;CA2213;CA2214;CA2215;CA2216;CA2217;CA2218;CA2219;CA2224;CA2225;CA2226;CA2227;CA2231;CA2234;CA2235;CA2237;CA2241;CA2242;CA2243;CA2244;CA2245;CA2246;CA2247;CA2248;CA2249;CA2250;CA2251;CA2252;CA2253;CA2254;CA2255;CA2256;CA2257;CA2258;CA2259;CA2260;CA2261;CA2262;CA2263;CA2264;CA2265;CA2266;CA2300;CA2301;CA2302;CA2305;CA2310;CA2311;CA2312;CA2315;CA2321;CA2322;CA2326;CA2327;CA2328;CA2329;CA2330;CA2350;CA2351;CA2352;CA2353;CA2354;CA2355;CA2356;CA2361;CA2362;CA3001;CA3002;CA3003;CA3004;CA3005;CA3006;CA3007;CA3008;CA3009;CA3010;CA3011;CA3012;CA3061;CA3075;CA3076;CA3077;CA3147;CA5350;CA5351;CA5358;CA5359;CA5360;CA5361;CA5362;CA5363;CA5364;CA5365;CA5366;CA5367;CA5368;CA5369;CA5370;CA5371;CA5372;CA5373;CA5374;CA5375;CA5376;CA5377;CA5378;CA5379;CA5380;CA5381;CA5382;CA5383;CA5384;CA5385;CA5386;CA5387;CA5388;CA5389;CA5390;CA5391;CA5392;CA5393;CA5394;CA5395;CA5396;CA5397;CA5398;CA5399;CA5400;CA5401;CA5402;CA5403;CA5404;CA5405
                   CodeAnalysisTargets = /home/melkov/.dotnet/sdk/10.0.302/Microsoft/VisualStudio/v18.0/CodeAnalysis/Microsoft.CodeAnalysis.targets
                   CommandLineArgsForDesignTimeEvaluation = -langversion:14.0 -define:TRACE
                   CommonOutputGroupsDependsOn = 
                         ;
                         BuildOnlySettings;
                         PrepareForBuild;
                         AssignTargetPaths;
                         ResolveReferences
                       
                   CommonTargetsPath = /home/melkov/.dotnet/sdk/10.0.302/Microsoft.Common.CurrentVersion.targets
                   CommonXamlResourcesDirectory = /home/melkov/.dotnet/sdk/10.0.302//
                   Company = Vecxy.Editor
                   CompileDependsOn = 
                         
                         ResolveReferences;
                         ResolveKeySource;
                         SetWin32ManifestProperties;
                         _SetPreferNativeArm64Win32ManifestProperties;
                         FindReferenceAssembliesForReferences;
                         _GenerateCompileInputs;
                         BeforeCompile;
                         _TimeStampBeforeCompile;
                         _GenerateCompileDependencyCache;
                         CoreCompile;
                         _TimeStampAfterCompile;
                         AfterCompile;
                       ;
                         _CreateAppHost;
                         _CreateComHost;
                         _GetIjwHostPaths;
                       
                   CompileLicxFilesDependsOn = 
                   CompilerApiVersion = roslyn5.6
                   CompilerGeneratedFilesOutputPath = 
                   ComputeIntermediateSatelliteAssembliesDependsOn = 
                         CreateManifestResourceNames
                       
                   ComputeNETCoreBuildOutputFiles = true
                   ComReferenceExecuteAsTool = false
                   ComReferenceNoClassMembers = false
                   Configuration = Debug
                   ConfigurationName = Debug
                   Configurations = Debug;Release
                   ConsiderPlatformAsProcessorArchitecture = true
                   ContainerCustomTasksAssembly = /home/melkov/.dotnet/sdk/10.0.302/Containers/build/../tasks/net10.0/Microsoft.NET.Build.Containers.dll
                   ContainerCustomTasksFolder = /home/melkov/.dotnet/sdk/10.0.302/Containers/build/../tasks/net10.0/
                   ContainerizeFolder = /home/melkov/.dotnet/sdk/10.0.302/Containers/build/../containerize/
                   ContainerizeFolderName = containerize
                   ContainerTaskFolderName = tasks
                   ContainerTaskFramework = net10.0
                   ContentFilesProjectOutputGroupDependsOn = PrepareForBuild;AssignTargetPaths
                   ContentPreprocessorOutputDirectory = obj\Debug/net10.0/NuGet\
                   ContentTargetFolders = content;contentFiles
                   ContinueOnError = false
                   CopyBuildOutputToPublishDirectory = true
                   CopyConflictingTransitiveContent = false
                   CopyLocalLockFileAssemblies = false
                   CopyOutputSymbolsToPublishDirectory = true
                   CoreBuildDependsOn = 
                         _CheckForBuildWithNoBuild;
                         
                         BuildOnlySettings;
                         PrepareForBuild;
                         PreBuildEvent;
                         ResolveReferences;
                         PrepareResources;
                         ResolveKeySource;
                         Compile;
                         ExportWindowsMDFile;
                         UnmanagedUnregistration;
                         GenerateSerializationAssemblies;
                         CreateSatelliteAssemblies;
                         GenerateManifests;
                         GetTargetPath;
                         PrepareForRun;
                         UnmanagedRegistration;
                         IncrementalClean;
                         PostBuildEvent
                       ;
                         GenerateBuildDependencyFile;
                         GenerateBuildRuntimeConfigurationFiles
                       
                   CoreCleanDependsOn = 
                         _SdkBeforeClean;
                         
                       
                   CoreCompileDependsOn = ;_ComputeNonExistentFileProperty;ResolveCodeAnalysisRuleSet
                   CoreResGenDependsOn = FindReferenceAssembliesForReferences
                   CreateCustomManifestResourceNamesDependsOn = 
                   CreateHardLinksForCopyAdditionalFilesIfPossible = false
                   CreateManifestResourceNamesDependsOn = 
                   CreateSatelliteAssembliesDependsOn = 
                         
                         ;
                         _GenerateSatelliteAssemblyInputs;
                         ComputeIntermediateSatelliteAssemblies;
                         GenerateSatelliteAssemblies
                       ;
                         CoreGenerateSatelliteAssemblies
                       
                   CreateSymbolicLinksForCopyAdditionalFilesIfPossible = false
                   CSharpCoreTargetsPath = /home/melkov/.dotnet/sdk/10.0.302/Sdks/Microsoft.NET.Sdk/targets/../../../Roslyn/Microsoft.CSharp.Core.targets
                   CSharpDesignTimeTargetsPath = /home/melkov/.dotnet/sdk/10.0.302/Microsoft/VisualStudio/Managed/Microsoft.CSharp.DesignTime.targets
                   CSharpTargetsPath = /home/melkov/.dotnet/sdk/10.0.302/Microsoft.CSharp.CurrentVersion.targets
                   CustomAfterDirectoryBuildProps = ;/home/melkov/.dotnet/sdk/10.0.302/Sdks/Microsoft.NET.Sdk/Sdk/UseArtifactsOutputPath.props
                   CustomAfterMicrosoftCommonProps = /home/melkov/.dotnet/sdk/10.0.302/vCurrent/Custom.After.Microsoft.Common.props
                   CustomAfterMicrosoftCommonTargets = /home/melkov/.dotnet/sdk/10.0.302/vCurrent/Custom.After.Microsoft.Common.targets
                   CustomAfterMicrosoftCSharpTargets = /home/melkov/.dotnet/sdk/10.0.302/vCurrent/Custom.After.Microsoft.CSharp.targets
                   CustomBeforeMicrosoftCommonProps = /home/melkov/.dotnet/sdk/10.0.302/vCurrent/Custom.Before.Microsoft.Common.props
                   CustomBeforeMicrosoftCommonTargets = /home/melkov/.dotnet/sdk/10.0.302/vCurrent/Custom.Before.Microsoft.Common.targets
                   CustomBeforeMicrosoftCSharpTargets = /home/melkov/.dotnet/sdk/10.0.302/vCurrent/Custom.Before.Microsoft.CSharp.targets
                   DebugSymbols = true
                   DebugSymbolsProjectOutputGroupDependenciesDependsOn = 
                         ;
                         
                         ;
                         BuildOnlySettings;
                         PrepareForBuild;
                         AssignTargetPaths;
                         ResolveReferences
                       
                       
                   DebugSymbolsProjectOutputGroupDependsOn = 
                   DebugType = portable
                   DefaultAllowedOutputExtensionsInPackageBuildOutputFolder = .dll; .exe; .winmd; .json; .pri; .xml
                   DefaultCopyToPublishDirectoryMetadata = true
                   DefaultExcludesInProjectFolder = ;;**/.*/**
                   DefaultImplicitPackages = Microsoft.NETCore.App;NETStandard.Library
                   DefaultItemExcludes = ;bin\Debug//**;obj\Debug//**;bin\/**;obj\/**;bin\Debug/net10.0/publish//**;**/*.user;**/*.*proj;**/*.sln;**/*.slnx;**/*.vssscc;**/.DS_Store
                   DefaultLanguageSourceExtension = .cs
                   DefaultProjectTypeGuid = {FAE04EC0-301F-11D3-BF4B-00C04F79EFBC}
                   DefineCommonCapabilities = true
                   DefineCommonItemSchemas = true
                   DefineCommonReferenceSchemas = true
                   DefineConstants = TRACE;DEBUG
                   DelaySign = 
                   DeploymentComputeClickOnceManifestInfoDependsOn = 
                         CleanPublishFolder;
                         GetCopyToOutputDirectoryItems;
                         _DeploymentGenerateTrustInfo;
                         
                       
                   DesignerRuntimeImplementationProjectOutputGroupDependsOn = 
                         
                         ;
                         
                         ;
                         BuildOnlySettings;
                         PrepareForBuild;
                         AssignTargetPaths;
                         ResolveReferences
                       
                       ;
                         _GenerateDesignerDepsFile;
                         _GenerateDesignerRuntimeConfigFile;
                         GetCopyToOutputDirectoryItems;
                         _GatherDesignerShadowCopyFiles;
                       
                   DesignTimeAssemblySearchPaths = {CandidateAssemblyFiles};{HintPathFromItem};{TargetFrameworkDirectory};{RawFileName}
                   DesignTimeAutoUnify = true
                   DesignTimeResolveAssemblyReferencesDependsOn = 
                         GetFrameworkPaths;
                         GetReferenceAssemblyPaths;
                         ResolveReferences
                       
                   Deterministic = true
                   DevEnvDir = *Undefined*
                   DirectoryBuildPropsPath = /mnt/projects/mlkvs/vecxy.game/Engine/Vecxy/Directory.Build.props
                   DisableHandlePackageFileConflicts = true
                   DisableLogTaskParameter_ConvertToAbsolutePath_Path = true
                   DisableLogTaskParameter_FindUnderPath_OutOfPath = true
                   DisableLogTaskParameter_RemoveDuplicates_Inputs = true
                   DisableLogTaskParameterItemMetadata_ConvertToAbsolutePath_AbsolutePaths = true
                   DisableLogTaskParameterItemMetadata_Copy_CopiedFiles = true
                   DisableLogTaskParameterItemMetadata_Copy_DestinationFiles = true
                   DisableLogTaskParameterItemMetadata_Copy_SourceFiles = true
                   DisableLogTaskParameterItemMetadata_FindUnderPath_Files = true
                   DisableLogTaskParameterItemMetadata_FindUnderPath_InPath = true
                   DisableLogTaskParameterItemMetadata_GenerateResource_FilesWritten = true
                   DisableLogTaskParameterItemMetadata_Hash_ItemsToHash = true
                   DisableLogTaskParameterItemMetadata_RemoveDuplicates_Filtered = true
                   DisableLogTaskParameterItemMetadata_WriteLinesToFile_Lines = true
                   DisableStandardFrameworkResolution = true
                   DocumentationFile = 
                   DocumentationProjectOutputGroupDependenciesDependsOn = 
                         ;
                         
                         ;
                         BuildOnlySettings;
                         PrepareForBuild;
                         AssignTargetPaths;
                         ResolveReferences
                       
                       
                   DocumentationProjectOutputGroupDependsOn = 
                   DOTNET_CLI_TELEMETRY_SESSIONID = 051353a4-b21f-4a39-8725-5391a0315841
                   DOTNET_HOST_PATH = /home/melkov/.dotnet/dotnet
                   DotNetApiCompatTaskAssembly = /home/melkov/.dotnet/sdk/10.0.302/Sdks/Microsoft.NET.Sdk/targets/../tools/net10.0/Microsoft.DotNet.ApiCompat.Task.dll
                   DotnetCliToolTargetFramework = netcoreapp2.2
                   DotNetSdkSupportsVSHostObjectRemoting = true
                   EffectiveAnalysisLevel = 10.0
                   EffectiveCodeAnalysisTreatWarningsAsErrors = 
                   EffectiveTargetPlatformVersion = 
                   EmbeddedResourceUseDependentUponConvention = true
                   EmbeddedWin32Manifest = 
                   EmbedUntrackedSources = true
                   EmitAssetsLogMessages = true
                   EmitCompilerGeneratedFiles = false
                   EmitLegacyAssetsFileItems = false
                   EnableAppxPackageTargetsForUwpClassLibraries = true
                   EnableDefaultCompileItems = true
                   EnableDefaultEmbeddedResourceItems = true
                   EnableDefaultItems = true
                   EnableDefaultNoneItems = true
                   EnableFrameworkPathOverride = false
                   EnableNETAnalyzers = true
                   EnableSourceControlManagerQueries = true
                   EnableSourceLink = true
                   EnableUnsafeBinaryFormatterSerialization = false
                   EnableWebSdkImplicitPackageVersions = false
                   EnforceCodeStyleInBuild = false
                   ErrorReport = prompt
                   ExpandSDKAllowedReferenceExtensions = 
                         .winmd;
                         .dll
                       
                   ExpandSDKReferencesDependsOn = 
                         ResolveSDKReferences
                       
                   FileAlignment = 512
                   FindInvalidProjectReferencesDependsOn = 
                         GetReferenceTargetPlatformMonikers
                       
                   Framework20Dir = @(_TargetFramework20DirectoryItem)
                   Framework30Dir = @(_TargetFramework30DirectoryItem)
                   Framework35Dir = @(_TargetFramework35DirectoryItem)
                   Framework40Dir = @(_TargetFramework40DirectoryItem)
                   FrameworkDir = @(_TargetFramework40DirectoryItem)
                   FrameworkPathOverride = 
                   FrameworkRegistryBase = Software\Microsoft\.NETCoreApp
                   FrameworkSDKDir = @(_TargetFrameworkSDKDirectoryItem)
                   FullReferenceAssemblyNames = Full
                   GenerateAssemblyCompanyAttribute = true
                   GenerateAssemblyConfigurationAttribute = true
                   GenerateAssemblyCopyrightAttribute = true
                   GenerateAssemblyDescriptionAttribute = true
                   GenerateAssemblyFileVersionAttribute = true
                   GenerateAssemblyInfo = true
                   GenerateAssemblyInformationalVersionAttribute = true
                   GenerateAssemblyMetadataAttributes = true
                   GenerateAssemblyProductAttribute = true
                   GenerateAssemblyTitleAttribute = true
                   GenerateAssemblyTrademarkAttribute = true
                   GenerateAssemblyVersionAttribute = true
                   GeneratedAssemblyInfoFile = obj\Debug/net10.0/Vecxy.Editor.AssemblyInfo.cs
                   GenerateDependencyFile = true
                   GeneratedGlobalUsingsFile = obj\Debug/net10.0/Vecxy.Editor.GlobalUsings.g.cs
                   GenerateDisableRuntimeMarshallingAttribute = true
                   GenerateDocumentationFile = false
                   GenerateFullPaths = true
                   GenerateInternalsVisibleToAttributes = true
                   GenerateManifestsDependsOn = 
                         SetWin32ManifestProperties;
                         GenerateApplicationManifest;
                         GenerateDeploymentManifest
                       
                   GenerateNeutralResourcesLanguageAttribute = true
                   GenerateNuspecDependsOn = Build;_LoadPackInputItems; _GetTargetFrameworksOutput; _WalkEachTargetPerFramework; _GetPackageFiles; 
                   GeneratePackageOnBuild = false
                   GenerateRepositoryUrlAttribute = true
                   GenerateRequiresPreviewFeaturesAttribute = true
                   GenerateResourceMSBuildArchitecture = CurrentArchitecture
                   GenerateResourceMSBuildRuntime = CurrentRuntime
                   GenerateResourceUsePreserializedResources = true
                   GenerateRuntimeConfigDevFile = false
                   GenerateSatelliteAssembliesForCore = true
                   GenerateSupportedOSPlatformAttribute = true
                   GenerateTargetFrameworkAttribute = true
                   GenerateTargetPlatformAttribute = true
                   GetCopyToOutputDirectoryItemsDependsOn = 
                         AssignTargetPaths;
                         
                         AssignProjectConfiguration;
                         _SplitProjectReferencesByFileExistence
                       ;
                         _GetProjectReferenceTargetFrameworkProperties;
                         _PopulateCommonStateForGetCopyToOutputDirectoryItems
                       
                   GetFrameworkPathsDependsOn = 
                   GetReferenceNearestTargetFrameworkTaskSupportsTargetFrameworkPropertyParameter = true
                   GetReferenceNearestTargetFrameworkTaskSupportsTargetPlatformParameter = true
                   GetTargetPathWithTargetPlatformMonikerDependsOn = 
                   HasRuntimeOutput = 
                   HideWarningsAndErrors = false
                   HighEntropyVA = true
                   ImplicitConfigurationDefine = DEBUG
                   ImplicitUsings = enable
                   ImportByWildcardAfterMicrosoftCommonProps = true
                   ImportByWildcardAfterMicrosoftCommonTargets = true
                   ImportByWildcardAfterMicrosoftCSharpTargets = true
                   ImportByWildcardBeforeMicrosoftCommonProps = true
                   ImportByWildcardBeforeMicrosoftCommonTargets = true
                   ImportByWildcardBeforeMicrosoftCSharpTargets = true
                   ImportDirectoryBuildProps = true
                   ImportDirectoryBuildTargets = true
                   ImportDirectoryPackagesProps = true
                   ImportFrameworkWinFXTargets = false
                   ImportNuGetBuildTasksPackTargetsFromSdk = true
                   ImportProjectExtensionProps = true
                   ImportProjectExtensionTargets = true
                   ImportUserLocationsByWildcardAfterMicrosoftCommonProps = true
                   ImportUserLocationsByWildcardAfterMicrosoftCommonTargets = true
                   ImportUserLocationsByWildcardAfterMicrosoftCSharpTargets = true
                   ImportUserLocationsByWildcardBeforeMicrosoftCommonProps = true
                   ImportUserLocationsByWildcardBeforeMicrosoftCommonTargets = true
                   ImportUserLocationsByWildcardBeforeMicrosoftCSharpTargets = true
                   IncludeBuildOutput = true
                   IncludeContentInPack = true
                   IncludeFileVersionsInDependencyFile = true
                   IncludeMainProjectInDepsFile = true
                   IncludeProjectsNotInAssetsFileInDepsFile = true
                   IncludeSourceRevisionInInformationalVersion = true
                   IncludeSymbolsInSingleFile = false
                   InnerBuildProperty = TargetFramework
                   InnerBuildPropertyValues = TargetFrameworks
                   InterceptorsPreviewNamespaces = ;Microsoft.Extensions.Validation.Generated
                   IntermediateOutputPath = obj\Debug/net10.0/
                   IsNetCoreAppTargetingLatestTFM = true
                   IsPackable = true
                   IsPublishable = true
                   IsRestoreTargetsFileLoaded = true
                   IsRidAgnostic = true
                   Language = C#
                   LanguageTargets = /home/melkov/.dotnet/sdk/10.0.302/Microsoft.CSharp.targets
                   LangVersion = 14.0
                   MarkPackageReferencesAsExternallyResolved = true
                   MaxSupportedLangVersion = 14.0
                   MaxTargetPath = 100
                   MicrosoftBuildTasksGitAssemblyFile = /home/melkov/.dotnet/sdk/10.0.302/Sdks/Microsoft.Build.Tasks.Git/build/../tools/net/Microsoft.Build.Tasks.Git.dll
                   MicrosoftCommonPropsHasBeenImported = true
                   MicrosoftNETBuildExtensionsTargets = /home/melkov/.dotnet/sdk/10.0.302/Microsoft/Microsoft.NET.Build.Extensions/Microsoft.NET.Build.Extensions.targets
                   MicrosoftNETBuildExtensionsTasksAssembly = /home/melkov/.dotnet/sdk/10.0.302/Microsoft/Microsoft.NET.Build.Extensions/tools/net10.0/Microsoft.NET.Build.Extensions.Tasks.dll
                   MicrosoftNETBuildTasksAssembly = /home/melkov/.dotnet/sdk/10.0.302/Sdks/Microsoft.NET.Sdk/targets/../tools/net10.0/Microsoft.NET.Build.Tasks.dll
                   MicrosoftNETBuildTasksDirectory = /home/melkov/.dotnet/sdk/10.0.302/Sdks/Microsoft.NET.Sdk/targets/../tools/net10.0/
                   MicrosoftNETBuildTasksDirectoryRoot = /home/melkov/.dotnet/sdk/10.0.302/Sdks/Microsoft.NET.Sdk/targets/../tools/
                   MicrosoftNETBuildTasksTFM = net10.0
                   MicrosoftNETFrameworkReferenceAssembliesLatestPackageVersion = 1.0.3
                   MicrosoftNETWindowsWorkloadInstalled = true
                   MinimumMSBuildVersion = 18.0.0
                   MsAppxPackageTargets = /home/melkov/.dotnet/sdk/10.0.302/Microsoft/VisualStudio/v18.0/AppxPackage/Microsoft.AppXPackage.Targets
                   MSBuildAllProjects = /mnt/projects/mlkvs/vecxy.game/Engine/Vecxy/Code/Vecxy.Editor/Vecxy.Editor.csproj;;/home/melkov/.dotnet/sdk/10.0.302/Current/Microsoft.Common.targets/ImportAfter/Microsoft.TestPlatform.ImportAfter.targets
                   MSBuildAssemblyVersion = 18.0
                   MSBuildBinPath = /home/melkov/.dotnet/sdk/10.0.302
                   MSBuildCopyContentTransitively = true
                   MSBuildCopyMarkerName = Vecxy.Ed.E89BF183.Up2Date
                   MSBuildDisableFeaturesFromVersion = 999.999
                   MSBuildEnableWorkloadResolver = true
                   MSBuildExtensionsPath = /home/melkov/.dotnet/sdk/10.0.302/
                   MSBuildExtensionsPath32 = /home/melkov/.dotnet/sdk/10.0.302
                   MSBuildExtensionsPath64 = /home/melkov/.dotnet/sdk/10.0.302
                   MSBUILDFAILONDRIVEENUMERATINGWILDCARD = 1
                   MSBuildFileVersion = 18.6.11.33009
                   MSBuildFrameworkToolsRoot = /home/melkov/.dotnet/shared/Microsoft.NETCore.App
                   MSBuildLoadMicrosoftTargetsReadOnly = true
                   MSBuildNodeCount = 12
                   MSBuildProgramFiles32 = 
                   MSBuildProjectDefaultTargets = Build
                   MSBuildProjectDirectory = /mnt/projects/mlkvs/vecxy.game/Engine/Vecxy/Code/Vecxy.Editor
                   MSBuildProjectDirectoryNoRoot = mnt/projects/mlkvs/vecxy.game/Engine/Vecxy/Code/Vecxy.Editor
                   MSBuildProjectExtension = .csproj
                   MSBuildProjectExtensionsPath = /mnt/projects/mlkvs/vecxy.game/Engine/Vecxy/Code/Vecxy.Editor/obj/
                   MSBuildProjectFile = Vecxy.Editor.csproj
                   MSBuildProjectFullPath = /mnt/projects/mlkvs/vecxy.game/Engine/Vecxy/Code/Vecxy.Editor/Vecxy.Editor.csproj
                   MSBuildProjectName = Vecxy.Editor
                   MSBuildRuntimeType = Core
                   MSBuildSDKsPath = /home/melkov/.dotnet/sdk/10.0.302/Sdks
                   MSBuildSemanticVersion = 18.6.11+35b593beb
                   MSBuildStartupDirectory = /mnt/projects/mlkvs/vecxy.game
                   MSBuildToolsPath = /home/melkov/.dotnet/sdk/10.0.302
                   MSBuildToolsVersion = Current
                   MSBuildUserExtensionsPath = /home/melkov/.local/share/Microsoft\MSBuild
                   MSBUILDUSESERVER = 0
                   MSBuildUseVisualStudioDirectoryLayout = False
                   MSBuildVersion = 18.6.11
                   MSBuildWarningsAsErrors = ;NU1605
                   MSBuildWarningsAsMessages = ;1701;1702
                   MSBuildWarningsNotAsErrors = 
                   MsTestToolsTargets = /home/melkov/.dotnet/sdk/10.0.302/Microsoft/VisualStudio/v18.0/TeamTest/Microsoft.TeamTest.targets
                   NETCoreAppMaximumVersion = 10.0
                   NetCoreRoot = /home/melkov/.dotnet/
                   NETCoreSdkBundledCliToolsProps = /home/melkov/.dotnet/sdk/10.0.302/Sdks/Microsoft.NET.Sdk/targets/../../../Microsoft.NETCoreSdk.BundledCliTools.props
                   NETCoreSdkBundledMSBuildInformationProps = /home/melkov/.dotnet/sdk/10.0.302/Sdks/Microsoft.NET.Sdk/targets/../../../Microsoft.NETCoreSdk.BundledMSBuildInformation.props
                   NETCoreSdkBundledVersionsProps = /home/melkov/.dotnet/sdk/10.0.302/Sdks/Microsoft.NET.Sdk/targets/../../../Microsoft.NETCoreSdk.BundledVersions.props
                   NETCoreSdkPortableRuntimeIdentifier = linux-x64
                   NETCoreSdkRuntimeIdentifier = linux-x64
                   NETCoreSdkVersion = 10.0.302
                   NetCoreTargetingPackRoot = /home/melkov/.dotnet/packs
                   NoCompilerStandardLib = true
                   NoStdLib = true
                   NoWarn = 1701;1702
                   NuGetAudit = true
                   NuGetAuditLevel = low
                   NuGetAuditMode = all
                   NuGetBuildTasksPackTargets = /home/melkov/.dotnet/sdk/10.0.302/Sdks/Microsoft.NET.Sdk/Sdk/../../../NuGet.Build.Tasks.Pack.targets
                   NuGetInteractive = 
                   NuGetPackageFolders = /home/melkov/.nuget/packages/
                   NuGetPackageRoot = /home/melkov/.nuget/packages/
                   NuGetPackTaskAssemblyFile = NuGet.Build.Tasks.Pack.dll
                   NuGetProjectStyle = PackageReference
                   NuGetPropsFile = /home/melkov/.dotnet/sdk/10.0.302/NuGet.props
                   NuGetRestoreTargets = /home/melkov/.dotnet/sdk/10.0.302/NuGet.targets
                   NuGetTargetMoniker = .NETCoreApp,Version=v10.0
                   NuGetToolVersion = 7.0.0
                   Nullable = enable
                   NuspecOutputPath = obj\Debug/
                   Optimize = false
                   OS = Unix
                   OutDir = bin\Debug/net10.0/
                   OutputPath = bin\Debug/net10.0/
                   OutputType = Library
                   OverwriteReadOnlyFiles = false
                   PackageDescription = Package Description
                   PackageDownloadSupported = true
                   PackageId = Vecxy.Editor
                   PackageOutputPath = bin\Debug/
                   PackageRequireLicenseAcceptance = false
                   PackageVersion = 1.0.0
                   PackDependsOn = ; _GetRestoreProjectStyle; _IntermediatePack; GenerateNuspec; 
                   PackRelease = true
                   Platform = AnyCPU
                   PlatformName = AnyCPU
                   Platforms = AnyCPU
                   PostBuildEventDependsOn = 
                   PreBuildEventDependsOn = 
                   Prefer32Bit = false
                   PreferNativeArm64 = false
                   PrepareForBuildDependsOn = ;GetFrameworkPaths;GetReferenceAssemblyPaths;AssignLinkMetadata
                   PrepareForRunDependsOn = 
                         CopyFilesToOutputDirectory
                       
                   PrepareProjectReferencesDependsOn = 
                         AssignProjectConfiguration;
                         _SplitProjectReferencesByFileExistence;
                         _GetProjectReferenceTargetFrameworkProperties;
                         _GetProjectReferencePlatformProperties
                       
                   PrepareResourceNamesDependsOn = 
                         AssignTargetPaths;
                         SplitResourcesByCulture;
                         CreateManifestResourceNames;
                         CreateCustomManifestResourceNames
                       
                   PrepareResourcesDependsOn = 
                         ResolvePackageDependenciesForBuild;
                         _HandlePackageFileConflicts;
                         
                         ;
                         PrepareResourceNames;
                         ResGen;
                         CompileLicxFiles
                       
                       
                   PreserveCompilationReferences = 
                   ProcessorArchitecture = msil
                   ProcessorArchitectureAsPlatform = AnyCPU
                   ProduceReferenceAssembly = true
                   Product = Vecxy.Editor
                   ProjectAssetsCacheFile = /mnt/projects/mlkvs/vecxy.game/Engine/Vecxy/Code/Vecxy.Editor/obj/Debug/net10.0/Vecxy.Editor.assets.cache
                   ProjectAssetsFile = /mnt/projects/mlkvs/vecxy.game/Engine/Vecxy/Code/Vecxy.Editor/obj/project.assets.json
                   ProjectDepsFileName = Vecxy.Editor.deps.json
                   ProjectDepsFilePath = /mnt/projects/mlkvs/vecxy.game/Engine/Vecxy/Code/Vecxy.Editor/bin/Debug/net10.0/Vecxy.Editor.deps.json
                   ProjectDesignTimeAssemblyResolutionSearchPaths = 
                         {CandidateAssemblyFiles};
                         ;
                         {HintPathFromItem};
                         {TargetFrameworkDirectory};
                         {Registry:Software\Microsoft\.NETCoreApp,v10.0,AssemblyFoldersEx};
                         {RawFileName};
                         /mnt/projects/mlkvs/vecxy.game/Engine/Vecxy/Code/Vecxy.Editor/bin/Debug/net10.0/
                       
                   ProjectDir = /mnt/projects/mlkvs/vecxy.game/Engine/Vecxy/Code/Vecxy.Editor/
                   ProjectExt = .csproj
                   ProjectFileName = Vecxy.Editor.csproj
                   ProjectFlavor = Client
                   ProjectName = Vecxy.Editor
                   ProjectPath = /mnt/projects/mlkvs/vecxy.game/Engine/Vecxy/Code/Vecxy.Editor/Vecxy.Editor.csproj
                   ProjectRuntimeConfigFileName = Vecxy.Editor.runtimeconfig.json
                   ProjectRuntimeConfigFilePath = /mnt/projects/mlkvs/vecxy.game/Engine/Vecxy/Code/Vecxy.Editor/bin/Debug/net10.0/Vecxy.Editor.runtimeconfig.json
                   PrunePackageDataRoot = /home/melkov/.dotnet/sdk/10.0.302/PrunePackageData
                   PublishableProject = 
                   PublishBuildDependsOn = 
                         BuildOnlySettings;
                         PrepareForBuild;
                         ResolveReferences;
                         PrepareResources;
                         ResolveKeySource;
                         GenerateSerializationAssemblies;
                         CreateSatelliteAssemblies;
                       
                   PublishContainerDependsOn = 
                         _ContainerVerifySDKVersion;
                         ComputeContainerConfig;
                         _CheckContainersPackage;
                       
                   PublishDependsOn = 
                         _DeploymentUnpublishable
                       
                   PublishDir = bin\Debug/net10.0/publish/
                   PublishDirName = publish
                   PublishDocumentationFile = true
                   PublishDocumentationFiles = true
                   PublishItemsOutputGroupDependsOn = 
                         ;
                         ResolveReferences;
                         ComputeResolvedFilesToPublishList;
                         _ComputeFilesToBundle;
                       
                   PublishOnlyDependsOn = 
                         SetGenerateManifests;
                         PublishBuild;
                         BeforePublish;
                         GenerateManifests;
                         CopyFilesToOutputDirectory;
                         _CopyFilesToPublishFolder;
                         _DeploymentGenerateBootstrapper;
                         ResolveKeySource;
                         _DeploymentSignClickOnceDeployment;
                         AfterPublish
                       
                   PublishProfileImported = false
                   PublishReadyToRunComposite = false
                   PublishReadyToRunPerfmapFormatVersion = 1
                   PublishReadyToRunUseCrossgen2 = true
                   PublishReadyToRunUseRuntimePackOptimizationData = true
                   PublishReferencesDocumentationFiles = true
                   PublishRelease = true
                   RebuildDependsOn = 
                         _SdkBeforeRebuild;
                         
                         BeforeRebuild;
                         Clean;
                         Build;
                         AfterRebuild;
                       
                       
                   RefAssembliesFolderName = refs
                   ReferenceCopyLocalPathsOutputGroupDependsOn = 
                         ;
                         
                         ;
                         BuildOnlySettings;
                         PrepareForBuild;
                         AssignTargetPaths;
                         ResolveReferences
                       
                       
                   ReportingServicesTargets = /home/melkov/.dotnet/sdk/10.0.302/Microsoft/VisualStudio/v18.0/ReportingServices/Microsoft.ReportingServices.targets
                   ResGenDependsOn = ResolveAssemblyReferences;SplitResourcesByCulture;BeforeResGen;CoreResGen;AfterResGen
                   ResGenExecuteAsTool = false
                   ResolveAssemblyReferenceOutputUnresolvedAssemblyConflicts = true
                   ResolveAssemblyReferencesDependsOn = 
                         
                         
                         ResolveProjectReferences;
                         FindInvalidProjectReferences;
                         GetFrameworkPaths;
                         GetReferenceAssemblyPaths;
                         PrepareForBuild;
                         ResolveSDKReferences;
                         ExpandSDKReferences;
                       ;
                         ResolvePackageDependenciesForBuild;
                         _HandlePackageFileConflicts;
                       ;
                         ResolveTargetingPackAssets;
                       
                   ResolveNuGetPackages = false
                   ResolvePackageDependenciesForBuildDependsOn = 
                         ResolveLockFileReferences;
                         ResolveLockFileAnalyzers;
                         ResolveLockFileCopyLocalFiles;
                         ResolveRuntimePackAssets;
                         RunProduceContentAssets;
                         IncludeTransitiveProjectReferences
                       
                   ResolveReferencesDependsOn = 
                         BeforeResolveReferences;
                         AssignProjectConfiguration;
                         ResolveProjectReferences;
                         FindInvalidProjectReferences;
                         ResolveNativeReferences;
                         ResolveAssemblyReferences;
                         GenerateBindingRedirects;
                         GenerateBindingRedirectsUpdateAppConfig;
                         ResolveComReferences;
                         AfterResolveReferences
                       
                   ResolveSDKReferencesDependsOn = 
                         GetInstalledSDKLocations
                       
                   RespectAlreadyAssignedItemCulture = true
                   Restore = false
                   RestoreBuildInParallel = true
                   RestoreContinueOnError = WarnAndContinue
                   RestoreEnablePackagePruning = true
                   RestoreOutputPath = /mnt/projects/mlkvs/vecxy.game/Engine/Vecxy/Code/Vecxy.Editor/obj/
                   RestorePackagePruningDefault = true
                   RestoreProjectStyle = PackageReference
                   RestoreRecursive = true
                   RestoreSuccess = True
                   RestoreTaskAssemblyFile = NuGet.Build.Tasks.dll
                   RestoreTool = NuGet
                   RestoreUseSkipNonexistentTargets = true
                   RootNamespace = Vecxy.Editor
                   RoslynAssembliesPath = /home/melkov/.dotnet/sdk/10.0.302/Sdks/Microsoft.NET.Sdk/targets/../../../Roslyn/bincore
                   RoslynCompilerType = Core
                   RoslynCoreAssembliesPath = /home/melkov/.dotnet/sdk/10.0.302/Sdks/Microsoft.NET.Sdk/targets/../../../Roslyn/bincore
                   RoslynTargetsPath = /home/melkov/.dotnet/sdk/10.0.302/Sdks/Microsoft.NET.Sdk/targets/../../../Roslyn
                   RoslynTasksAssembly = /home/melkov/.dotnet/sdk/10.0.302/Sdks/Microsoft.NET.Sdk/targets/../../../Roslyn/Microsoft.Build.Tasks.CodeAnalysis.dll
                   RunDependsOn = 
                   RunPackageValidationDependsOn = CollectApiCompatInputs;_GetReferencePathFromInnerProjects;
                   RuntimeIdentifierGraphPath = /home/melkov/.dotnet/sdk/10.0.302/PortableRuntimeIdentifierGraph.json
                   RunWorkingDirectory = 
                   SatelliteDllsProjectOutputGroupDependenciesDependsOn = 
                         ;
                         
                         ;
                         BuildOnlySettings;
                         PrepareForBuild;
                         AssignTargetPaths;
                         ResolveReferences
                       
                       
                   SatelliteDllsProjectOutputGroupDependsOn = ;PrepareForBuild;PrepareResourceNames
                   SdkAnalysisLevel = 10.0.300
                   SDKContainerSupportEnabled = true
                   SDKRedistOutputGroupDependsOn = ResolveSDKReferences;ExpandSDKReferences
                   SDKReferenceDirectoryRoot = /home/melkov/.local/share/Microsoft SDKs;/Microsoft SDKs
                   SDKReferenceRegistryRoot = Software\Microsoft\Microsoft SDKs
                   SGenFilesOutputGroupDependenciesDependsOn = 
                         ;
                         
                         ;
                         BuildOnlySettings;
                         PrepareForBuild;
                         AssignTargetPaths;
                         ResolveReferences
                       
                       
                   SGenFilesOutputGroupDependsOn = 
                   SGenShouldGenerateSerializer = true
                   SGenUseKeep = false
                   SGenUseProxyTypes = true
                   ShouldMarkCertainSDKReferencesAsRuntimeOnly = true
                   SignAssembly = false
                   SkipCopyUnchangedFiles = true
                   SkipImportNuGetBuildTargets = true
                   SkipImportNuGetProps = true
                   SolutionDir = *Undefined*
                   SolutionExt = *Undefined*
                   SolutionFileName = *Undefined*
                   SolutionName = *Undefined*
                   SolutionPath = *Undefined*
                   SourceControlInformationFeatureSupported = true
                   SourceControlManagerUrlTranslationTargets = ;TranslateGitHubUrlsInSourceControlInformation;TranslateGitLabUrlsInSourceControlInformation;TranslateAzureReposGitUrlsInSourceControlInformation;TranslateBitbucketGitUrlsInSourceControlInformation
                   SourceFilesProjectOutputGroupDependsOn = PrepareForBuild;AssignTargetPaths
                   SourceLinkUrlInitializerTargets = ;_InitializeGitHubSourceLinkUrl;_InitializeGitLabSourceLinkUrl;_InitializeAzureReposGitSourceLinkUrl;_InitializeBitbucketGitSourceLinkUrl
                   SourceRootMappedPathsFeatureSupported = true
                   SupportedOSPlatformVersion = 
                   SupportsRoslynComponentVersioning = true
                   SuppressDependenciesWhenPacking = false
                   SymbolPackageFormat = symbols.nupkg
                   TargetCulture = *
                   TargetDeployManifestFileName = Vecxy.Editor.application
                   TargetDir = /mnt/projects/mlkvs/vecxy.game/Engine/Vecxy/Code/Vecxy.Editor/bin/Debug/net10.0/
                   TargetedFrameworkDir = @(_TargetedFrameworkDirectoryItem)
                   TargetedSDKArchitecture = msil
                   TargetedSDKConfiguration = Debug
                   TargetExt = .dll
                   TargetFileName = Vecxy.Editor.dll
                   TargetFramework = net10.0
                   TargetFrameworkDirectory = 
                   TargetFrameworkIdentifier = .NETCoreApp
                   TargetFrameworkMoniker = .NETCoreApp,Version=v10.0
                   TargetFrameworkMonikerAssemblyAttributesPath = obj/Debug/net10.0/.NETCoreApp,Version=v10.0.AssemblyAttributes.cs
                   TargetFrameworkMonikerDisplayName = .NET 10.0
                   TargetFrameworkSDKToolsDirectory = 
                   TargetFrameworkVersion = v10.0
                   TargetLatestRuntimePatch = false
                   TargetName = Vecxy.Editor
                   TargetPath = /mnt/projects/mlkvs/vecxy.game/Engine/Vecxy/Code/Vecxy.Editor/bin/Debug/net10.0/Vecxy.Editor.dll
                   TargetPlatformDisplayName =  
                   TargetPlatformIdentifier = 
                   TargetPlatformRegistryBase = Software\Microsoft\Microsoft SDKs\
                   TargetPlatformSdkPath = 
                   TargetPlatformVersion = 
                   TargetRefPath = /mnt/projects/mlkvs/vecxy.game/Engine/Vecxy/Code/Vecxy.Editor/obj/Debug/net10.0/ref/Vecxy.Editor.dll
                   TargetRuntime = Managed
                   TargetsCurrent = true
                   TargetsForTfmSpecificContentInPackage = ;_PackProjectToolValidation
                   ToolDepsJsonGeneratorProject = /home/melkov/.dotnet/sdk/10.0.302/Sdks/Microsoft.NET.Sdk/targets/GenerateDeps/GenerateDeps.proj
                   TreatWarningsAsErrors = false
                   TrimDepsJsonLibrariesWithoutAssets = true
                   UnmanagedRegistrationDependsOn = 
                   UnmanagedUnregistrationDependsOn = 
                   UnsupportedTargetFrameworkVersion = 11.0
                   UseCommonOutputDirectory = false
                   UseDefaultPlatformLookupTables = true
                   UseHostCompilerIfAvailable = true
                   UseMSBuildTestInfrastructure = false
                   UseOSWinMdReferences = false
                   UseRidGraph = false
                   UserProfileRuntimeStorePath = /home/melkov/.dotnet/store
                   UserRuntimeConfig = /mnt/projects/mlkvs/vecxy.game/Engine/Vecxy/Code/Vecxy.Editor/runtimeconfig.template.json
                   UseSourcePath = true
                   UsingMicrosoftNETSdk = true
                   UsingNETSdkDefaults = true
                   Utf8Output = true
                   ValidateRuntimeIdentifierCompatibility = false
                   VerifyMatchingImplicitPackageVersion = true
                   Version = 1.0.0
                   VersionPrefix = 1.0.0
                   VisualBasicCoreTargetsPath = /home/melkov/.dotnet/sdk/10.0.302/Sdks/Microsoft.NET.Sdk/targets/../../../Roslyn/Microsoft.VisualBasic.Core.targets
                   VisualStudioVersion = 18.0
                   VSTestConsolePath = /home/melkov/.dotnet/sdk/10.0.302/vstest.console.dll
                   VSTestNoBuild = False
                   VSTestTargets = /home/melkov/.dotnet/sdk/10.0.302/Microsoft.TestPlatform.targets
                   VSTestTaskAssemblyFile = Microsoft.TestPlatform.Build.dll
                   VsTestUseMSBuildOutput = False
                   WarningLevel = 10
                   WarningsAsErrors = ;NU1605;SYSLIB0011
                   WarnOnPackingNonPackableProject = false
                   WebReference_EnableLegacyEventingModel = false
                   WebReference_EnableProperties = true
                   WebReference_EnableSQLTypes = true
                   WMSJSProject = WJProject
                   WMSJSProjectDirectory = JavaScript
                   YieldDuringToolExecution = true

00:59:18.512     0>Initial Items:
                   _AdditionalTargetFrameworkInfoPropertyWithValue
                       _IsExecutable
                           Value = 
                       _SelfContainedWasSpecified
                           Value = 
                       IsRidAgnostic
                           Value = true
                       SelfContained
                           Value = 
                       ShouldBeValidatedAsExecutableReference
                           Value = 
                   _AllDirectoriesAbove
                       /
                       /mnt
                       /mnt/projects
                       /mnt/projects/mlkvs
                       /mnt/projects/mlkvs/vecxy.game
                       /mnt/projects/mlkvs/vecxy.game/Engine
                       /mnt/projects/mlkvs/vecxy.game/Engine/Vecxy
                       /mnt/projects/mlkvs/vecxy.game/Engine/Vecxy/Code
                       /mnt/projects/mlkvs/vecxy.game/Engine/Vecxy/Code/Vecxy.Editor
                   _ApplicationManifestFinal
                       bin/Debug/net10.0/Native.Vecxy.Editor.manifest
                           TargetPath = Native.Vecxy.Editor.manifest
                   _DebugSymbolsIntermediatePath
                       obj/Debug/net10.0/Vecxy.Editor.pdb
                   _DebugSymbolsOutputPath
                       bin/Debug/net10.0/Vecxy.Editor.pdb
                   _DeploymentManifestEntryPoint
                       obj/Debug/net10.0/Vecxy.Editor.dll
                           TargetPath = Vecxy.Editor.dll
                   _EolNetCoreTargetFrameworkVersions
                       1.0
                       1.1
                       2.0
                       2.1
                       2.2
                       3.0
                       3.1
                       5.0
                       6.0
                       7.0
                   _ExcludedKnownRuntimeIdentiferPlatforms
                       rhel.6
                       rhel.6
                       rhel.6
                       rhel.6
                       rhel.6
                       rhel.6
                       rhel.6
                       rhel.6
                       rhel.6
                       rhel.6
                       rhel.6
                       rhel.6
                       rhel.6
                       rhel.6
                       rhel.6
                       rhel.6
                       rhel.6
                       tizen.4.0.0
                       tizen.4.0.0
                       tizen.4.0.0
                       tizen.4.0.0
                       tizen.4.0.0
                       tizen.4.0.0
                       tizen.4.0.0
                       tizen.4.0.0
                       tizen.4.0.0
                       tizen.4.0.0
                       tizen.4.0.0
                       tizen.4.0.0
                       tizen.4.0.0
                       tizen.4.0.0
                       tizen.4.0.0
                       tizen.4.0.0
                       tizen.4.0.0
                       tizen.4.0.0
                       tizen.4.0.0
                       tizen.4.0.0
                       tizen.4.0.0
                       tizen.4.0.0
                       tizen.4.0.0
                       tizen.4.0.0
                       tizen.4.0.0
                       tizen.4.0.0
                       tizen.4.0.0
                       tizen.4.0.0
                       tizen.4.0.0
                       tizen.4.0.0
                       tizen.4.0.0
                       tizen.4.0.0
                       tizen.4.0.0
                       tizen.4.0.0
                       tizen.4.0.0
                       tizen.4.0.0
                       tizen.4.0.0
                       tizen.4.0.0
                       tizen.4.0.0
                       tizen.4.0.0
                       tizen.4.0.0
                       tizen.4.0.0
                       tizen.5.0.0
                       tizen.5.0.0
                       tizen.5.0.0
                       tizen.5.0.0
                       tizen.5.0.0
                       tizen.5.0.0
                       tizen.5.0.0
                       tizen.5.0.0
                       tizen.5.0.0
                       tizen.5.0.0
                       tizen.5.0.0
                       tizen.5.0.0
                       tizen.5.0.0
                       tizen.5.0.0
                       tizen.5.0.0
                       tizen.5.0.0
                       tizen.5.0.0
                       tizen.5.0.0
                       tizen.5.0.0
                       tizen.5.0.0
                       tizen.5.0.0
                       tizen.5.0.0
                       tizen.5.0.0
                       tizen.5.0.0
                       tizen.5.0.0
                       tizen.5.0.0
                       tizen.5.0.0
                       tizen.5.0.0
                       tizen.5.0.0
                       tizen.5.0.0
                       tizen.5.0.0
                       tizen.5.0.0
                       tizen.5.0.0
                       tizen.5.0.0
                       tizen.5.0.0
                       tizen.5.0.0
                       tizen.5.0.0
                       tizen.5.0.0
                       tizen.5.0.0
                       tizen.5.0.0
                       tizen.5.0.0
                       tizen.5.0.0
                   _KnownRuntimeIdentiferPlatforms
                       any
                       any
                       any
                       any
                       any
                       any
                       any
                       any
                       any
                       any
                       any
                       any
                       any
                       any
                       any
                       any
                       any
                       any
                       any
                       any
                       any
                       any
                       any
                       any
                       any
                       any
                       any
                       any
                       any
                       any
                       any
                       any
                       any
                       any
                       any
                       any
                       any
                       any
                       any
                       any
                       any
                       aot
                       aot
                       aot
                       aot
                       aot
                       aot
                       aot
                       aot
                       aot
                       aot
                       aot
                       aot
                       aot
                       aot
                       aot
                       aot
                       aot
                       aot
                       aot
                       aot
                       aot
                       aot
                       aot
                       aot
                       aot
                       aot
                       aot
                       aot
                       aot
                       aot
                       aot
                       aot
                       aot
                       aot
                       aot
                       aot
                       aot
                       aot
                       aot
                       aot
                       aot
                       freebsd
                       freebsd
                       freebsd
                       freebsd
                       freebsd
                       freebsd
                       freebsd
                       freebsd
                       freebsd
                       freebsd
                       freebsd
                       freebsd
                       freebsd
                       freebsd
                       freebsd
                       freebsd
                       freebsd
                       freebsd
                       freebsd
                       freebsd
                       freebsd
                       freebsd
                       freebsd
                       freebsd
                       freebsd
                       freebsd
                       freebsd
                       freebsd
                       freebsd
                       freebsd
                       freebsd
                       freebsd
                       freebsd
                       freebsd
                       freebsd
                       freebsd
                       freebsd
                       freebsd
                       freebsd
                       freebsd
                       freebsd
                       illumos
                       illumos
                       illumos
                       illumos
                       illumos
                       illumos
                       illumos
                       illumos
                       illumos
                       illumos
                       illumos
                       illumos
                       illumos
                       illumos
                       illumos
                       illumos
                       illumos
                       illumos
                       illumos
                       illumos
                       illumos
                       illumos
                       illumos
                       illumos
                       illumos
                       illumos
                       illumos
                       illumos
                       illumos
                       illumos
                       illumos
                       illumos
                       illumos
                       illumos
                       illumos
                       illumos
                       illumos
                       illumos
                       illumos
                       illumos
                       illumos
                       solaris
                       solaris
                       solaris
                       solaris
                       solaris
                       solaris
                       solaris
                       solaris
                       solaris
                       solaris
                       solaris
                       solaris
                       solaris
                       solaris
                       solaris
                       solaris
                       solaris
                       solaris
                       solaris
                       solaris
                       solaris
                       solaris
                       solaris
                       solaris
                       solaris
                       solaris
                       solaris
                       solaris
                       solaris
                       solaris
                       solaris
                       solaris
                       solaris
                       solaris
                       solaris
                       solaris
                       solaris
                       solaris
                       solaris
                       solaris
                       solaris
                       unix
                       unix
                       unix
                       unix
                       unix
                       unix
                       unix
                       unix
                       unix
                       unix
                       unix
                       unix
                       unix
                       unix
                       unix
                       unix
                       unix
                       unix
                       unix
                       unix
                       unix
                       unix
                       unix
                       unix
                       unix
                       unix
                       unix
                       unix
                       unix
                       unix
                       unix
                       unix
                       unix
                       unix
                       unix
                       unix
                       unix
                       unix
                       unix
                       unix
                       unix
                   _OutputPathItem
                       bin/Debug/net10.0/
                   _ResolveComReferenceCache
                       obj/Debug/net10.0/Vecxy.Editor.csproj.ResolveComReference.cache
                   _UnmanagedRegistrationCache
                       obj/Vecxy.Editor.csproj.UnmanagedRegistration.cache
                   AdditionalTargetFrameworkInfoProperty
                       _IsExecutable
                       _SelfContainedWasSpecified
                       IsRidAgnostic
                       SelfContained
                       ShouldBeValidatedAsExecutableReference
                   Analyzer
                       /home/melkov/.dotnet/sdk/10.0.302/Sdks/Microsoft.NET.Sdk/targets/../analyzers/Microsoft.CodeAnalysis.CSharp.NetAnalyzers.dll
                           IsImplicitlyDefined = true
                       /home/melkov/.dotnet/sdk/10.0.302/Sdks/Microsoft.NET.Sdk/targets/../analyzers/Microsoft.CodeAnalysis.NetAnalyzers.dll
                           IsImplicitlyDefined = true
                   AppConfigFileDestination
                       bin/Debug/net10.0/Vecxy.Editor.dll.config
                   ApplicationManifest
                       obj/Debug/net10.0/Native.Vecxy.Editor.manifest
                           TargetPath = Native.Vecxy.Editor.manifest
                   BuiltProjectOutputGroupKeyOutput
                       /mnt/projects/mlkvs/vecxy.game/Engine/Vecxy/Code/Vecxy.Editor/obj/Debug/net10.0/Vecxy.Editor.dll
                           IsKeyOutput = true
                           FinalOutputPath = /mnt/projects/mlkvs/vecxy.game/Engine/Vecxy/Code/Vecxy.Editor/bin/Debug/net10.0/Vecxy.Editor.dll
                           TargetPath = Vecxy.Editor.dll
                   ClsidMap
                       obj/Debug/net10.0/Vecxy.Editor.clsidmap
                   Compile
                       EditorAttributes.cs
                       EditorLayer.cs
                       EditorModule.cs
                       EGizmoDisplayMode.cs
                       GizmoRenderer.cs
                       IEditorGizmos.cs
                       IEditorGui.cs
                       ImGuiRenderer.cs
                   CompilerVisibleProperty
                       _SupportedPlatformList
                       EnableComHosting
                       EnableGeneratedComInterfaceComImportInterop
                       EnforceExtendedAnalyzerRules
                       EntryPointFilePath
                       InvariantGlobalization
                       PlatformNeutralAssembly
                       ProjectDir
                       ProjectTypeGuids
                       RootNamespace
                       TargetFramework
                       TargetFrameworkIdentifier
                       TargetFrameworkVersion
                       TargetPlatformMinVersion
                       UsingMicrosoftNETSdkWeb
                   CopyUpToDateMarker
                       /mnt/projects/mlkvs/vecxy.game/Engine/Vecxy/Code/Vecxy.Editor/obj/Debug/net10.0/Vecxy.Ed.E89BF183.Up2Date
                   CreateDirectory
                       /mnt/projects/mlkvs/vecxy.game/Engine/Vecxy/Code/Vecxy.Editor/obj/Debug/net10.0/refint/
                       obj/Debug/net10.0/ref
                   DebugSymbolsProjectOutputGroupOutput
                       /mnt/projects/mlkvs/vecxy.game/Engine/Vecxy/Code/Vecxy.Editor/obj/Debug/net10.0/Vecxy.Editor.pdb
                           FinalOutputPath = /mnt/projects/mlkvs/vecxy.game/Engine/Vecxy/Code/Vecxy.Editor/bin/Debug/net10.0/Vecxy.Editor.pdb
                           TargetPath = Vecxy.Editor.pdb
                   DeployManifest
                       obj/Debug/net10.0/Vecxy.Editor.application
                           TargetPath = Vecxy.Editor.application
                   EmbedInBinlog
                       /mnt/projects/mlkvs/vecxy.game/Engine/Vecxy/Code/Vecxy.Editor/obj/project.assets.json
                   FrameworkReference
                       Microsoft.NETCore.App
                           IsImplicitlyDefined = true
                           PrivateAssets = All
                           Pack = false
                   GenerateRuntimeConfigurationFilesInputs
                       /mnt/projects/mlkvs/vecxy.game/Engine/Vecxy/Code/Vecxy.Editor/obj/Debug/net10.0/Vecxy.Editor.assets.cache
                       /mnt/projects/mlkvs/vecxy.game/Engine/Vecxy/Code/Vecxy.Editor/obj/project.assets.json
                   GlobalAnalyzerConfigFiles
                       /.globalconfig
                       /mnt/.globalconfig
                       /mnt/projects/.globalconfig
                       /mnt/projects/mlkvs/.globalconfig
                       /mnt/projects/mlkvs/vecxy.game/.globalconfig
                       /mnt/projects/mlkvs/vecxy.game/Engine/.globalconfig
                       /mnt/projects/mlkvs/vecxy.game/Engine/Vecxy/.globalconfig
                       /mnt/projects/mlkvs/vecxy.game/Engine/Vecxy/Code/.globalconfig
                       /mnt/projects/mlkvs/vecxy.game/Engine/Vecxy/Code/Vecxy.Editor/.globalconfig
                   ImplicitPackageReferenceVersion
                       Microsoft.AspNetCore.All
                           LatestVersion = 2.1.30
                           DefaultVersion = 2.1.1
                           TargetFrameworkVersion = 2.1
                       Microsoft.AspNetCore.All
                           LatestVersion = 2.2.8
                           DefaultVersion = 2.2.0
                           TargetFrameworkVersion = 2.2
                       Microsoft.AspNetCore.App
                           LatestVersion = 2.1.30
                           DefaultVersion = 2.1.1
                           TargetFrameworkVersion = 2.1
                       Microsoft.AspNetCore.App
                           LatestVersion = 2.2.8
                           DefaultVersion = 2.2.0
                           TargetFrameworkVersion = 2.2
                       Microsoft.NETCore.App
                           LatestVersion = 1.0.16
                           DefaultVersion = 1.0.5
                           TargetFrameworkVersion = 1.0
                       Microsoft.NETCore.App
                           LatestVersion = 1.1.13
                           DefaultVersion = 1.1.2
                           TargetFrameworkVersion = 1.1
                       Microsoft.NETCore.App
                           LatestVersion = 2.0.9
                           DefaultVersion = 2.0.0
                           TargetFrameworkVersion = 2.0
                       Microsoft.NETCore.App
                           LatestVersion = 2.1.30
                           DefaultVersion = 2.1.0
                           TargetFrameworkVersion = 2.1
                       Microsoft.NETCore.App
                           LatestVersion = 2.2.8
                           DefaultVersion = 2.2.0
                           TargetFrameworkVersion = 2.2
                   IntermediateAssembly
                       obj/Debug/net10.0/Vecxy.Editor.dll
                   IntermediateRefAssembly
                       obj/Debug/net10.0/refint/Vecxy.Editor.dll
                   KnownAppHostPack
                       Microsoft.NETCore.App
                           ExcludedRuntimeIdentifiers = android
                           AppHostRuntimeIdentifiers = linux-arm;linux-arm64;linux-musl-arm64;linux-musl-x64;linux-x64;osx-x64;tizen.4.0.0-armel;tizen.5.0.0-armel;win-arm64;win-x64;win-x86;linux-musl-arm;osx-arm64;linux-s390x;linux-loongarch64;linux-bionic-arm;linux-bionic-arm64;linux-bionic-x64;linux-bionic-x86;linux-ppc64le;freebsd-x64;freebsd-arm64;linux-riscv64;linux-musl-riscv64;linux-musl-loongarch64
                           TargetFramework = net10.0
                           AppHostPackNamePattern = Microsoft.NETCore.App.Host.**RID**
                           AppHostPackVersion = 10.0.10
                       Microsoft.NETCore.App
                           ExcludedRuntimeIdentifiers = android
                           AppHostRuntimeIdentifiers = linux-arm;linux-arm64;linux-musl-arm64;linux-musl-x64;linux-x64;osx-x64;tizen.4.0.0-armel;tizen.5.0.0-armel;win-arm64;win-x64;win-x86;linux-musl-arm;osx-arm64;linux-s390x;linux-loongarch64;linux-bionic-arm;linux-bionic-arm64;linux-bionic-x64;linux-bionic-x86;linux-ppc64le;freebsd-x64;freebsd-arm64;linux-riscv64;linux-musl-riscv64;linux-musl-loongarch64
                           TargetFramework = net9.0
                           AppHostPackNamePattern = Microsoft.NETCore.App.Host.**RID**
                           AppHostPackVersion = 9.0.18
                       Microsoft.NETCore.App
                           ExcludedRuntimeIdentifiers = android
                           AppHostRuntimeIdentifiers = linux-arm;linux-arm64;linux-musl-arm64;linux-musl-x64;linux-x64;osx-x64;tizen.4.0.0-armel;tizen.5.0.0-armel;win-arm64;win-x64;win-x86;linux-musl-arm;osx-arm64;linux-s390x;linux-loongarch64;linux-bionic-arm;linux-bionic-arm64;linux-bionic-x64;linux-bionic-x86;linux-ppc64le;freebsd-x64;freebsd-arm64
                           TargetFramework = net8.0
                           AppHostPackNamePattern = Microsoft.NETCore.App.Host.**RID**
                           AppHostPackVersion = 8.0.29
                       Microsoft.NETCore.App
                           ExcludedRuntimeIdentifiers = android
                           AppHostRuntimeIdentifiers = linux-arm;linux-arm64;linux-musl-arm64;linux-musl-x64;linux-x64;osx-x64;tizen.4.0.0-armel;tizen.5.0.0-armel;win-arm;win-arm64;win-x64;win-x86;linux-musl-arm;osx-arm64;linux-s390x;linux-loongarch64;linux-bionic-arm;linux-bionic-arm64;linux-bionic-x64;linux-bionic-x86;linux-ppc64le
                           TargetFramework = net7.0
                           AppHostPackNamePattern = Microsoft.NETCore.App.Host.**RID**
                           AppHostPackVersion = 7.0.20
                       Microsoft.NETCore.App
                           ExcludedRuntimeIdentifiers = android
                           AppHostRuntimeIdentifiers = linux-arm;linux-arm64;linux-musl-arm64;linux-musl-x64;linux-x64;osx-x64;tizen.4.0.0-armel;tizen.5.0.0-armel;win-arm;win-arm64;win-x64;win-x86;linux-musl-arm;osx-arm64;linux-s390x;linux-loongarch64
                           TargetFramework = net6.0
                           AppHostPackNamePattern = Microsoft.NETCore.App.Host.**RID**
                           AppHostPackVersion = 6.0.36
                       Microsoft.NETCore.App
                           AppHostRuntimeIdentifiers = linux-arm;linux-arm64;linux-musl-arm64;linux-musl-x64;linux-x64;osx-x64;tizen.4.0.0-armel;tizen.5.0.0-armel;win-arm;win-arm64;win-x64;win-x86;linux-musl-arm
                           TargetFramework = net5.0
                           AppHostPackNamePattern = Microsoft.NETCore.App.Host.**RID**
                           AppHostPackVersion = 5.0.17
                       Microsoft.NETCore.App
                           AppHostRuntimeIdentifiers = linux-arm;linux-arm64;linux-musl-arm64;linux-musl-x64;linux-x64;osx-x64;tizen.4.0.0-armel;tizen.5.0.0-armel;win-arm;win-arm64;win-x64;win-x86
                           TargetFramework = netcoreapp3.1
                           AppHostPackNamePattern = Microsoft.NETCore.App.Host.**RID**
                           AppHostPackVersion = 3.1.32
                       Microsoft.NETCore.App
                           AppHostRuntimeIdentifiers = linux-arm;linux-arm64;linux-musl-arm64;linux-musl-x64;linux-x64;osx-x64;tizen.4.0.0-armel;tizen.5.0.0-armel;win-arm;win-arm64;win-x64;win-x86
                           TargetFramework = netcoreapp3.0
                           AppHostPackNamePattern = Microsoft.NETCore.App.Host.**RID**
                           AppHostPackVersion = 3.0.3
                   KnownAspNetCorePack
                       Microsoft.AspNetCore.App.Internal.Assets
                           TargetFramework = net10.0
                           AspNetCorePackVersion = 10.0.10
                   KnownCrossgen2Pack
                       Microsoft.NETCore.App.Crossgen2
                           Crossgen2RuntimeIdentifiers = linux-musl-x64;linux-x64;win-x64;linux-arm;linux-arm64;linux-musl-arm;linux-musl-arm64;osx-arm64;osx-x64;win-arm64;win-x86;freebsd-x64;freebsd-arm64;linux-riscv64;linux-musl-riscv64;linux-loongarch64;linux-musl-loongarch64
                           TargetFramework = net10.0
                           Crossgen2PackNamePattern = Microsoft.NETCore.App.Crossgen2.**RID**
                           Crossgen2PackVersion = 10.0.10
                           Crossgen2PortableRuntimeIdentifiers = linux-musl-x64;linux-x64;win-x64;linux-arm;linux-arm64;linux-musl-arm;linux-musl-arm64;osx-arm64;osx-x64;win-arm64;win-x86;freebsd-x64;freebsd-arm64;linux-riscv64;linux-musl-riscv64;linux-loongarch64;linux-musl-loongarch64
                       Microsoft.NETCore.App.Crossgen2
                           Crossgen2RuntimeIdentifiers = linux-musl-x64;linux-x64;win-x64;linux-arm;linux-arm64;linux-musl-arm;linux-musl-arm64;osx-arm64;osx-x64;win-arm64;win-x86;freebsd-x64;freebsd-arm64;linux-riscv64;linux-musl-riscv64;linux-loongarch64;linux-musl-loongarch64
                           TargetFramework = net9.0
                           Crossgen2PackNamePattern = Microsoft.NETCore.App.Crossgen2.**RID**
                           Crossgen2PackVersion = 9.0.18
                       Microsoft.NETCore.App.Crossgen2
                           Crossgen2RuntimeIdentifiers = linux-musl-x64;linux-x64;win-x64;linux-arm;linux-arm64;linux-musl-arm;linux-musl-arm64;osx-arm64;osx-x64;win-arm64;win-x86;freebsd-x64;freebsd-arm64
                           TargetFramework = net8.0
                           Crossgen2PackNamePattern = Microsoft.NETCore.App.Crossgen2.**RID**
                           Crossgen2PackVersion = 8.0.29
                       Microsoft.NETCore.App.Crossgen2
                           Crossgen2RuntimeIdentifiers = linux-musl-x64;linux-x64;win-x64;linux-arm;linux-arm64;linux-musl-arm;linux-musl-arm64;osx-arm64;osx-x64;win-arm;win-arm64;win-x86
                           TargetFramework = net7.0
                           Crossgen2PackNamePattern = Microsoft.NETCore.App.Crossgen2.**RID**
                           Crossgen2PackVersion = 7.0.20
                       Microsoft.NETCore.App.Crossgen2
                           Crossgen2RuntimeIdentifiers = linux-musl-x64;linux-x64;win-x64;linux-arm;linux-arm64;linux-musl-arm;linux-musl-arm64;osx-arm64;osx-x64;win-arm;win-arm64;win-x86
                           TargetFramework = net6.0
                           Crossgen2PackNamePattern = Microsoft.NETCore.App.Crossgen2.**RID**
                           Crossgen2PackVersion = 6.0.36
                       Microsoft.NETCore.App.Crossgen2
                           Crossgen2RuntimeIdentifiers = linux-musl-x64;linux-x64;win-x64
                           TargetFramework = net5.0
                           Crossgen2PackNamePattern = Microsoft.NETCore.App.Crossgen2.**RID**
                           Crossgen2PackVersion = 5.0.17
                   KnownFrameworkReference
                       Microsoft.AspNetCore.App
                           TargetFramework = netcoreapp3.1
                           DefaultRuntimeFrameworkVersion = 3.1.0
                           TargetingPackName = Microsoft.AspNetCore.App.Ref
                           LatestRuntimeFrameworkVersion = 3.1.32
                           RuntimePackRuntimeIdentifiers = win-x64;win-x86;win-arm;osx-x64;linux-musl-x64;linux-musl-arm64;linux-x64;linux-arm;linux-arm64
                           RuntimePackNamePatterns = Microsoft.AspNetCore.App.Runtime.**RID**
                           TargetingPackVersion = 3.1.10
                           RuntimeFrameworkName = Microsoft.AspNetCore.App
                       Microsoft.AspNetCore.App
                           TargetFramework = net10.0
                           DefaultRuntimeFrameworkVersion = 10.0.0
                           TargetingPackName = Microsoft.AspNetCore.App.Ref
                           LatestRuntimeFrameworkVersion = 10.0.10
                           RuntimePackExcludedRuntimeIdentifiers = android;linux-bionic
                           RuntimePackRuntimeIdentifiers = win-x64;win-x86;osx-x64;linux-musl-x64;linux-musl-arm64;linux-x64;linux-arm;linux-arm64;linux-musl-arm;win-arm64;osx-arm64;linux-s390x;linux-loongarch64;linux-ppc64le;freebsd-x64;freebsd-arm64;linux-riscv64;linux-musl-riscv64;linux-loongarch64;linux-musl-loongarch64
                           RuntimePackNamePatterns = Microsoft.AspNetCore.App.Runtime.**RID**
                           TargetingPackVersion = 10.0.10
                           RuntimeFrameworkName = Microsoft.AspNetCore.App
                       Microsoft.AspNetCore.App
                           TargetFramework = net5.0
                           DefaultRuntimeFrameworkVersion = 5.0.0
                           TargetingPackName = Microsoft.AspNetCore.App.Ref
                           LatestRuntimeFrameworkVersion = 5.0.17
                           RuntimePackRuntimeIdentifiers = win-x64;win-x86;win-arm;osx-x64;linux-musl-x64;linux-musl-arm64;linux-x64;linux-arm;linux-arm64;linux-musl-arm;win-arm64
                           RuntimePackNamePatterns = Microsoft.AspNetCore.App.Runtime.**RID**
                           TargetingPackVersion = 5.0.0
                           RuntimeFrameworkName = Microsoft.AspNetCore.App
                       Microsoft.AspNetCore.App
                           TargetFramework = net6.0
                           DefaultRuntimeFrameworkVersion = 6.0.0
                           TargetingPackName = Microsoft.AspNetCore.App.Ref
                           LatestRuntimeFrameworkVersion = 6.0.36
                           RuntimePackRuntimeIdentifiers = win-x64;win-x86;win-arm;osx-x64;linux-musl-x64;linux-musl-arm64;linux-x64;linux-arm;linux-arm64;linux-musl-arm;win-arm64;osx-arm64;linux-s390x;linux-loongarch64
                           RuntimePackNamePatterns = Microsoft.AspNetCore.App.Runtime.**RID**
                           TargetingPackVersion = 6.0.36
                           RuntimeFrameworkName = Microsoft.AspNetCore.App
                       Microsoft.AspNetCore.App
                           TargetFramework = netcoreapp3.0
                           DefaultRuntimeFrameworkVersion = 3.0.0
                           TargetingPackName = Microsoft.AspNetCore.App.Ref
                           LatestRuntimeFrameworkVersion = 3.0.3
                           RuntimePackRuntimeIdentifiers = win-x64;win-x86;win-arm;osx-x64;linux-musl-x64;linux-musl-arm64;linux-x64;linux-arm;linux-arm64
                           RuntimePackNamePatterns = Microsoft.AspNetCore.App.Runtime.**RID**
                           TargetingPackVersion = 3.0.1
                           RuntimeFrameworkName = Microsoft.AspNetCore.App
                       Microsoft.AspNetCore.App
                           TargetFramework = net9.0
                           DefaultRuntimeFrameworkVersion = 9.0.0
                           TargetingPackName = Microsoft.AspNetCore.App.Ref
                           LatestRuntimeFrameworkVersion = 9.0.18
                           RuntimePackExcludedRuntimeIdentifiers = android;linux-bionic
                           RuntimePackRuntimeIdentifiers = win-x64;win-x86;osx-x64;linux-musl-x64;linux-musl-arm64;linux-x64;linux-arm;linux-arm64;linux-musl-arm;win-arm64;osx-arm64;linux-s390x;linux-loongarch64;linux-ppc64le;freebsd-x64;freebsd-arm64;linux-riscv64;linux-musl-riscv64;linux-loongarch64;linux-musl-loongarch64
                           RuntimePackNamePatterns = Microsoft.AspNetCore.App.Runtime.**RID**
                           TargetingPackVersion = 9.0.18
                           RuntimeFrameworkName = Microsoft.AspNetCore.App
                       Microsoft.AspNetCore.App
                           TargetFramework = net7.0
                           DefaultRuntimeFrameworkVersion = 7.0.0
                           TargetingPackName = Microsoft.AspNetCore.App.Ref
                           LatestRuntimeFrameworkVersion = 7.0.20
                           RuntimePackExcludedRuntimeIdentifiers = android
                           RuntimePackRuntimeIdentifiers = win-x64;win-x86;win-arm;osx-x64;linux-musl-x64;linux-musl-arm64;linux-x64;linux-arm;linux-arm64;linux-musl-arm;win-arm64;osx-arm64;linux-s390x;linux-loongarch64;linux-ppc64le
                           RuntimePackNamePatterns = Microsoft.AspNetCore.App.Runtime.**RID**
                           TargetingPackVersion = 7.0.20
                           RuntimeFrameworkName = Microsoft.AspNetCore.App
                       Microsoft.AspNetCore.App
                           TargetFramework = net8.0
                           DefaultRuntimeFrameworkVersion = 8.0.0
                           TargetingPackName = Microsoft.AspNetCore.App.Ref
                           LatestRuntimeFrameworkVersion = 8.0.29
                           RuntimePackExcludedRuntimeIdentifiers = android;linux-bionic
                           RuntimePackRuntimeIdentifiers = win-x64;win-x86;osx-x64;linux-musl-x64;linux-musl-arm64;linux-x64;linux-arm;linux-arm64;linux-musl-arm;win-arm64;osx-arm64;linux-s390x;linux-loongarch64;linux-ppc64le;freebsd-x64;freebsd-arm64
                           RuntimePackNamePatterns = Microsoft.AspNetCore.App.Runtime.**RID**
                           TargetingPackVersion = 8.0.29
                           RuntimeFrameworkName = Microsoft.AspNetCore.App
                       Microsoft.NETCore.App
                           TargetFramework = net10.0
                           DefaultRuntimeFrameworkVersion = 10.0.0
                           TargetingPackName = Microsoft.NETCore.App.Ref
                           LatestRuntimeFrameworkVersion = 10.0.10
                           RuntimePackRuntimeIdentifiers = linux-arm;linux-arm64;linux-musl-arm64;linux-musl-x64;linux-x64;osx-x64;tizen.4.0.0-armel;tizen.5.0.0-armel;win-arm64;win-x64;win-x86;linux-musl-arm;osx-arm64;linux-s390x;linux-loongarch64;linux-bionic-arm;linux-bionic-arm64;linux-bionic-x64;linux-bionic-x86;linux-ppc64le;freebsd-x64;freebsd-arm64;linux-riscv64;linux-musl-riscv64;linux-musl-loongarch64;android-arm64;android-x64
                           RuntimePackNamePatterns = Microsoft.NETCore.App.Runtime.**RID**
                           TargetingPackVersion = 10.0.10
                           RuntimeFrameworkName = Microsoft.NETCore.App
                       Microsoft.NETCore.App
                           TargetFramework = netcoreapp3.0
                           DefaultRuntimeFrameworkVersion = 3.0.0
                           TargetingPackName = Microsoft.NETCore.App.Ref
                           LatestRuntimeFrameworkVersion = 3.0.3
                           RuntimePackRuntimeIdentifiers = linux-arm;linux-arm64;linux-musl-arm64;linux-musl-x64;linux-x64;osx-x64;tizen.4.0.0-armel;tizen.5.0.0-armel;win-arm;win-arm64;win-x64;win-x86
                           RuntimePackNamePatterns = Microsoft.NETCore.App.Runtime.**RID**
                           TargetingPackVersion = 3.0.0
                           IsTrimmable = true
                           RuntimeFrameworkName = Microsoft.NETCore.App
                       Microsoft.NETCore.App
                           TargetFramework = netcoreapp3.1
                           DefaultRuntimeFrameworkVersion = 3.1.0
                           TargetingPackName = Microsoft.NETCore.App.Ref
                           LatestRuntimeFrameworkVersion = 3.1.32
                           RuntimePackRuntimeIdentifiers = linux-arm;linux-arm64;linux-musl-arm64;linux-musl-x64;linux-x64;osx-x64;tizen.4.0.0-armel;tizen.5.0.0-armel;win-arm;win-arm64;win-x64;win-x86
                           RuntimePackNamePatterns = Microsoft.NETCore.App.Runtime.**RID**
                           TargetingPackVersion = 3.1.0
                           IsTrimmable = true
                           RuntimeFrameworkName = Microsoft.NETCore.App
                       Microsoft.NETCore.App
                           TargetFramework = net5.0
                           DefaultRuntimeFrameworkVersion = 5.0.0
                           TargetingPackName = Microsoft.NETCore.App.Ref
                           LatestRuntimeFrameworkVersion = 5.0.17
                           RuntimePackRuntimeIdentifiers = linux-arm;linux-arm64;linux-musl-arm64;linux-musl-x64;linux-x64;osx-x64;tizen.4.0.0-armel;tizen.5.0.0-armel;win-arm;win-arm64;win-x64;win-x86;linux-musl-arm;browser-wasm
                           RuntimePackNamePatterns = Microsoft.NETCore.App.Runtime.**RID**
                           TargetingPackVersion = 5.0.0
                           IsTrimmable = true
                           RuntimeFrameworkName = Microsoft.NETCore.App
                       Microsoft.NETCore.App
                           TargetFramework = net7.0
                           DefaultRuntimeFrameworkVersion = 7.0.0
                           TargetingPackName = Microsoft.NETCore.App.Ref
                           LatestRuntimeFrameworkVersion = 7.0.20
                           RuntimePackRuntimeIdentifiers = linux-arm;linux-arm64;linux-musl-arm64;linux-musl-x64;linux-x64;osx-x64;tizen.4.0.0-armel;tizen.5.0.0-armel;win-arm;win-arm64;win-x64;win-x86;linux-musl-arm;osx-arm64;linux-s390x;linux-loongarch64;linux-bionic-arm;linux-bionic-arm64;linux-bionic-x64;linux-bionic-x86;linux-ppc64le
                           RuntimePackNamePatterns = Microsoft.NETCore.App.Runtime.**RID**
                           TargetingPackVersion = 7.0.20
                           RuntimeFrameworkName = Microsoft.NETCore.App
                       Microsoft.NETCore.App
                           TargetFramework = net6.0
                           DefaultRuntimeFrameworkVersion = 6.0.0
                           TargetingPackName = Microsoft.NETCore.App.Ref
                           LatestRuntimeFrameworkVersion = 6.0.36
                           RuntimePackRuntimeIdentifiers = linux-arm;linux-arm64;linux-musl-arm64;linux-musl-x64;linux-x64;osx-x64;tizen.4.0.0-armel;tizen.5.0.0-armel;win-arm;win-arm64;win-x64;win-x86;linux-musl-arm;osx-arm64;linux-s390x;linux-loongarch64
                           RuntimePackNamePatterns = Microsoft.NETCore.App.Runtime.**RID**
                           TargetingPackVersion = 6.0.36
                           RuntimeFrameworkName = Microsoft.NETCore.App
                       Microsoft.NETCore.App
                           TargetFramework = net8.0
                           DefaultRuntimeFrameworkVersion = 8.0.0
                           TargetingPackName = Microsoft.NETCore.App.Ref
                           LatestRuntimeFrameworkVersion = 8.0.29
                           RuntimePackRuntimeIdentifiers = linux-arm;linux-arm64;linux-musl-arm64;linux-musl-x64;linux-x64;osx-x64;tizen.4.0.0-armel;tizen.5.0.0-armel;win-arm64;win-x64;win-x86;linux-musl-arm;osx-arm64;linux-s390x;linux-loongarch64;linux-bionic-arm;linux-bionic-arm64;linux-bionic-x64;linux-bionic-x86;linux-ppc64le;freebsd-x64;freebsd-arm64
                           RuntimePackNamePatterns = Microsoft.NETCore.App.Runtime.**RID**
                           TargetingPackVersion = 8.0.29
                           RuntimeFrameworkName = Microsoft.NETCore.App
                       Microsoft.NETCore.App
                           TargetFramework = net9.0
                           DefaultRuntimeFrameworkVersion = 9.0.0
                           TargetingPackName = Microsoft.NETCore.App.Ref
                           LatestRuntimeFrameworkVersion = 9.0.18
                           RuntimePackRuntimeIdentifiers = linux-arm;linux-arm64;linux-musl-arm64;linux-musl-x64;linux-x64;osx-x64;tizen.4.0.0-armel;tizen.5.0.0-armel;win-arm64;win-x64;win-x86;linux-musl-arm;osx-arm64;linux-s390x;linux-loongarch64;linux-bionic-arm;linux-bionic-arm64;linux-bionic-x64;linux-bionic-x86;linux-ppc64le;freebsd-x64;freebsd-arm64;linux-riscv64;linux-musl-riscv64;linux-musl-loongarch64
                           RuntimePackNamePatterns = Microsoft.NETCore.App.Runtime.**RID**
                           TargetingPackVersion = 9.0.18
                           RuntimeFrameworkName = Microsoft.NETCore.App
                       Microsoft.WindowsDesktop.App
                           TargetFramework = net8.0
                           DefaultRuntimeFrameworkVersion = 8.0.0
                           TargetingPackName = Microsoft.WindowsDesktop.App.Ref
                           IsWindowsOnly = true
                           LatestRuntimeFrameworkVersion = 8.0.29
                           RuntimePackRuntimeIdentifiers = win-x64;win-x86;win-arm64
                           RuntimePackNamePatterns = Microsoft.WindowsDesktop.App.Runtime.**RID**
                           TargetingPackVersion = 8.0.29
                           RuntimeFrameworkName = Microsoft.WindowsDesktop.App
                       Microsoft.WindowsDesktop.App
                           TargetFramework = net7.0
                           DefaultRuntimeFrameworkVersion = 7.0.0
                           TargetingPackName = Microsoft.WindowsDesktop.App.Ref
                           IsWindowsOnly = true
                           LatestRuntimeFrameworkVersion = 7.0.20
                           RuntimePackRuntimeIdentifiers = win-x64;win-x86;win-arm64
                           RuntimePackNamePatterns = Microsoft.WindowsDesktop.App.Runtime.**RID**
                           TargetingPackVersion = 7.0.20
                           RuntimeFrameworkName = Microsoft.WindowsDesktop.App
                       Microsoft.WindowsDesktop.App
                           TargetFramework = netcoreapp3.1
                           DefaultRuntimeFrameworkVersion = 3.1.0
                           TargetingPackName = Microsoft.WindowsDesktop.App.Ref
                           IsWindowsOnly = true
                           LatestRuntimeFrameworkVersion = 3.1.32
                           RuntimePackRuntimeIdentifiers = win-x64;win-x86
                           RuntimePackNamePatterns = Microsoft.WindowsDesktop.App.Runtime.**RID**
                           TargetingPackVersion = 3.1.0
                           RuntimeFrameworkName = Microsoft.WindowsDesktop.App
                       Microsoft.WindowsDesktop.App
                           TargetFramework = net6.0
                           DefaultRuntimeFrameworkVersion = 6.0.0
                           TargetingPackName = Microsoft.WindowsDesktop.App.Ref
                           IsWindowsOnly = true
                           LatestRuntimeFrameworkVersion = 6.0.36
                           RuntimePackRuntimeIdentifiers = win-x64;win-x86;win-arm64
                           RuntimePackNamePatterns = Microsoft.WindowsDesktop.App.Runtime.**RID**
                           TargetingPackVersion = 6.0.36
                           RuntimeFrameworkName = Microsoft.WindowsDesktop.App
                       Microsoft.WindowsDesktop.App
                           TargetFramework = net10.0
                           DefaultRuntimeFrameworkVersion = 10.0.0
                           TargetingPackName = Microsoft.WindowsDesktop.App.Ref
                           IsWindowsOnly = true
                           LatestRuntimeFrameworkVersion = 10.0.10
                           RuntimePackRuntimeIdentifiers = win-x64;win-x86;win-arm64
                           RuntimePackNamePatterns = Microsoft.WindowsDesktop.App.Runtime.**RID**
                           TargetingPackVersion = 10.0.10
                           RuntimeFrameworkName = Microsoft.WindowsDesktop.App
                       Microsoft.WindowsDesktop.App
                           TargetFramework = netcoreapp3.0
                           DefaultRuntimeFrameworkVersion = 3.0.0
                           TargetingPackName = Microsoft.WindowsDesktop.App.Ref
                           IsWindowsOnly = true
                           LatestRuntimeFrameworkVersion = 3.0.3
                           RuntimePackRuntimeIdentifiers = win-x64;win-x86
                           RuntimePackNamePatterns = Microsoft.WindowsDesktop.App.Runtime.**RID**
                           TargetingPackVersion = 3.0.0
                           RuntimeFrameworkName = Microsoft.WindowsDesktop.App
                       Microsoft.WindowsDesktop.App
                           TargetFramework = net9.0
                           DefaultRuntimeFrameworkVersion = 9.0.0
                           TargetingPackName = Microsoft.WindowsDesktop.App.Ref
                           IsWindowsOnly = true
                           LatestRuntimeFrameworkVersion = 9.0.18
                           RuntimePackRuntimeIdentifiers = win-x64;win-x86;win-arm64
                           RuntimePackNamePatterns = Microsoft.WindowsDesktop.App.Runtime.**RID**
                           TargetingPackVersion = 9.0.18
                           RuntimeFrameworkName = Microsoft.WindowsDesktop.App
                       Microsoft.WindowsDesktop.App
                           TargetFramework = net5.0
                           DefaultRuntimeFrameworkVersion = 5.0.0
                           TargetingPackName = Microsoft.WindowsDesktop.App.Ref
                           IsWindowsOnly = true
                           LatestRuntimeFrameworkVersion = 5.0.17
                           RuntimePackRuntimeIdentifiers = win-x64;win-x86;win-arm64
                           RuntimePackNamePatterns = Microsoft.WindowsDesktop.App.Runtime.**RID**
                           TargetingPackVersion = 5.0.0
                           RuntimeFrameworkName = Microsoft.WindowsDesktop.App
                       Microsoft.WindowsDesktop.App.WindowsForms
                           TargetFramework = net6.0
                           DefaultRuntimeFrameworkVersion = 6.0.0
                           TargetingPackName = Microsoft.WindowsDesktop.App.Ref
                           IsWindowsOnly = true
                           LatestRuntimeFrameworkVersion = 6.0.36
                           RuntimePackRuntimeIdentifiers = win-x64;win-x86;win-arm64
                           RuntimePackNamePatterns = Microsoft.WindowsDesktop.App.Runtime.**RID**
                           TargetingPackVersion = 6.0.36
                           Profile = WindowsForms
                           RuntimeFrameworkName = Microsoft.WindowsDesktop.App
                       Microsoft.WindowsDesktop.App.WindowsForms
                           TargetFramework = net10.0
                           DefaultRuntimeFrameworkVersion = 10.0.0
                           TargetingPackName = Microsoft.WindowsDesktop.App.Ref
                           IsWindowsOnly = true
                           LatestRuntimeFrameworkVersion = 10.0.10
                           RuntimePackRuntimeIdentifiers = win-x64;win-x86;win-arm64
                           RuntimePackNamePatterns = Microsoft.WindowsDesktop.App.Runtime.**RID**
                           TargetingPackVersion = 10.0.10
                           Profile = WindowsForms
                           RuntimeFrameworkName = Microsoft.WindowsDesktop.App
                       Microsoft.WindowsDesktop.App.WindowsForms
                           TargetFramework = net5.0
                           DefaultRuntimeFrameworkVersion = 5.0.0
                           TargetingPackName = Microsoft.WindowsDesktop.App.Ref
                           IsWindowsOnly = true
                           LatestRuntimeFrameworkVersion = 5.0.17
                           RuntimePackRuntimeIdentifiers = win-x64;win-x86;win-arm64
                           RuntimePackNamePatterns = Microsoft.WindowsDesktop.App.Runtime.**RID**
                           TargetingPackVersion = 5.0.0
                           Profile = WindowsForms
                           RuntimeFrameworkName = Microsoft.WindowsDesktop.App
                       Microsoft.WindowsDesktop.App.WindowsForms
                           TargetFramework = netcoreapp3.1
                           DefaultRuntimeFrameworkVersion = 3.1.0
                           TargetingPackName = Microsoft.WindowsDesktop.App.Ref
                           IsWindowsOnly = true
                           LatestRuntimeFrameworkVersion = 3.1.32
                           RuntimePackRuntimeIdentifiers = win-x64;win-x86
                           RuntimePackNamePatterns = Microsoft.WindowsDesktop.App.Runtime.**RID**
                           TargetingPackVersion = 3.1.0
                           Profile = WindowsForms
                           RuntimeFrameworkName = Microsoft.WindowsDesktop.App
                       Microsoft.WindowsDesktop.App.WindowsForms
                           TargetFramework = net9.0
                           DefaultRuntimeFrameworkVersion = 9.0.0
                           TargetingPackName = Microsoft.WindowsDesktop.App.Ref
                           IsWindowsOnly = true
                           LatestRuntimeFrameworkVersion = 9.0.18
                           RuntimePackRuntimeIdentifiers = win-x64;win-x86;win-arm64
                           RuntimePackNamePatterns = Microsoft.WindowsDesktop.App.Runtime.**RID**
                           TargetingPackVersion = 9.0.18
                           Profile = WindowsForms
                           RuntimeFrameworkName = Microsoft.WindowsDesktop.App
                       Microsoft.WindowsDesktop.App.WindowsForms
                           TargetFramework = net7.0
                           DefaultRuntimeFrameworkVersion = 7.0.0
                           TargetingPackName = Microsoft.WindowsDesktop.App.Ref
                           IsWindowsOnly = true
                           LatestRuntimeFrameworkVersion = 7.0.20
                           RuntimePackRuntimeIdentifiers = win-x64;win-x86;win-arm64
                           RuntimePackNamePatterns = Microsoft.WindowsDesktop.App.Runtime.**RID**
                           TargetingPackVersion = 7.0.20
                           Profile = WindowsForms
                           RuntimeFrameworkName = Microsoft.WindowsDesktop.App
                       Microsoft.WindowsDesktop.App.WindowsForms
                           TargetFramework = netcoreapp3.0
                           DefaultRuntimeFrameworkVersion = 3.0.0
                           TargetingPackName = Microsoft.WindowsDesktop.App.Ref
                           IsWindowsOnly = true
                           LatestRuntimeFrameworkVersion = 3.0.3
                           RuntimePackRuntimeIdentifiers = win-x64;win-x86
                           RuntimePackNamePatterns = Microsoft.WindowsDesktop.App.Runtime.**RID**
                           TargetingPackVersion = 3.0.0
                           Profile = WindowsForms
                           RuntimeFrameworkName = Microsoft.WindowsDesktop.App
                       Microsoft.WindowsDesktop.App.WindowsForms
                           TargetFramework = net8.0
                           DefaultRuntimeFrameworkVersion = 8.0.0
                           TargetingPackName = Microsoft.WindowsDesktop.App.Ref
                           IsWindowsOnly = true
                           LatestRuntimeFrameworkVersion = 8.0.29
                           RuntimePackRuntimeIdentifiers = win-x64;win-x86;win-arm64
                           RuntimePackNamePatterns = Microsoft.WindowsDesktop.App.Runtime.**RID**
                           TargetingPackVersion = 8.0.29
                           Profile = WindowsForms
                           RuntimeFrameworkName = Microsoft.WindowsDesktop.App
                       Microsoft.WindowsDesktop.App.WPF
                           TargetFramework = netcoreapp3.0
                           DefaultRuntimeFrameworkVersion = 3.0.0
                           TargetingPackName = Microsoft.WindowsDesktop.App.Ref
                           IsWindowsOnly = true
                           LatestRuntimeFrameworkVersion = 3.0.3
                           RuntimePackRuntimeIdentifiers = win-x64;win-x86
                           RuntimePackNamePatterns = Microsoft.WindowsDesktop.App.Runtime.**RID**
                           TargetingPackVersion = 3.0.0
                           Profile = WPF
                           RuntimeFrameworkName = Microsoft.WindowsDesktop.App
                       Microsoft.WindowsDesktop.App.WPF
                           TargetFramework = net8.0
                           DefaultRuntimeFrameworkVersion = 8.0.0
                           TargetingPackName = Microsoft.WindowsDesktop.App.Ref
                           IsWindowsOnly = true
                           LatestRuntimeFrameworkVersion = 8.0.29
                           RuntimePackRuntimeIdentifiers = win-x64;win-x86;win-arm64
                           RuntimePackNamePatterns = Microsoft.WindowsDesktop.App.Runtime.**RID**
                           TargetingPackVersion = 8.0.29
                           Profile = WPF
                           RuntimeFrameworkName = Microsoft.WindowsDesktop.App
                       Microsoft.WindowsDesktop.App.WPF
                           TargetFramework = net5.0
                           DefaultRuntimeFrameworkVersion = 5.0.0
                           TargetingPackName = Microsoft.WindowsDesktop.App.Ref
                           IsWindowsOnly = true
                           LatestRuntimeFrameworkVersion = 5.0.17
                           RuntimePackRuntimeIdentifiers = win-x64;win-x86;win-arm64
                           RuntimePackNamePatterns = Microsoft.WindowsDesktop.App.Runtime.**RID**
                           TargetingPackVersion = 5.0.0
                           Profile = WPF
                           RuntimeFrameworkName = Microsoft.WindowsDesktop.App
                       Microsoft.WindowsDesktop.App.WPF
                           TargetFramework = netcoreapp3.1
                           DefaultRuntimeFrameworkVersion = 3.1.0
                           TargetingPackName = Microsoft.WindowsDesktop.App.Ref
                           IsWindowsOnly = true
                           LatestRuntimeFrameworkVersion = 3.1.32
                           RuntimePackRuntimeIdentifiers = win-x64;win-x86
                           RuntimePackNamePatterns = Microsoft.WindowsDesktop.App.Runtime.**RID**
                           TargetingPackVersion = 3.1.0
                           Profile = WPF
                           RuntimeFrameworkName = Microsoft.WindowsDesktop.App
                       Microsoft.WindowsDesktop.App.WPF
                           TargetFramework = net9.0
                           DefaultRuntimeFrameworkVersion = 9.0.0
                           TargetingPackName = Microsoft.WindowsDesktop.App.Ref
                           IsWindowsOnly = true
                           LatestRuntimeFrameworkVersion = 9.0.18
                           RuntimePackRuntimeIdentifiers = win-x64;win-x86;win-arm64
                           RuntimePackNamePatterns = Microsoft.WindowsDesktop.App.Runtime.**RID**
                           TargetingPackVersion = 9.0.18
                           Profile = WPF
                           RuntimeFrameworkName = Microsoft.WindowsDesktop.App
                       Microsoft.WindowsDesktop.App.WPF
                           TargetFramework = net6.0
                           DefaultRuntimeFrameworkVersion = 6.0.0
                           TargetingPackName = Microsoft.WindowsDesktop.App.Ref
                           IsWindowsOnly = true
                           LatestRuntimeFrameworkVersion = 6.0.36
                           RuntimePackRuntimeIdentifiers = win-x64;win-x86;win-arm64
                           RuntimePackNamePatterns = Microsoft.WindowsDesktop.App.Runtime.**RID**
                           TargetingPackVersion = 6.0.36
                           Profile = WPF
                           RuntimeFrameworkName = Microsoft.WindowsDesktop.App
                       Microsoft.WindowsDesktop.App.WPF
                           TargetFramework = net7.0
                           DefaultRuntimeFrameworkVersion = 7.0.0
                           TargetingPackName = Microsoft.WindowsDesktop.App.Ref
                           IsWindowsOnly = true
                           LatestRuntimeFrameworkVersion = 7.0.20
                           RuntimePackRuntimeIdentifiers = win-x64;win-x86;win-arm64
                           RuntimePackNamePatterns = Microsoft.WindowsDesktop.App.Runtime.**RID**
                           TargetingPackVersion = 7.0.20
                           Profile = WPF
                           RuntimeFrameworkName = Microsoft.WindowsDesktop.App
                       Microsoft.WindowsDesktop.App.WPF
                           TargetFramework = net10.0
                           DefaultRuntimeFrameworkVersion = 10.0.0
                           TargetingPackName = Microsoft.WindowsDesktop.App.Ref
                           IsWindowsOnly = true
                           LatestRuntimeFrameworkVersion = 10.0.10
                           RuntimePackRuntimeIdentifiers = win-x64;win-x86;win-arm64
                           RuntimePackNamePatterns = Microsoft.WindowsDesktop.App.Runtime.**RID**
                           TargetingPackVersion = 10.0.10
                           Profile = WPF
                           RuntimeFrameworkName = Microsoft.WindowsDesktop.App
                       NETStandard.Library
                           TargetFramework = netstandard2.1
                           TargetingPackName = NETStandard.Library.Ref
                           TargetingPackVersion = 2.1.0
                   KnownILCompilerPack
                       Microsoft.DotNet.ILCompiler
                           ILCompilerPackNamePattern = runtime.**RID**.Microsoft.DotNet.ILCompiler
                           ILCompilerRuntimePackNamePattern = Microsoft.NETCore.App.Runtime.NativeAOT.**RID**
                           TargetFramework = net10.0
                           ILCompilerPackVersion = 10.0.10
                           ILCompilerRuntimeIdentifiers = linux-arm64;linux-musl-arm64;linux-musl-x64;linux-x64;win-arm64;win-x64;osx-x64;osx-arm64;freebsd-x64;freebsd-arm64;linux-arm;linux-musl-arm;linux-loongarch64;linux-musl-loongarch64;win-x86;linux-riscv64;linux-musl-riscv64
                           ILCompilerPortableRuntimeIdentifiers = linux-arm64;linux-musl-arm64;linux-musl-x64;linux-x64;win-arm64;win-x64;osx-x64;osx-arm64;freebsd-x64;freebsd-arm64;linux-arm;linux-musl-arm;linux-loongarch64;linux-musl-loongarch64;win-x86;linux-riscv64;linux-musl-riscv64
                       Microsoft.DotNet.ILCompiler
                           ILCompilerPackNamePattern = runtime.**RID**.Microsoft.DotNet.ILCompiler
                           TargetFramework = net9.0
                           ILCompilerPackVersion = 9.0.18
                           ILCompilerRuntimeIdentifiers = linux-arm64;linux-musl-arm64;linux-musl-x64;linux-x64;win-arm64;win-x64;osx-x64;osx-arm64;freebsd-x64;freebsd-arm64;linux-arm;linux-musl-arm;linux-loongarch64;linux-musl-loongarch64;win-x86
                       Microsoft.DotNet.ILCompiler
                           ILCompilerPackNamePattern = runtime.**RID**.Microsoft.DotNet.ILCompiler
                           TargetFramework = net8.0
                           ILCompilerPackVersion = 8.0.29
                           ILCompilerRuntimeIdentifiers = linux-arm64;linux-musl-arm64;linux-musl-x64;linux-x64;win-arm64;win-x64;osx-x64;osx-arm64;freebsd-x64;freebsd-arm64
                       Microsoft.DotNet.ILCompiler
                           ILCompilerPackNamePattern = runtime.**RID**.Microsoft.DotNet.ILCompiler
                           TargetFramework = net7.0
                           ILCompilerPackVersion = 7.0.20
                           ILCompilerRuntimeIdentifiers = linux-arm64;linux-musl-arm64;linux-musl-x64;linux-x64;win-arm64;win-x64
                   KnownILLinkPack
                       Microsoft.NET.ILLink.Tasks
                           TargetFramework = net10.0
                           ILLinkPackVersion = 10.0.10
                       Microsoft.NET.ILLink.Tasks
                           TargetFramework = net9.0
                           ILLinkPackVersion = 9.0.18
                       Microsoft.NET.ILLink.Tasks
                           TargetFramework = net8.0
                           ILLinkPackVersion = 8.0.29
                       Microsoft.NET.ILLink.Tasks
                           TargetFramework = net7.0
                           ILLinkPackVersion = 7.0.100-1.23211.1
                       Microsoft.NET.ILLink.Tasks
                           TargetFramework = net6.0
                           ILLinkPackVersion = 7.0.100-1.23211.1
                       Microsoft.NET.ILLink.Tasks
                           TargetFramework = net5.0
                           ILLinkPackVersion = 7.0.100-1.23211.1
                       Microsoft.NET.ILLink.Tasks
                           TargetFramework = netcoreapp3.1
                           ILLinkPackVersion = 7.0.100-1.23211.1
                       Microsoft.NET.ILLink.Tasks
                           TargetFramework = netcoreapp3.0
                           ILLinkPackVersion = 7.0.100-1.23211.1
                   KnownRuntimePack
                       Microsoft.NETCore.App
                           TargetFramework = net10.0
                           LatestRuntimeFrameworkVersion = 10.0.10
                           RuntimePackRuntimeIdentifiers = ios-arm64;iossimulator-arm64;iossimulator-x64;tvos-arm64;tvossimulator-arm64;tvossimulator-x64;maccatalyst-arm64;maccatalyst-x64;linux-bionic-arm64;linux-bionic-x64;osx-arm64;osx-x64;freebsd-arm64;freebsd-x64;linux-x64;linux-arm;linux-arm64;linux-loongarch64;linux-bionic-arm;linux-musl-x64;linux-musl-arm;linux-musl-arm64;linux-musl-loongarch64;win-x64;win-x86;win-arm64;browser-wasm;wasi-wasm;linux-riscv64;linux-musl-riscv64;android-arm64;android-x64
                           RuntimePackNamePatterns = Microsoft.NETCore.App.Runtime.NativeAOT.**RID**
                           RuntimePackLabels = NativeAOT
                           RuntimeFrameworkName = Microsoft.NETCore.App
                       Microsoft.NETCore.App
                           TargetFramework = net10.0
                           LatestRuntimeFrameworkVersion = 10.0.10
                           RuntimePackRuntimeIdentifiers = linux-arm;linux-arm64;linux-musl-arm64;linux-musl-x64;linux-x64;osx-x64;win-arm64;win-x64;win-x86;linux-musl-arm;osx-arm64;linux-s390x;linux-loongarch64;browser-wasm;ios-arm64;ios-arm;iossimulator-arm64;iossimulator-x64;iossimulator-x86;tvos-arm64;tvossimulator-arm64;tvossimulator-x64;maccatalyst-x64;maccatalyst-arm64;android-arm64;android-arm;android-x64;android-x86;freebsd-x64;freebsd-arm64;wasi-wasm;linux-riscv64;linux-musl-riscv64;linux-loongarch64;linux-musl-loongarch64
                           RuntimePackNamePatterns = Microsoft.NETCore.App.Runtime.Mono.**RID**
                           RuntimePackLabels = Mono
                           RuntimeFrameworkName = Microsoft.NETCore.App
                       Microsoft.NETCore.App
                           TargetFramework = net9.0
                           LatestRuntimeFrameworkVersion = 9.0.18
                           RuntimePackRuntimeIdentifiers = ios-arm64;iossimulator-arm64;iossimulator-x64;tvos-arm64;tvossimulator-arm64;tvossimulator-x64;maccatalyst-arm64;maccatalyst-x64;linux-bionic-arm64;linux-bionic-x64;osx-arm64;osx-x64;freebsd-arm64;freebsd-x64;linux-x64;linux-arm;linux-arm64;linux-loongarch64;linux-bionic-arm;linux-musl-x64;linux-musl-arm;linux-musl-arm64;linux-musl-loongarch64;win-x64;win-x86;win-arm64;browser-wasm;wasi-wasm
                           RuntimePackNamePatterns = Microsoft.NETCore.App.Runtime.NativeAOT.**RID**
                           RuntimePackLabels = NativeAOT
                           RuntimeFrameworkName = Microsoft.NETCore.App
                       Microsoft.NETCore.App
                           TargetFramework = net9.0
                           LatestRuntimeFrameworkVersion = 9.0.18
                           RuntimePackRuntimeIdentifiers = linux-arm;linux-arm64;linux-musl-arm64;linux-musl-x64;linux-x64;osx-x64;win-arm64;win-x64;win-x86;linux-musl-arm;osx-arm64;linux-s390x;linux-loongarch64;browser-wasm;ios-arm64;ios-arm;iossimulator-arm64;iossimulator-x64;iossimulator-x86;tvos-arm64;tvossimulator-arm64;tvossimulator-x64;maccatalyst-x64;maccatalyst-arm64;android-arm64;android-arm;android-x64;android-x86;freebsd-x64;freebsd-arm64;wasi-wasm;linux-riscv64;linux-musl-riscv64;linux-loongarch64;linux-musl-loongarch64
                           RuntimePackNamePatterns = Microsoft.NETCore.App.Runtime.Mono.**RID**
                           RuntimePackLabels = Mono
                           RuntimeFrameworkName = Microsoft.NETCore.App
                       Microsoft.NETCore.App
                           TargetFramework = net8.0
                           LatestRuntimeFrameworkVersion = 8.0.29
                           RuntimePackRuntimeIdentifiers = ios-arm64;iossimulator-arm64;iossimulator-x64;tvos-arm64;tvossimulator-arm64;tvossimulator-x64;maccatalyst-arm64;maccatalyst-x64;linux-bionic-arm64;linux-bionic-x64;osx-arm64;osx-x64;freebsd-arm64;freebsd-x64
                           RuntimePackNamePatterns = Microsoft.NETCore.App.Runtime.NativeAOT.**RID**
                           RuntimePackLabels = NativeAOT
                           RuntimeFrameworkName = Microsoft.NETCore.App
                       Microsoft.NETCore.App
                           TargetFramework = net8.0
                           LatestRuntimeFrameworkVersion = 8.0.29
                           RuntimePackRuntimeIdentifiers = linux-arm;linux-arm64;linux-musl-arm64;linux-musl-x64;linux-x64;osx-x64;win-arm64;win-x64;win-x86;linux-musl-arm;osx-arm64;linux-s390x;linux-loongarch64;browser-wasm;ios-arm64;ios-arm;iossimulator-arm64;iossimulator-x64;iossimulator-x86;tvos-arm64;tvossimulator-arm64;tvossimulator-x64;maccatalyst-x64;maccatalyst-arm64;android-arm64;android-arm;android-x64;android-x86;freebsd-x64;freebsd-arm64;wasi-wasm
                           RuntimePackNamePatterns = Microsoft.NETCore.App.Runtime.Mono.**RID**
                           RuntimePackLabels = Mono
                           RuntimeFrameworkName = Microsoft.NETCore.App
                       Microsoft.NETCore.App
                           TargetFramework = net7.0
                           LatestRuntimeFrameworkVersion = 7.0.20
                           RuntimePackRuntimeIdentifiers = linux-arm;linux-arm64;linux-musl-arm64;linux-musl-x64;linux-x64;osx-x64;win-arm;win-arm64;win-x64;win-x86;linux-musl-arm;osx-arm64;linux-s390x;linux-loongarch64;browser-wasm;ios-arm64;ios-arm;iossimulator-arm64;iossimulator-x64;iossimulator-x86;tvos-arm64;tvossimulator-arm64;tvossimulator-x64;maccatalyst-x64;maccatalyst-arm64;android-arm64;android-arm;android-x64;android-x86
                           RuntimePackNamePatterns = Microsoft.NETCore.App.Runtime.Mono.**RID**
                           RuntimePackLabels = Mono
                           RuntimeFrameworkName = Microsoft.NETCore.App
                       Microsoft.NETCore.App
                           TargetFramework = net6.0
                           LatestRuntimeFrameworkVersion = 6.0.36
                           RuntimePackRuntimeIdentifiers = linux-arm;linux-arm64;linux-musl-arm64;linux-musl-x64;linux-x64;osx-x64;win-arm;win-arm64;win-x64;win-x86;linux-musl-arm;osx-arm64;linux-s390x;linux-loongarch64;browser-wasm;ios-arm64;ios-arm;iossimulator-arm64;iossimulator-x64;iossimulator-x86;tvos-arm64;tvossimulator-arm64;tvossimulator-x64;maccatalyst-x64;maccatalyst-arm64;android-arm64;android-arm;android-x64;android-x86
                           RuntimePackNamePatterns = Microsoft.NETCore.App.Runtime.Mono.**RID**
                           RuntimePackLabels = Mono
                           RuntimeFrameworkName = Microsoft.NETCore.App
                   KnownWebAssemblySdkPack
                       Microsoft.NET.Sdk.WebAssembly.Pack
                           TargetFramework = net10.0
                           WebAssemblySdkPackVersion = 10.0.10
                       Microsoft.NET.Sdk.WebAssembly.Pack
                           TargetFramework = net9.0
                           WebAssemblySdkPackVersion = 10.0.10
                       Microsoft.NET.Sdk.WebAssembly.Pack
                           TargetFramework = net8.0
                           WebAssemblySdkPackVersion = 10.0.10
                       Microsoft.NET.Sdk.WebAssembly.Pack
                           TargetFramework = net7.0
                           WebAssemblySdkPackVersion = 10.0.10
                       Microsoft.NET.Sdk.WebAssembly.Pack
                           TargetFramework = net6.0
                           WebAssemblySdkPackVersion = 10.0.10
                   PackageConflictOverrides
                       NETStandard.Library
                           OverriddenPackages = 
                           Microsoft.Win32.Primitives|4.3.0;
                           System.AppContext|4.3.0;
                           System.Collections|4.3.0;
                           System.Collections.Concurrent|4.3.0;
                           System.Collections.Immutable|1.4.0;
                           System.Collections.NonGeneric|4.3.0;
                           System.Collections.Specialized|4.3.0;
                           System.ComponentModel|4.3.0;
                           System.ComponentModel.EventBasedAsync|4.3.0;
                           System.ComponentModel.Primitives|4.3.0;
                           System.ComponentModel.TypeConverter|4.3.0;
                           System.Console|4.3.0;
                           System.Data.Common|4.3.0;
                           System.Diagnostics.Contracts|4.3.0;
                           System.Diagnostics.Debug|4.3.0;
                           System.Diagnostics.FileVersionInfo|4.3.0;
                           System.Diagnostics.Process|4.3.0;
                           System.Diagnostics.StackTrace|4.3.0;
                           System.Diagnostics.TextWriterTraceListener|4.3.0;
                           System.Diagnostics.Tools|4.3.0;
                           System.Diagnostics.TraceSource|4.3.0;
                           System.Diagnostics.Tracing|4.3.0;
                           System.Dynamic.Runtime|4.3.0;
                           System.Globalization|4.3.0;
                           System.Globalization.Calendars|4.3.0;
                           System.Globalization.Extensions|4.3.0;
                           System.IO|4.3.0;
                           System.IO.Compression|4.3.0;
                           System.IO.Compression.ZipFile|4.3.0;
                           System.IO.FileSystem|4.3.0;
                           System.IO.FileSystem.DriveInfo|4.3.0;
                           System.IO.FileSystem.Primitives|4.3.0;
                           System.IO.FileSystem.Watcher|4.3.0;
                           System.IO.IsolatedStorage|4.3.0;
                           System.IO.MemoryMappedFiles|4.3.0;
                           System.IO.Pipes|4.3.0;
                           System.IO.UnmanagedMemoryStream|4.3.0;
                           System.Linq|4.3.0;
                           System.Linq.Expressions|4.3.0;
                           System.Linq.Queryable|4.3.0;
                           System.Net.Http|4.3.0;
                           System.Net.NameResolution|4.3.0;
                           System.Net.Primitives|4.3.0;
                           System.Net.Requests|4.3.0;
                           System.Net.Security|4.3.0;
                           System.Net.Sockets|4.3.0;
                           System.Net.WebHeaderCollection|4.3.0;
                           System.ObjectModel|4.3.0;
                           System.Private.DataContractSerialization|4.3.0;
                           System.Reflection|4.3.0;
                           System.Reflection.Emit|4.3.0;
                           System.Reflection.Emit.ILGeneration|4.3.0;
                           System.Reflection.Emit.Lightweight|4.3.0;
                           System.Reflection.Extensions|4.3.0;
                           System.Reflection.Primitives|4.3.0;
                           System.Reflection.TypeExtensions|4.3.0;
                           System.Resources.ResourceManager|4.3.0;
                           System.Runtime|4.3.0;
                           System.Runtime.Extensions|4.3.0;
                           System.Runtime.Handles|4.3.0;
                           System.Runtime.InteropServices|4.3.0;
                           System.Runtime.InteropServices.RuntimeInformation|4.3.0;
                           System.Runtime.Loader|4.3.0;
                           System.Runtime.Numerics|4.3.0;
                           System.Runtime.Serialization.Formatters|4.3.0;
                           System.Runtime.Serialization.Json|4.3.0;
                           System.Runtime.Serialization.Primitives|4.3.0;
                           System.Security.AccessControl|4.4.0;
                           System.Security.Claims|4.3.0;
                           System.Security.Cryptography.Algorithms|4.3.0;
                           System.Security.Cryptography.Csp|4.3.0;
                           System.Security.Cryptography.Encoding|4.3.0;
                           System.Security.Cryptography.Primitives|4.3.0;
                           System.Security.Cryptography.X509Certificates|4.3.0;
                           System.Security.Cryptography.Xml|4.4.0;
                           System.Security.Principal|4.3.0;
                           System.Security.Principal.Windows|4.4.0;
                           System.Text.Encoding|4.3.0;
                           System.Text.Encoding.Extensions|4.3.0;
                           System.Text.RegularExpressions|4.3.0;
                           System.Threading|4.3.0;
                           System.Threading.Overlapped|4.3.0;
                           System.Threading.Tasks|4.3.0;
                           System.Threading.Tasks.Extensions|4.3.0;
                           System.Threading.Tasks.Parallel|4.3.0;
                           System.Threading.Thread|4.3.0;
                           System.Threading.ThreadPool|4.3.0;
                           System.Threading.Timer|4.3.0;
                           System.ValueTuple|4.3.0;
                           System.Xml.ReaderWriter|4.3.0;
                           System.Xml.XDocument|4.3.0;
                           System.Xml.XmlDocument|4.3.0;
                           System.Xml.XmlSerializer|4.3.0;
                           System.Xml.XPath|4.3.0;
                           System.Xml.XPath.XDocument|4.3.0;
                         
                   PackageReference
                       Autofac
                           Version = 9.0.0
                       ImGui.NET
                           Version = 1.90.8.1
                       Silk.NET.OpenGL.Extensions.ImGui
                           Version = 2.23.0
                   PotentialEditorConfigFiles
                       /.editorconfig
                       /mnt/.editorconfig
                       /mnt/projects/.editorconfig
                       /mnt/projects/mlkvs/.editorconfig
                       /mnt/projects/mlkvs/vecxy.game/.editorconfig
                       /mnt/projects/mlkvs/vecxy.game/Engine/.editorconfig
                       /mnt/projects/mlkvs/vecxy.game/Engine/Vecxy/.editorconfig
                       /mnt/projects/mlkvs/vecxy.game/Engine/Vecxy/Code/.editorconfig
                       /mnt/projects/mlkvs/vecxy.game/Engine/Vecxy/Code/Vecxy.Editor/.editorconfig
                   PreprocessorValue
                       assemblyname
                           Value = Vecxy.Editor
                       filename
                           Value = Vecxy.Editor.csproj
                       fullpath
                           Value = /mnt/projects/mlkvs/vecxy.game/Engine/Vecxy/Code/Vecxy.Editor
                       outputfilename
                           Value = Vecxy.Editor.dll
                       rootnamespace
                           Value = Vecxy.Editor
                   ProjectCapability
                       AllTargetOutputGroups
                       AssemblyReferences
                       COMReferences
                       CSharp
                       DeclaredSourceItems
                       GenerateDocumentationFile
                       LanguageService
                       Managed
                       NativeAOT
                       NetSdkOCIImageBuild
                       OutputGroups
                       Pack
                       ProjectReferences
                       ReferencesFolder
                       RelativePathDerivedDefaultNamespace
                       SharedProjectReferences
                       SingleFileGenerators
                       SupportsComputeRunCommand
                       SupportsHotReload
                       UserSourceItems
                       VisualStudioWellKnownOutputGroups
                   ProjectReference
                       ../Vecxy.Diagnostics/Vecxy.Diagnostics.csproj
                           ReferenceSourceTarget = ProjectReference
                           OutputItemType = 
                           Targets = 
                       ../Vecxy.Engine/Vecxy.Engine.csproj
                           ReferenceSourceTarget = ProjectReference
                           OutputItemType = 
                           Targets = 
                       ../Vecxy.Kernel/Vecxy.Kernel.csproj
                           ReferenceSourceTarget = ProjectReference
                           OutputItemType = 
                           Targets = 
                       ../Vecxy.Rendering/Vecxy.Rendering.csproj
                           ReferenceSourceTarget = ProjectReference
                           OutputItemType = 
                           Targets = 
                       ../Vecxy.Scene/Vecxy.Scene.csproj
                           ReferenceSourceTarget = ProjectReference
                           OutputItemType = 
                           Targets = 
                   PropertyPageSchema
                       /home/melkov/.dotnet/sdk/10.0.302//assemblyreference.xaml
                           Context = ;BrowseObject
                       /home/melkov/.dotnet/sdk/10.0.302//COMReference.xaml
                           Context = ;BrowseObject
                       /home/melkov/.dotnet/sdk/10.0.302//Content.xaml
                           Context = File;BrowseObject
                       /home/melkov/.dotnet/sdk/10.0.302//CSharp.BrowseObject.xaml
                           Context = BrowseObject
                       /home/melkov/.dotnet/sdk/10.0.302//CSharp.ProjectItemsSchema.xaml
                       /home/melkov/.dotnet/sdk/10.0.302//CSharp.xaml
                           Context = File
                       /home/melkov/.dotnet/sdk/10.0.302//Debugger_General.xaml
                           Context = Project
                       /home/melkov/.dotnet/sdk/10.0.302//EmbeddedResource.xaml
                           Context = File;BrowseObject
                       /home/melkov/.dotnet/sdk/10.0.302//Folder.xaml
                           Context = File;BrowseObject
                       /home/melkov/.dotnet/sdk/10.0.302//General_File.xaml
                           Context = File
                       /home/melkov/.dotnet/sdk/10.0.302//General.BrowseObject.xaml
                           Context = BrowseObject
                       /home/melkov/.dotnet/sdk/10.0.302//General.xaml
                           Context = Project
                       /home/melkov/.dotnet/sdk/10.0.302//None.xaml
                           Context = File;BrowseObject
                       /home/melkov/.dotnet/sdk/10.0.302//ProjectItemsSchema.xaml
                       /home/melkov/.dotnet/sdk/10.0.302//ProjectReference.xaml
                           Context = ;BrowseObject
                       /home/melkov/.dotnet/sdk/10.0.302//ResolvedAssemblyReference.xaml
                           Context = ProjectSubscriptionService;BrowseObject
                       /home/melkov/.dotnet/sdk/10.0.302//ResolvedCOMReference.xaml
                           Context = ProjectSubscriptionService;BrowseObject
                       /home/melkov/.dotnet/sdk/10.0.302//ResolvedProjectReference.xaml
                           Context = ProjectSubscriptionService;BrowseObject
                       /home/melkov/.dotnet/sdk/10.0.302//SCC.xaml
                           Context = Invisible
                       /home/melkov/.dotnet/sdk/10.0.302//SpecialFolder.xaml
                           Context = File;ProjectSubscriptionService
                   RegFreeComManifest
                       obj/Debug/net10.0/Vecxy.Editor.X.manifest
                   RuntimeHostConfigurationOption
                       System.Runtime.Serialization.EnableUnsafeBinaryFormatterSerialization
                           Value = false
                           Trim = true
                   SdkSupportedTargetPlatformIdentifier
                       android
                           DisplayName = Android
                       ios
                           DisplayName = iOS
                       maccatalyst
                           DisplayName = MacCatalyst
                       macos
                           DisplayName = macOS
                       tvos
                           DisplayName = tvOS
                       windows
                           DisplayName = Windows
                   SourceLinkAzureReposGitHost
                       dev.azure.com
                       visualstudio.com
                       vsts.me
                   SourceLinkBitbucketGitHost
                       bitbucket.org
                           EnterpriseEdition = false
                   SourceLinkGitHubHost
                       github.com
                           ContentUrl = https://raw.githubusercontent.com
                   SourceLinkGitLabHost
                       gitlab.com
                   SourceRoot
                       /home/melkov/.nuget/packages/
                   SupportedNETCoreAppTargetFramework
                       .NETCoreApp,Version=v1.0
                           DisplayName = .NET Core 1.0
                           Alias = netcoreapp1.0
                       .NETCoreApp,Version=v1.1
                           DisplayName = .NET Core 1.1
                           Alias = netcoreapp1.1
                       .NETCoreApp,Version=v10.0
                           DisplayName = .NET 10.0
                           Alias = net10.0
                       .NETCoreApp,Version=v2.0
                           DisplayName = .NET Core 2.0
                           Alias = netcoreapp2.0
                       .NETCoreApp,Version=v2.1
                           DisplayName = .NET Core 2.1
                           Alias = netcoreapp2.1
                       .NETCoreApp,Version=v2.2
                           DisplayName = .NET Core 2.2
                           Alias = netcoreapp2.2
                       .NETCoreApp,Version=v3.0
                           DisplayName = .NET Core 3.0
                           Alias = netcoreapp3.0
                       .NETCoreApp,Version=v3.1
                           DisplayName = .NET Core 3.1
                           Alias = netcoreapp3.1
                       .NETCoreApp,Version=v5.0
                           DisplayName = .NET 5.0
                           Alias = net5.0
                       .NETCoreApp,Version=v6.0
                           DisplayName = .NET 6.0
                           Alias = net6.0
                       .NETCoreApp,Version=v7.0
                           DisplayName = .NET 7.0
                           Alias = net7.0
                       .NETCoreApp,Version=v8.0
                           DisplayName = .NET 8.0
                           Alias = net8.0
                       .NETCoreApp,Version=v9.0
                           DisplayName = .NET 9.0
                           Alias = net9.0
                   SupportedNETFrameworkTargetFramework
                       .NETFramework,Version=v2.0
                           DisplayName = .NET Framework 2.0
                           Alias = net20
                       .NETFramework,Version=v3.0
                           DisplayName = .NET Framework 3.0
                           Alias = net30
                       .NETFramework,Version=v3.5
                           DisplayName = .NET Framework 3.5
                           Alias = net35
                       .NETFramework,Version=v4.0
                           DisplayName = .NET Framework 4.0
                           Alias = net40
                       .NETFramework,Version=v4.5
                           DisplayName = .NET Framework 4.5
                           Alias = net45
                       .NETFramework,Version=v4.5.1
                           DisplayName = .NET Framework 4.5.1
                           Alias = net451
                       .NETFramework,Version=v4.5.2
                           DisplayName = .NET Framework 4.5.2
                           Alias = net452
                       .NETFramework,Version=v4.6
                           DisplayName = .NET Framework 4.6
                           Alias = net46
                       .NETFramework,Version=v4.6.1
                           DisplayName = .NET Framework 4.6.1
                           Alias = net461
                       .NETFramework,Version=v4.6.2
                           DisplayName = .NET Framework 4.6.2
                           Alias = net462
                       .NETFramework,Version=v4.7
                           DisplayName = .NET Framework 4.7
                           Alias = net47
                       .NETFramework,Version=v4.7.1
                           DisplayName = .NET Framework 4.7.1
                           Alias = net471
                       .NETFramework,Version=v4.7.2
                           DisplayName = .NET Framework 4.7.2
                           Alias = net472
                       .NETFramework,Version=v4.8
                           DisplayName = .NET Framework 4.8
                           Alias = net48
                       .NETFramework,Version=v4.8.1
                           DisplayName = .NET Framework 4.8.1
                           Alias = net481
                   SupportedNETStandardTargetFramework
                       .NETStandard,Version=v1.0
                           DisplayName = .NET Standard 1.0
                           Alias = netstandard1.0
                       .NETStandard,Version=v1.1
                           DisplayName = .NET Standard 1.1
                           Alias = netstandard1.1
                       .NETStandard,Version=v1.2
                           DisplayName = .NET Standard 1.2
                           Alias = netstandard1.2
                       .NETStandard,Version=v1.3
                           DisplayName = .NET Standard 1.3
                           Alias = netstandard1.3
                       .NETStandard,Version=v1.4
                           DisplayName = .NET Standard 1.4
                           Alias = netstandard1.4
                       .NETStandard,Version=v1.5
                           DisplayName = .NET Standard 1.5
                           Alias = netstandard1.5
                       .NETStandard,Version=v1.6
                           DisplayName = .NET Standard 1.6
                           Alias = netstandard1.6
                       .NETStandard,Version=v2.0
                           DisplayName = .NET Standard 2.0
                           Alias = netstandard2.0
                       .NETStandard,Version=v2.1
                           DisplayName = .NET Standard 2.1
                           Alias = netstandard2.1
                   SupportedPlatform
                       Linux
                       macOS
                       Windows
                   SupportedTargetFramework
                       .NETCoreApp,Version=v1.0
                           DisplayName = .NET Core 1.0
                           Alias = netcoreapp1.0
                       .NETCoreApp,Version=v1.1
                           DisplayName = .NET Core 1.1
                           Alias = netcoreapp1.1
                       .NETCoreApp,Version=v10.0
                           DisplayName = .NET 10.0
                           Alias = net10.0
                       .NETCoreApp,Version=v2.0
                           DisplayName = .NET Core 2.0
                           Alias = netcoreapp2.0
                       .NETCoreApp,Version=v2.1
                           DisplayName = .NET Core 2.1
                           Alias = netcoreapp2.1
                       .NETCoreApp,Version=v2.2
                           DisplayName = .NET Core 2.2
                           Alias = netcoreapp2.2
                       .NETCoreApp,Version=v3.0
                           DisplayName = .NET Core 3.0
                           Alias = netcoreapp3.0
                       .NETCoreApp,Version=v3.1
                           DisplayName = .NET Core 3.1
                           Alias = netcoreapp3.1
                       .NETCoreApp,Version=v5.0
                           DisplayName = .NET 5.0
                           Alias = net5.0
                       .NETCoreApp,Version=v6.0
                           DisplayName = .NET 6.0
                           Alias = net6.0
                       .NETCoreApp,Version=v7.0
                           DisplayName = .NET 7.0
                           Alias = net7.0
                       .NETCoreApp,Version=v8.0
                           DisplayName = .NET 8.0
                           Alias = net8.0
                       .NETCoreApp,Version=v9.0
                           DisplayName = .NET 9.0
                           Alias = net9.0
                       .NETFramework,Version=v2.0
                           DisplayName = .NET Framework 2.0
                           Alias = net20
                       .NETFramework,Version=v3.0
                           DisplayName = .NET Framework 3.0
                           Alias = net30
                       .NETFramework,Version=v3.5
                           DisplayName = .NET Framework 3.5
                           Alias = net35
                       .NETFramework,Version=v4.0
                           DisplayName = .NET Framework 4.0
                           Alias = net40
                       .NETFramework,Version=v4.5
                           DisplayName = .NET Framework 4.5
                           Alias = net45
                       .NETFramework,Version=v4.5.1
                           DisplayName = .NET Framework 4.5.1
                           Alias = net451
                       .NETFramework,Version=v4.5.2
                           DisplayName = .NET Framework 4.5.2
                           Alias = net452
                       .NETFramework,Version=v4.6
                           DisplayName = .NET Framework 4.6
                           Alias = net46
                       .NETFramework,Version=v4.6.1
                           DisplayName = .NET Framework 4.6.1
                           Alias = net461
                       .NETFramework,Version=v4.6.2
                           DisplayName = .NET Framework 4.6.2
                           Alias = net462
                       .NETFramework,Version=v4.7
                           DisplayName = .NET Framework 4.7
                           Alias = net47
                       .NETFramework,Version=v4.7.1
                           DisplayName = .NET Framework 4.7.1
                           Alias = net471
                       .NETFramework,Version=v4.7.2
                           DisplayName = .NET Framework 4.7.2
                           Alias = net472
                       .NETFramework,Version=v4.8
                           DisplayName = .NET Framework 4.8
                           Alias = net48
                       .NETFramework,Version=v4.8.1
                           DisplayName = .NET Framework 4.8.1
                           Alias = net481
                       .NETStandard,Version=v1.0
                           DisplayName = .NET Standard 1.0
                           Alias = netstandard1.0
                       .NETStandard,Version=v1.1
                           DisplayName = .NET Standard 1.1
                           Alias = netstandard1.1
                       .NETStandard,Version=v1.2
                           DisplayName = .NET Standard 1.2
                           Alias = netstandard1.2
                       .NETStandard,Version=v1.3
                           DisplayName = .NET Standard 1.3
                           Alias = netstandard1.3
                       .NETStandard,Version=v1.4
                           DisplayName = .NET Standard 1.4
                           Alias = netstandard1.4
                       .NETStandard,Version=v1.5
                           DisplayName = .NET Standard 1.5
                           Alias = netstandard1.5
                       .NETStandard,Version=v1.6
                           DisplayName = .NET Standard 1.6
                           Alias = netstandard1.6
                       .NETStandard,Version=v2.0
                           DisplayName = .NET Standard 2.0
                           Alias = netstandard2.0
                       .NETStandard,Version=v2.1
                           DisplayName = .NET Standard 2.1
                           Alias = netstandard2.1
                   Using
                       System
                       System.Collections.Generic
                       System.IO
                       System.Linq
                       System.Net.Http
                       System.Threading
                       System.Threading.Tasks
                   WindowsSdkSupportedTargetPlatformVersion
                       10.0.17763.0
                           WindowsSdkPackageVersion = 10.0.17763.57
                           MinimumNETVersion = 8.0
                       10.0.17763.0
                           WindowsSdkPackageVersion = 10.0.17763.55
                           MinimumNETVersion = 6.0
                       10.0.17763.0
                           WindowsSdkPackageVersion = 10.0.17763.26
                           MinimumNETVersion = 5.0
                       10.0.17763.1
                           WindowsSdkPackageVersion = 10.0.17763.57
                           MinimumNETVersion = 10.0
                       10.0.18362.0
                           WindowsSdkPackageVersion = 10.0.18362.55
                           MinimumNETVersion = 6.0
                       10.0.18362.0
                           WindowsSdkPackageVersion = 10.0.18362.57
                           MinimumNETVersion = 8.0
                       10.0.18362.0
                           WindowsSdkPackageVersion = 10.0.18362.26
                           MinimumNETVersion = 5.0
                       10.0.18362.1
                           WindowsSdkPackageVersion = 10.0.18362.57
                           MinimumNETVersion = 10.0
                       10.0.19041.0
                           WindowsSdkPackageVersion = 10.0.19041.55
                           MinimumNETVersion = 6.0
                       10.0.19041.0
                           WindowsSdkPackageVersion = 10.0.19041.26
                           MinimumNETVersion = 5.0
                       10.0.19041.0
                           WindowsSdkPackageVersion = 10.0.19041.57
                           MinimumNETVersion = 8.0
                       10.0.19041.1
                           WindowsSdkPackageVersion = 10.0.19041.57
                           MinimumNETVersion = 10.0
                       10.0.20348.0
                           WindowsSdkPackageVersion = 10.0.20348.55
                           MinimumNETVersion = 6.0
                       10.0.20348.0
                           WindowsSdkPackageVersion = 10.0.20348.26
                           MinimumNETVersion = 5.0
                       10.0.20348.0
                           WindowsSdkPackageVersion = 10.0.20348.57
                           MinimumNETVersion = 8.0
                       10.0.20348.1
                           WindowsSdkPackageVersion = 10.0.20348.57
                           MinimumNETVersion = 10.0
                       10.0.22000.0
                           WindowsSdkPackageVersion = 10.0.22000.57
                           MinimumNETVersion = 8.0
                       10.0.22000.0
                           WindowsSdkPackageVersion = 10.0.22000.55
                           MinimumNETVersion = 6.0
                       10.0.22000.0
                           WindowsSdkPackageVersion = 10.0.22000.26
                           MinimumNETVersion = 5.0
                       10.0.22000.1
                           WindowsSdkPackageVersion = 10.0.22000.57
                           MinimumNETVersion = 10.0
                       10.0.22621.0
                           WindowsSdkPackageVersion = 10.0.22621.57
                           MinimumNETVersion = 8.0
                       10.0.22621.0
                           WindowsSdkPackageVersion = 10.0.22621.55
                           MinimumNETVersion = 6.0
                       10.0.22621.1
                           WindowsSdkPackageVersion = 10.0.22621.57
                           MinimumNETVersion = 10.0
                       10.0.26100.0
                           WindowsSdkPackageVersion = 10.0.26100.55
                           MinimumNETVersion = 6.0
                       10.0.26100.0
                           WindowsSdkPackageVersion = 10.0.26100.57
                           MinimumNETVersion = 8.0
                       10.0.26100.1
                           WindowsSdkPackageVersion = 10.0.26100.57
                           MinimumNETVersion = 10.0
                       7.0
                       8.0

00:59:18.216     1>Project "/mnt/projects/mlkvs/vecxy.game/Game/Game.csproj" (1) is building "/mnt/projects/mlkvs/vecxy.game/Engine/Vecxy/Code/Vecxy.Editor/Vecxy.Editor.csproj" (2) on node 1 (GetTargetFrameworks target(s)).
00:59:18.513     2>Target "_CalculateIsVSTestTestProject: (TargetId:44)" in file "/home/melkov/.dotnet/sdk/10.0.302/Sdks/Microsoft.NET.Sdk/targets/Microsoft.NET.Sdk.targets" from project "/mnt/projects/mlkvs/vecxy.game/Engine/Vecxy/Code/Vecxy.Editor/Vecxy.Editor.csproj" (target "GetTargetFrameworksWithPlatformForSingleTargetFramework" depends on it):
00:59:18.513     2>Set Property: _IsVSTestTestProject=false
00:59:18.513     2>Done building target "_CalculateIsVSTestTestProject" in project "Vecxy.Editor.csproj".: (TargetId:44)
00:59:18.513     2>Target "GetTargetFrameworksWithPlatformForSingleTargetFramework: (TargetId:45)" in file "/home/melkov/.dotnet/sdk/10.0.302/Microsoft.Common.CurrentVersion.targets" from project "/mnt/projects/mlkvs/vecxy.game/Engine/Vecxy/Code/Vecxy.Editor/Vecxy.Editor.csproj" (target "GetTargetFrameworks" depends on it):
                   Added Item(s): 
                       _AdditionalTargetFrameworkInfoPropertyWithValue=
                           SelfContained
                                   Value=
                   Added Item(s): 
                       _AdditionalTargetFrameworkInfoPropertyWithValue=
                           _IsExecutable
                                   Value=
                   Added Item(s): 
                       _AdditionalTargetFrameworkInfoPropertyWithValue=
                           IsRidAgnostic
                                   Value=true
                   Added Item(s): 
                       _AdditionalTargetFrameworkInfoPropertyWithValue=
                           ShouldBeValidatedAsExecutableReference
                                   Value=
                   Added Item(s): 
                       _AdditionalTargetFrameworkInfoPropertyWithValue=
                           _SelfContainedWasSpecified
                                   Value=
                   Using "CombineTargetFrameworkInfoProperties" task from assembly "Microsoft.Build.Tasks.Core, Version=15.1.0.0, Culture=neutral, PublicKeyToken=b03f5f7f11d50a3a".
                   Task "CombineTargetFrameworkInfoProperties" (TaskId:22)
                     Task Parameter:UseAttributeForTargetFrameworkInfoPropertyNames=True (TaskId:22)
                     Task Parameter:RootElementName=net10.0 (TaskId:22)
                     Task Parameter:
                         PropertiesAndValues=
                             SelfContained
                                     Value=
                             _IsExecutable
                                     Value=
                             IsRidAgnostic
                                     Value=true
                             ShouldBeValidatedAsExecutableReference
                                     Value=
                             _SelfContainedWasSpecified
                                     Value= (TaskId:22)
                     Output Property: _AdditionalTargetFrameworkInfoProperties=<TargetFramework Name="net10.0">
                       <SelfContained></SelfContained>
                       <_IsExecutable></_IsExecutable>
                       <IsRidAgnostic>true</IsRidAgnostic>
                       <ShouldBeValidatedAsExecutableReference></ShouldBeValidatedAsExecutableReference>
                       <_SelfContainedWasSpecified></_SelfContainedWasSpecified>
                     </TargetFramework> (TaskId:22)
                   Done executing task "CombineTargetFrameworkInfoProperties". (TaskId:22)
00:59:18.535     2>Done building target "GetTargetFrameworksWithPlatformForSingleTargetFramework" in project "Vecxy.Editor.csproj" -- FAILED.: (TargetId:45)
00:59:18.535     2>Done Building Project "/mnt/projects/mlkvs/vecxy.game/Engine/Vecxy/Code/Vecxy.Editor/Vecxy.Editor.csproj" (GetTargetFrameworks target(s)) -- FAILED.
00:59:18.587     1>Done executing task "MSBuild" -- FAILED. (TaskId:21)
00:59:18.620     1>Done building target "_GetProjectReferenceTargetFrameworkProperties" in project "Game.csproj" -- FAILED.: (TargetId:43)
00:59:18.623     1>Done Building Project "/mnt/projects/mlkvs/vecxy.game/Game/Game.csproj" (Build target(s)) -- FAILED.

Build FAILED.
    0 Warning(s)
    0 Error(s)

Time Elapsed 00:00:00.99
